{
  "type": "FeatureCollection",
  "features": [
    {
      "type": "Feature",
      "geometry": {
        "type": "Point",
        "coordinates": [
          -57.2888,
          -12.2136
        ]
      },
      "properties": {
        "municipio": "NOVA MARINGÁ",
        "estado": "MATO GROSSO",
        "bioma": "Amazônia",
        "periodo": "junho de 2026",
        "sinal_publico": "foco de calor observado",
        "evidence_class": "sinal forte"
      }
    },
    {
      "type": "Feature",
      "geometry": {
        "type": "Point",
        "coordinates": [
          -57.2888,
          -12.2136
        ]
      },
      "properties": {
        "municipio": "NOVA MARINGÁ",
        "estado": "MATO GROSSO",
        "bioma": "Amazônia",
        "periodo": "junho de 2026",
        "sinal_publico": "foco de calor observado",
        "evidence_class": "sinal forte"
      }
    },
    {
      "type": "Feature",
      "geometry": {
        "type": "Point",
        "coordinates": [
          -57.2672,
          -12.2327
        ]
      },
      "properties": {
        "municipio": "NOVA MARINGÁ",
        "estado": "MATO GROSSO",
        "bioma": "Amazônia",
        "periodo": "junho de 2026",
        "sinal_publico": "foco de calor observado",
        "evidence_class": "sinal forte"
      }
    },
    {
      "type": "Feature",
      "geometry": {
        "type": "Point",
        "coordinates": [
          -52.8076,
          -11.5496
        ]
      },
      "properties": {
        "municipio": "SÃO FÉLIX DO ARAGUAIA",
        "estado": "MATO GROSSO",
        "bioma": "Amazônia",
        "periodo": "junho de 2026",
        "sinal_publico": "foco de calor observado",
        "evidence_class": "sinal forte"
      }
    },
    {
      "type": "Feature",
      "geometry": {
        "type": "Point",
        "coordinates": [
          -52.7867,
          -11.5499
        ]
      },
      "properties": {
        "municipio": "SÃO FÉLIX DO ARAGUAIA",
        "estado": "MATO GROSSO",
        "bioma": "Amazônia",
        "periodo": "junho de 2026",
        "sinal_publico": "foco de calor observado",
        "evidence_class": "sinal forte"
      }
    },
    {
      "type": "Feature",
      "geometry": {
        "type": "Point",
        "coordinates": [
          -58.4627,
          -12.4466
        ]
      },
      "properties": {
        "municipio": "SAPEZAL",
        "estado": "MATO GROSSO",
        "bioma": "Cerrado",
        "periodo": "junho de 2026",
        "sinal_publico": "foco de calor observado",
        "evidence_class": "sinal forte"
      }
    },
    {
      "type": "Feature",
      "geometry": {
        "type": "Point",
        "coordinates": [
          -52.7867,
          -11.5499
        ]
      },
      "properties": {
        "municipio": "SÃO FÉLIX DO ARAGUAIA",
        "estado": "MATO GROSSO",
        "bioma": "Amazônia",
        "periodo": "junho de 2026",
        "sinal_publico": "foco de calor observado",
        "evidence_class": "sinal forte"
      }
    },
    {
      "type": "Feature",
      "geometry": {
        "type": "Point",
        "coordinates": [
          -57.2888,
          -12.2136
        ]
      },
      "properties": {
        "municipio": "NOVA MARINGÁ",
        "estado": "MATO GROSSO",
        "bioma": "Amazônia",
        "periodo": "junho de 2026",
        "sinal_publico": "foco de calor observado",
        "evidence_class": "sinal forte"
      }
    },
    {
      "type": "Feature",
      "geometry": {
        "type": "Point",
        "coordinates": [
          -58.484,
          -12.4274
        ]
      },
      "properties": {
        "municipio": "SAPEZAL",
        "estado": "MATO GROSSO",
        "bioma": "Cerrado",
        "periodo": "junho de 2026",
        "sinal_publico": "foco de calor observado",
        "evidence_class": "sinal forte"
      }
    },
    {
      "type": "Feature",
      "geometry": {
        "type": "Point",
        "coordinates": [
          -58.484,
          -12.4274
        ]
      },
      "properties": {
        "municipio": "SAPEZAL",
        "estado": "MATO GROSSO",
        "bioma": "Cerrado",
        "periodo": "junho de 2026",
        "sinal_publico": "foco de calor observado",
        "evidence_class": "sinal forte"
      }
    },
    {
      "type": "Feature",
      "geometry": {
        "type": "Point",
        "coordinates": [
          -57.2888,
          -12.2136
        ]
      },
      "properties": {
        "municipio": "NOVA MARINGÁ",
        "estado": "MATO GROSSO",
        "bioma": "Amazônia",
        "periodo": "junho de 2026",
        "sinal_publico": "foco de calor observado",
        "evidence_class": "sinal forte"
      }
    },
    {
      "type": "Feature",
      "geometry": {
        "type": "Point",
        "coordinates": [
          -58.484,
          -12.4274
        ]
      },
      "properties": {
        "municipio": "SAPEZAL",
        "estado": "MATO GROSSO",
        "bioma": "Cerrado",
        "periodo": "junho de 2026",
        "sinal_publico": "foco de calor observado",
        "evidence_class": "sinal forte"
      }
    },
    {
      "type": "Feature",
      "geometry": {
        "type": "Point",
        "coordinates": [
          -57.2672,
          -12.2327
        ]
      },
      "properties": {
        "municipio": "NOVA MARINGÁ",
        "estado": "MATO GROSSO",
        "bioma": "Amazônia",
        "periodo": "junho de 2026",
        "sinal_publico": "foco de calor observado",
        "evidence_class": "sinal forte"
      }
    },
    {
      "type": "Feature",
      "geometry": {
        "type": "Point",
        "coordinates": [
          -57.2888,
          -12.2136
        ]
      },
      "properties": {
        "municipio": "NOVA MARINGÁ",
        "estado": "MATO GROSSO",
        "bioma": "Amazônia",
        "periodo": "junho de 2026",
        "sinal_publico": "foco de calor observado",
        "evidence_class": "sinal forte"
      }
    },
    {
      "type": "Feature",
      "geometry": {
        "type": "Point",
        "coordinates": [
          -57.2888,
          -12.2136
        ]
      },
      "properties": {
        "municipio": "NOVA MARINGÁ",
        "estado": "MATO GROSSO",
        "bioma": "Amazônia",
        "periodo": "junho de 2026",
        "sinal_publico": "foco de calor observado",
        "evidence_class": "sinal forte"
      }
    },
    {
      "type": "Feature",
      "geometry": {
        "type": "Point",
        "coordinates": [
          -52.7867,
          -11.5499
        ]
      },
      "properties": {
        "municipio": "SÃO FÉLIX DO ARAGUAIA",
        "estado": "MATO GROSSO",
        "bioma": "Amazônia",
        "periodo": "junho de 2026",
        "sinal_publico": "foco de calor observado",
        "evidence_class": "sinal forte"
      }
    },
    {
      "type": "Feature",
      "geometry": {
        "type": "Point",
        "coordinates": [
          -57.2672,
          -12.2327
        ]
      },
      "properties": {
        "municipio": "NOVA MARINGÁ",
        "estado": "MATO GROSSO",
        "bioma": "Amazônia",
        "periodo": "junho de 2026",
        "sinal_publico": "foco de calor observado",
        "evidence_class": "sinal forte"
      }
    },
    {
      "type": "Feature",
      "geometry": {
        "type": "Point",
        "coordinates": [
          -57.28559,
          -12.22282
        ]
      },
      "properties": {
        "municipio": "NOVA MARINGÁ",
        "estado": "MATO GROSSO",
        "bioma": "Amazônia",
        "periodo": "junho de 2026",
        "sinal_publico": "foco de calor observado",
        "evidence_class": "sinal forte"
      }
    },
    {
      "type": "Feature",
      "geometry": {
        "type": "Point",
        "coordinates": [
          -57.2672,
          -12.2327
        ]
      },
      "properties": {
        "municipio": "NOVA MARINGÁ",
        "estado": "MATO GROSSO",
        "bioma": "Amazônia",
        "periodo": "junho de 2026",
        "sinal_publico": "foco de calor observado",
        "evidence_class": "sinal forte"
      }
    },
    {
      "type": "Feature",
      "geometry": {
        "type": "Point",
        "coordinates": [
          -52.7867,
          -11.5499
        ]
      },
      "properties": {
        "municipio": "SÃO FÉLIX DO ARAGUAIA",
        "estado": "MATO GROSSO",
        "bioma": "Amazônia",
        "periodo": "junho de 2026",
        "sinal_publico": "foco de calor observado",
        "evidence_class": "sinal forte"
      }
    },
    {
      "type": "Feature",
      "geometry": {
        "type": "Point",
        "coordinates": [
          -52.8076,
          -11.5496
        ]
      },
      "properties": {
        "municipio": "SÃO FÉLIX DO ARAGUAIA",
        "estado": "MATO GROSSO",
        "bioma": "Amazônia",
        "periodo": "junho de 2026",
        "sinal_publico": "foco de calor observado",
        "evidence_class": "sinal forte"
      }
    },
    {
      "type": "Feature",
      "geometry": {
        "type": "Point",
        "coordinates": [
          -57.2872,
          -12.2325
        ]
      },
      "properties": {
        "municipio": "NOVA MARINGÁ",
        "estado": "MATO GROSSO",
        "bioma": "Amazônia",
        "periodo": "junho de 2026",
        "sinal_publico": "foco de calor observado",
        "evidence_class": "sinal forte"
      }
    },
    {
      "type": "Feature",
      "geometry": {
        "type": "Point",
        "coordinates": [
          -52.8076,
          -11.5496
        ]
      },
      "properties": {
        "municipio": "SÃO FÉLIX DO ARAGUAIA",
        "estado": "MATO GROSSO",
        "bioma": "Amazônia",
        "periodo": "junho de 2026",
        "sinal_publico": "foco de calor observado",
        "evidence_class": "sinal forte"
      }
    },
    {
      "type": "Feature",
      "geometry": {
        "type": "Point",
        "coordinates": [
          -52.7867,
          -11.5499
        ]
      },
      "properties": {
        "municipio": "SÃO FÉLIX DO ARAGUAIA",
        "estado": "MATO GROSSO",
        "bioma": "Amazônia",
        "periodo": "junho de 2026",
        "sinal_publico": "foco de calor observado",
        "evidence_class": "sinal forte"
      }
    },
    {
      "type": "Feature",
      "geometry": {
        "type": "Point",
        "coordinates": [
          -57.2672,
          -12.2327
        ]
      },
      "properties": {
        "municipio": "NOVA MARINGÁ",
        "estado": "MATO GROSSO",
        "bioma": "Amazônia",
        "periodo": "junho de 2026",
        "sinal_publico": "foco de calor observado",
        "evidence_class": "sinal forte"
      }
    },
    {
      "type": "Feature",
      "geometry": {
        "type": "Point",
        "coordinates": [
          -58.4825,
          -12.4464
        ]
      },
      "properties": {
        "municipio": "SAPEZAL",
        "estado": "MATO GROSSO",
        "bioma": "Cerrado",
        "periodo": "junho de 2026",
        "sinal_publico": "foco de calor observado",
        "evidence_class": "sinal forte"
      }
    },
    {
      "type": "Feature",
      "geometry": {
        "type": "Point",
        "coordinates": [
          -58.48569,
          -12.43548
        ]
      },
      "properties": {
        "municipio": "SAPEZAL",
        "estado": "MATO GROSSO",
        "bioma": "Cerrado",
        "periodo": "junho de 2026",
        "sinal_publico": "foco de calor observado",
        "evidence_class": "sinal forte"
      }
    },
    {
      "type": "Feature",
      "geometry": {
        "type": "Point",
        "coordinates": [
          -52.7867,
          -11.5499
        ]
      },
      "properties": {
        "municipio": "SÃO FÉLIX DO ARAGUAIA",
        "estado": "MATO GROSSO",
        "bioma": "Amazônia",
        "periodo": "junho de 2026",
        "sinal_publico": "foco de calor observado",
        "evidence_class": "sinal forte"
      }
    },
    {
      "type": "Feature",
      "geometry": {
        "type": "Point",
        "coordinates": [
          -57.2672,
          -12.2327
        ]
      },
      "properties": {
        "municipio": "NOVA MARINGÁ",
        "estado": "MATO GROSSO",
        "bioma": "Amazônia",
        "periodo": "junho de 2026",
        "sinal_publico": "foco de calor observado",
        "evidence_class": "sinal forte"
      }
    },
    {
      "type": "Feature",
      "geometry": {
        "type": "Point",
        "coordinates": [
          -52.8057,
          -11.5686
        ]
      },
      "properties": {
        "municipio": "SÃO FÉLIX DO ARAGUAIA",
        "estado": "MATO GROSSO",
        "bioma": "Amazônia",
        "periodo": "junho de 2026",
        "sinal_publico": "foco de calor observado",
        "evidence_class": "sinal forte"
      }
    },
    {
      "type": "Feature",
      "geometry": {
        "type": "Point",
        "coordinates": [
          -57.2688,
          -12.2138
        ]
      },
      "properties": {
        "municipio": "NOVA MARINGÁ",
        "estado": "MATO GROSSO",
        "bioma": "Amazônia",
        "periodo": "junho de 2026",
        "sinal_publico": "foco de calor observado",
        "evidence_class": "sinal forte"
      }
    },
    {
      "type": "Feature",
      "geometry": {
        "type": "Point",
        "coordinates": [
          -52.8076,
          -11.5496
        ]
      },
      "properties": {
        "municipio": "SÃO FÉLIX DO ARAGUAIA",
        "estado": "MATO GROSSO",
        "bioma": "Amazônia",
        "periodo": "junho de 2026",
        "sinal_publico": "foco de calor observado",
        "evidence_class": "sinal forte"
      }
    },
    {
      "type": "Feature",
      "geometry": {
        "type": "Point",
        "coordinates": [
          -52.8076,
          -11.5496
        ]
      },
      "properties": {
        "municipio": "SÃO FÉLIX DO ARAGUAIA",
        "estado": "MATO GROSSO",
        "bioma": "Amazônia",
        "periodo": "junho de 2026",
        "sinal_publico": "foco de calor observado",
        "evidence_class": "sinal forte"
      }
    },
    {
      "type": "Feature",
      "geometry": {
        "type": "Point",
        "coordinates": [
          -52.8057,
          -11.5686
        ]
      },
      "properties": {
        "municipio": "SÃO FÉLIX DO ARAGUAIA",
        "estado": "MATO GROSSO",
        "bioma": "Amazônia",
        "periodo": "junho de 2026",
        "sinal_publico": "foco de calor observado",
        "evidence_class": "sinal forte"
      }
    },
    {
      "type": "Feature",
      "geometry": {
        "type": "Point",
        "coordinates": [
          -57.2672,
          -12.2327
        ]
      },
      "properties": {
        "municipio": "NOVA MARINGÁ",
        "estado": "MATO GROSSO",
        "bioma": "Amazônia",
        "periodo": "junho de 2026",
        "sinal_publico": "foco de calor observado",
        "evidence_class": "sinal forte"
      }
    },
    {
      "type": "Feature",
      "geometry": {
        "type": "Point",
        "coordinates": [
          -57.2688,
          -12.2138
        ]
      },
      "properties": {
        "municipio": "NOVA MARINGÁ",
        "estado": "MATO GROSSO",
        "bioma": "Amazônia",
        "periodo": "junho de 2026",
        "sinal_publico": "foco de calor observado",
        "evidence_class": "sinal forte"
      }
    },
    {
      "type": "Feature",
      "geometry": {
        "type": "Point",
        "coordinates": [
          -57.2688,
          -12.2138
        ]
      },
      "properties": {
        "municipio": "NOVA MARINGÁ",
        "estado": "MATO GROSSO",
        "bioma": "Amazônia",
        "periodo": "junho de 2026",
        "sinal_publico": "foco de calor observado",
        "evidence_class": "sinal forte"
      }
    },
    {
      "type": "Feature",
      "geometry": {
        "type": "Point",
        "coordinates": [
          -52.8076,
          -11.5496
        ]
      },
      "properties": {
        "municipio": "SÃO FÉLIX DO ARAGUAIA",
        "estado": "MATO GROSSO",
        "bioma": "Amazônia",
        "periodo": "junho de 2026",
        "sinal_publico": "foco de calor observado",
        "evidence_class": "sinal forte"
      }
    },
    {
      "type": "Feature",
      "geometry": {
        "type": "Point",
        "coordinates": [
          -52.8076,
          -11.5496
        ]
      },
      "properties": {
        "municipio": "SÃO FÉLIX DO ARAGUAIA",
        "estado": "MATO GROSSO",
        "bioma": "Amazônia",
        "periodo": "junho de 2026",
        "sinal_publico": "foco de calor observado",
        "evidence_class": "sinal forte"
      }
    },
    {
      "type": "Feature",
      "geometry": {
        "type": "Point",
        "coordinates": [
          -57.2872,
          -12.2325
        ]
      },
      "properties": {
        "municipio": "NOVA MARINGÁ",
        "estado": "MATO GROSSO",
        "bioma": "Amazônia",
        "periodo": "junho de 2026",
        "sinal_publico": "foco de calor observado",
        "evidence_class": "sinal forte"
      }
    },
    {
      "type": "Feature",
      "geometry": {
        "type": "Point",
        "coordinates": [
          -58.484,
          -12.4274
        ]
      },
      "properties": {
        "municipio": "SAPEZAL",
        "estado": "MATO GROSSO",
        "bioma": "Cerrado",
        "periodo": "junho de 2026",
        "sinal_publico": "foco de calor observado",
        "evidence_class": "sinal forte"
      }
    },
    {
      "type": "Feature",
      "geometry": {
        "type": "Point",
        "coordinates": [
          -58.4627,
          -12.4466
        ]
      },
      "properties": {
        "municipio": "SAPEZAL",
        "estado": "MATO GROSSO",
        "bioma": "Cerrado",
        "periodo": "junho de 2026",
        "sinal_publico": "foco de calor observado",
        "evidence_class": "sinal forte"
      }
    },
    {
      "type": "Feature",
      "geometry": {
        "type": "Point",
        "coordinates": [
          -52.7848,
          -11.5688
        ]
      },
      "properties": {
        "municipio": "SÃO FÉLIX DO ARAGUAIA",
        "estado": "MATO GROSSO",
        "bioma": "Amazônia",
        "periodo": "junho de 2026",
        "sinal_publico": "foco de calor observado",
        "evidence_class": "sinal forte"
      }
    },
    {
      "type": "Feature",
      "geometry": {
        "type": "Point",
        "coordinates": [
          -57.2888,
          -12.2136
        ]
      },
      "properties": {
        "municipio": "NOVA MARINGÁ",
        "estado": "MATO GROSSO",
        "bioma": "Amazônia",
        "periodo": "junho de 2026",
        "sinal_publico": "foco de calor observado",
        "evidence_class": "sinal forte"
      }
    },
    {
      "type": "Feature",
      "geometry": {
        "type": "Point",
        "coordinates": [
          -58.484,
          -12.4274
        ]
      },
      "properties": {
        "municipio": "SAPEZAL",
        "estado": "MATO GROSSO",
        "bioma": "Cerrado",
        "periodo": "junho de 2026",
        "sinal_publico": "foco de calor observado",
        "evidence_class": "sinal forte"
      }
    },
    {
      "type": "Feature",
      "geometry": {
        "type": "Point",
        "coordinates": [
          -52.7867,
          -11.5499
        ]
      },
      "properties": {
        "municipio": "SÃO FÉLIX DO ARAGUAIA",
        "estado": "MATO GROSSO",
        "bioma": "Amazônia",
        "periodo": "junho de 2026",
        "sinal_publico": "foco de calor observado",
        "evidence_class": "sinal forte"
      }
    },
    {
      "type": "Feature",
      "geometry": {
        "type": "Point",
        "coordinates": [
          -58.4627,
          -12.4466
        ]
      },
      "properties": {
        "municipio": "SAPEZAL",
        "estado": "MATO GROSSO",
        "bioma": "Cerrado",
        "periodo": "junho de 2026",
        "sinal_publico": "foco de calor observado",
        "evidence_class": "sinal forte"
      }
    },
    {
      "type": "Feature",
      "geometry": {
        "type": "Point",
        "coordinates": [
          -58.4825,
          -12.4464
        ]
      },
      "properties": {
        "municipio": "SAPEZAL",
        "estado": "MATO GROSSO",
        "bioma": "Cerrado",
        "periodo": "junho de 2026",
        "sinal_publico": "foco de calor observado",
        "evidence_class": "sinal forte"
      }
    },
    {
      "type": "Feature",
      "geometry": {
        "type": "Point",
        "coordinates": [
          -52.8076,
          -11.5496
        ]
      },
      "properties": {
        "municipio": "SÃO FÉLIX DO ARAGUAIA",
        "estado": "MATO GROSSO",
        "bioma": "Amazônia",
        "periodo": "junho de 2026",
        "sinal_publico": "foco de calor observado",
        "evidence_class": "sinal forte"
      }
    },
    {
      "type": "Feature",
      "geometry": {
        "type": "Point",
        "coordinates": [
          -57.2888,
          -12.2136
        ]
      },
      "properties": {
        "municipio": "NOVA MARINGÁ",
        "estado": "MATO GROSSO",
        "bioma": "Amazônia",
        "periodo": "junho de 2026",
        "sinal_publico": "foco de calor observado",
        "evidence_class": "sinal forte"
      }
    },
    {
      "type": "Feature",
      "geometry": {
        "type": "Point",
        "coordinates": [
          -52.8057,
          -11.5686
        ]
      },
      "properties": {
        "municipio": "SÃO FÉLIX DO ARAGUAIA",
        "estado": "MATO GROSSO",
        "bioma": "Amazônia",
        "periodo": "junho de 2026",
        "sinal_publico": "foco de calor observado",
        "evidence_class": "sinal forte"
      }
    },
    {
      "type": "Feature",
      "geometry": {
        "type": "Point",
        "coordinates": [
          -57.2688,
          -12.2138
        ]
      },
      "properties": {
        "municipio": "NOVA MARINGÁ",
        "estado": "MATO GROSSO",
        "bioma": "Amazônia",
        "periodo": "junho de 2026",
        "sinal_publico": "foco de calor observado",
        "evidence_class": "sinal forte"
      }
    },
    {
      "type": "Feature",
      "geometry": {
        "type": "Point",
        "coordinates": [
          -57.2688,
          -12.2138
        ]
      },
      "properties": {
        "municipio": "NOVA MARINGÁ",
        "estado": "MATO GROSSO",
        "bioma": "Amazônia",
        "periodo": "junho de 2026",
        "sinal_publico": "foco de calor observado",
        "evidence_class": "sinal forte"
      }
    },
    {
      "type": "Feature",
      "geometry": {
        "type": "Point",
        "coordinates": [
          -57.2672,
          -12.2327
        ]
      },
      "properties": {
        "municipio": "NOVA MARINGÁ",
        "estado": "MATO GROSSO",
        "bioma": "Amazônia",
        "periodo": "junho de 2026",
        "sinal_publico": "foco de calor observado",
        "evidence_class": "sinal forte"
      }
    },
    {
      "type": "Feature",
      "geometry": {
        "type": "Point",
        "coordinates": [
          -57.2688,
          -12.2138
        ]
      },
      "properties": {
        "municipio": "NOVA MARINGÁ",
        "estado": "MATO GROSSO",
        "bioma": "Amazônia",
        "periodo": "junho de 2026",
        "sinal_publico": "foco de calor observado",
        "evidence_class": "sinal forte"
      }
    },
    {
      "type": "Feature",
      "geometry": {
        "type": "Point",
        "coordinates": [
          -52.7848,
          -11.5688
        ]
      },
      "properties": {
        "municipio": "SÃO FÉLIX DO ARAGUAIA",
        "estado": "MATO GROSSO",
        "bioma": "Amazônia",
        "periodo": "junho de 2026",
        "sinal_publico": "foco de calor observado",
        "evidence_class": "sinal forte"
      }
    },
    {
      "type": "Feature",
      "geometry": {
        "type": "Point",
        "coordinates": [
          -57.2688,
          -12.2138
        ]
      },
      "properties": {
        "municipio": "NOVA MARINGÁ",
        "estado": "MATO GROSSO",
        "bioma": "Amazônia",
        "periodo": "junho de 2026",
        "sinal_publico": "foco de calor observado",
        "evidence_class": "sinal forte"
      }
    },
    {
      "type": "Feature",
      "geometry": {
        "type": "Point",
        "coordinates": [
          -57.2872,
          -12.2325
        ]
      },
      "properties": {
        "municipio": "NOVA MARINGÁ",
        "estado": "MATO GROSSO",
        "bioma": "Amazônia",
        "periodo": "junho de 2026",
        "sinal_publico": "foco de calor observado",
        "evidence_class": "sinal forte"
      }
    },
    {
      "type": "Feature",
      "geometry": {
        "type": "Point",
        "coordinates": [
          -58.4825,
          -12.4464
        ]
      },
      "properties": {
        "municipio": "SAPEZAL",
        "estado": "MATO GROSSO",
        "bioma": "Cerrado",
        "periodo": "junho de 2026",
        "sinal_publico": "foco de calor observado",
        "evidence_class": "sinal forte"
      }
    },
    {
      "type": "Feature",
      "geometry": {
        "type": "Point",
        "coordinates": [
          -58.4825,
          -12.4464
        ]
      },
      "properties": {
        "municipio": "SAPEZAL",
        "estado": "MATO GROSSO",
        "bioma": "Cerrado",
        "periodo": "junho de 2026",
        "sinal_publico": "foco de calor observado",
        "evidence_class": "sinal forte"
      }
    },
    {
      "type": "Feature",
      "geometry": {
        "type": "Point",
        "coordinates": [
          -58.484,
          -12.4274
        ]
      },
      "properties": {
        "municipio": "SAPEZAL",
        "estado": "MATO GROSSO",
        "bioma": "Cerrado",
        "periodo": "junho de 2026",
        "sinal_publico": "foco de calor observado",
        "evidence_class": "sinal forte"
      }
    },
    {
      "type": "Feature",
      "geometry": {
        "type": "Point",
        "coordinates": [
          -58.4627,
          -12.4466
        ]
      },
      "properties": {
        "municipio": "SAPEZAL",
        "estado": "MATO GROSSO",
        "bioma": "Cerrado",
        "periodo": "junho de 2026",
        "sinal_publico": "foco de calor observado",
        "evidence_class": "sinal forte"
      }
    },
    {
      "type": "Feature",
      "geometry": {
        "type": "Point",
        "coordinates": [
          -57.2888,
          -12.2136
        ]
      },
      "properties": {
        "municipio": "NOVA MARINGÁ",
        "estado": "MATO GROSSO",
        "bioma": "Amazônia",
        "periodo": "junho de 2026",
        "sinal_publico": "foco de calor observado",
        "evidence_class": "sinal forte"
      }
    },
    {
      "type": "Feature",
      "geometry": {
        "type": "Point",
        "coordinates": [
          -57.2672,
          -12.2327
        ]
      },
      "properties": {
        "municipio": "NOVA MARINGÁ",
        "estado": "MATO GROSSO",
        "bioma": "Amazônia",
        "periodo": "junho de 2026",
        "sinal_publico": "foco de calor observado",
        "evidence_class": "sinal forte"
      }
    },
    {
      "type": "Feature",
      "geometry": {
        "type": "Point",
        "coordinates": [
          -57.2688,
          -12.2138
        ]
      },
      "properties": {
        "municipio": "NOVA MARINGÁ",
        "estado": "MATO GROSSO",
        "bioma": "Amazônia",
        "periodo": "junho de 2026",
        "sinal_publico": "foco de calor observado",
        "evidence_class": "sinal forte"
      }
    },
    {
      "type": "Feature",
      "geometry": {
        "type": "Point",
        "coordinates": [
          -57.2872,
          -12.2325
        ]
      },
      "properties": {
        "municipio": "NOVA MARINGÁ",
        "estado": "MATO GROSSO",
        "bioma": "Amazônia",
        "periodo": "junho de 2026",
        "sinal_publico": "foco de calor observado",
        "evidence_class": "sinal forte"
      }
    },
    {
      "type": "Feature",
      "geometry": {
        "type": "Point",
        "coordinates": [
          -58.4825,
          -12.4464
        ]
      },
      "properties": {
        "municipio": "SAPEZAL",
        "estado": "MATO GROSSO",
        "bioma": "Cerrado",
        "periodo": "junho de 2026",
        "sinal_publico": "foco de calor observado",
        "evidence_class": "sinal forte"
      }
    },
    {
      "type": "Feature",
      "geometry": {
        "type": "Point",
        "coordinates": [
          -52.8076,
          -11.5496
        ]
      },
      "properties": {
        "municipio": "SÃO FÉLIX DO ARAGUAIA",
        "estado": "MATO GROSSO",
        "bioma": "Amazônia",
        "periodo": "junho de 2026",
        "sinal_publico": "foco de calor observado",
        "evidence_class": "sinal forte"
      }
    },
    {
      "type": "Feature",
      "geometry": {
        "type": "Point",
        "coordinates": [
          -58.4627,
          -12.4466
        ]
      },
      "properties": {
        "municipio": "SAPEZAL",
        "estado": "MATO GROSSO",
        "bioma": "Cerrado",
        "periodo": "junho de 2026",
        "sinal_publico": "foco de calor observado",
        "evidence_class": "sinal forte"
      }
    },
    {
      "type": "Feature",
      "geometry": {
        "type": "Point",
        "coordinates": [
          -58.4627,
          -12.4466
        ]
      },
      "properties": {
        "municipio": "SAPEZAL",
        "estado": "MATO GROSSO",
        "bioma": "Cerrado",
        "periodo": "junho de 2026",
        "sinal_publico": "foco de calor observado",
        "evidence_class": "sinal forte"
      }
    },
    {
      "type": "Feature",
      "geometry": {
        "type": "Point",
        "coordinates": [
          -58.4627,
          -12.4466
        ]
      },
      "properties": {
        "municipio": "SAPEZAL",
        "estado": "MATO GROSSO",
        "bioma": "Cerrado",
        "periodo": "junho de 2026",
        "sinal_publico": "foco de calor observado",
        "evidence_class": "sinal forte"
      }
    },
    {
      "type": "Feature",
      "geometry": {
        "type": "Point",
        "coordinates": [
          -52.8057,
          -11.5686
        ]
      },
      "properties": {
        "municipio": "SÃO FÉLIX DO ARAGUAIA",
        "estado": "MATO GROSSO",
        "bioma": "Amazônia",
        "periodo": "junho de 2026",
        "sinal_publico": "foco de calor observado",
        "evidence_class": "sinal forte"
      }
    },
    {
      "type": "Feature",
      "geometry": {
        "type": "Point",
        "coordinates": [
          -52.7848,
          -11.5688
        ]
      },
      "properties": {
        "municipio": "SÃO FÉLIX DO ARAGUAIA",
        "estado": "MATO GROSSO",
        "bioma": "Amazônia",
        "periodo": "junho de 2026",
        "sinal_publico": "foco de calor observado",
        "evidence_class": "sinal forte"
      }
    },
    {
      "type": "Feature",
      "geometry": {
        "type": "Point",
        "coordinates": [
          -58.4825,
          -12.4464
        ]
      },
      "properties": {
        "municipio": "SAPEZAL",
        "estado": "MATO GROSSO",
        "bioma": "Cerrado",
        "periodo": "junho de 2026",
        "sinal_publico": "foco de calor observado",
        "evidence_class": "sinal forte"
      }
    },
    {
      "type": "Feature",
      "geometry": {
        "type": "Point",
        "coordinates": [
          -57.2688,
          -12.2138
        ]
      },
      "properties": {
        "municipio": "NOVA MARINGÁ",
        "estado": "MATO GROSSO",
        "bioma": "Amazônia",
        "periodo": "junho de 2026",
        "sinal_publico": "foco de calor observado",
        "evidence_class": "sinal forte"
      }
    },
    {
      "type": "Feature",
      "geometry": {
        "type": "Point",
        "coordinates": [
          -58.4627,
          -12.4466
        ]
      },
      "properties": {
        "municipio": "SAPEZAL",
        "estado": "MATO GROSSO",
        "bioma": "Cerrado",
        "periodo": "junho de 2026",
        "sinal_publico": "foco de calor observado",
        "evidence_class": "sinal forte"
      }
    },
    {
      "type": "Feature",
      "geometry": {
        "type": "Point",
        "coordinates": [
          -57.2672,
          -12.2327
        ]
      },
      "properties": {
        "municipio": "NOVA MARINGÁ",
        "estado": "MATO GROSSO",
        "bioma": "Amazônia",
        "periodo": "junho de 2026",
        "sinal_publico": "foco de calor observado",
        "evidence_class": "sinal forte"
      }
    },
    {
      "type": "Feature",
      "geometry": {
        "type": "Point",
        "coordinates": [
          -52.8076,
          -11.5496
        ]
      },
      "properties": {
        "municipio": "SÃO FÉLIX DO ARAGUAIA",
        "estado": "MATO GROSSO",
        "bioma": "Amazônia",
        "periodo": "junho de 2026",
        "sinal_publico": "foco de calor observado",
        "evidence_class": "sinal forte"
      }
    },
    {
      "type": "Feature",
      "geometry": {
        "type": "Point",
        "coordinates": [
          -58.484,
          -12.4274
        ]
      },
      "properties": {
        "municipio": "SAPEZAL",
        "estado": "MATO GROSSO",
        "bioma": "Cerrado",
        "periodo": "junho de 2026",
        "sinal_publico": "foco de calor observado",
        "evidence_class": "sinal forte"
      }
    },
    {
      "type": "Feature",
      "geometry": {
        "type": "Point",
        "coordinates": [
          -57.2888,
          -12.2136
        ]
      },
      "properties": {
        "municipio": "NOVA MARINGÁ",
        "estado": "MATO GROSSO",
        "bioma": "Amazônia",
        "periodo": "junho de 2026",
        "sinal_publico": "foco de calor observado",
        "evidence_class": "sinal forte"
      }
    },
    {
      "type": "Feature",
      "geometry": {
        "type": "Point",
        "coordinates": [
          -52.8057,
          -11.5686
        ]
      },
      "properties": {
        "municipio": "SÃO FÉLIX DO ARAGUAIA",
        "estado": "MATO GROSSO",
        "bioma": "Amazônia",
        "periodo": "junho de 2026",
        "sinal_publico": "foco de calor observado",
        "evidence_class": "sinal forte"
      }
    },
    {
      "type": "Feature",
      "geometry": {
        "type": "Point",
        "coordinates": [
          -52.7848,
          -11.5688
        ]
      },
      "properties": {
        "municipio": "SÃO FÉLIX DO ARAGUAIA",
        "estado": "MATO GROSSO",
        "bioma": "Amazônia",
        "periodo": "junho de 2026",
        "sinal_publico": "foco de calor observado",
        "evidence_class": "sinal forte"
      }
    },
    {
      "type": "Feature",
      "geometry": {
        "type": "Point",
        "coordinates": [
          -57.2872,
          -12.2325
        ]
      },
      "properties": {
        "municipio": "NOVA MARINGÁ",
        "estado": "MATO GROSSO",
        "bioma": "Amazônia",
        "periodo": "junho de 2026",
        "sinal_publico": "foco de calor observado",
        "evidence_class": "sinal forte"
      }
    },
    {
      "type": "Feature",
      "geometry": {
        "type": "Point",
        "coordinates": [
          -52.7867,
          -11.5499
        ]
      },
      "properties": {
        "municipio": "SÃO FÉLIX DO ARAGUAIA",
        "estado": "MATO GROSSO",
        "bioma": "Amazônia",
        "periodo": "junho de 2026",
        "sinal_publico": "foco de calor observado",
        "evidence_class": "sinal forte"
      }
    },
    {
      "type": "Feature",
      "geometry": {
        "type": "Point",
        "coordinates": [
          -52.8076,
          -11.5496
        ]
      },
      "properties": {
        "municipio": "SÃO FÉLIX DO ARAGUAIA",
        "estado": "MATO GROSSO",
        "bioma": "Amazônia",
        "periodo": "junho de 2026",
        "sinal_publico": "foco de calor observado",
        "evidence_class": "sinal forte"
      }
    },
    {
      "type": "Feature",
      "geometry": {
        "type": "Point",
        "coordinates": [
          -52.8076,
          -11.5496
        ]
      },
      "properties": {
        "municipio": "SÃO FÉLIX DO ARAGUAIA",
        "estado": "MATO GROSSO",
        "bioma": "Amazônia",
        "periodo": "junho de 2026",
        "sinal_publico": "foco de calor observado",
        "evidence_class": "sinal forte"
      }
    },
    {
      "type": "Feature",
      "geometry": {
        "type": "Point",
        "coordinates": [
          -57.2872,
          -12.2325
        ]
      },
      "properties": {
        "municipio": "NOVA MARINGÁ",
        "estado": "MATO GROSSO",
        "bioma": "Amazônia",
        "periodo": "junho de 2026",
        "sinal_publico": "foco de calor observado",
        "evidence_class": "sinal forte"
      }
    },
    {
      "type": "Feature",
      "geometry": {
        "type": "Point",
        "coordinates": [
          -57.2672,
          -12.2327
        ]
      },
      "properties": {
        "municipio": "NOVA MARINGÁ",
        "estado": "MATO GROSSO",
        "bioma": "Amazônia",
        "periodo": "junho de 2026",
        "sinal_publico": "foco de calor observado",
        "evidence_class": "sinal forte"
      }
    },
    {
      "type": "Feature",
      "geometry": {
        "type": "Point",
        "coordinates": [
          -57.2688,
          -12.2138
        ]
      },
      "properties": {
        "municipio": "NOVA MARINGÁ",
        "estado": "MATO GROSSO",
        "bioma": "Amazônia",
        "periodo": "junho de 2026",
        "sinal_publico": "foco de calor observado",
        "evidence_class": "sinal forte"
      }
    },
    {
      "type": "Feature",
      "geometry": {
        "type": "Point",
        "coordinates": [
          -52.7867,
          -11.5499
        ]
      },
      "properties": {
        "municipio": "SÃO FÉLIX DO ARAGUAIA",
        "estado": "MATO GROSSO",
        "bioma": "Amazônia",
        "periodo": "junho de 2026",
        "sinal_publico": "foco de calor observado",
        "evidence_class": "sinal forte"
      }
    },
    {
      "type": "Feature",
      "geometry": {
        "type": "Point",
        "coordinates": [
          -58.4825,
          -12.4464
        ]
      },
      "properties": {
        "municipio": "SAPEZAL",
        "estado": "MATO GROSSO",
        "bioma": "Cerrado",
        "periodo": "junho de 2026",
        "sinal_publico": "foco de calor observado",
        "evidence_class": "sinal forte"
      }
    },
    {
      "type": "Feature",
      "geometry": {
        "type": "Point",
        "coordinates": [
          -57.2688,
          -12.2138
        ]
      },
      "properties": {
        "municipio": "NOVA MARINGÁ",
        "estado": "MATO GROSSO",
        "bioma": "Amazônia",
        "periodo": "junho de 2026",
        "sinal_publico": "foco de calor observado",
        "evidence_class": "sinal forte"
      }
    },
    {
      "type": "Feature",
      "geometry": {
        "type": "Point",
        "coordinates": [
          -57.2888,
          -12.2136
        ]
      },
      "properties": {
        "municipio": "NOVA MARINGÁ",
        "estado": "MATO GROSSO",
        "bioma": "Amazônia",
        "periodo": "junho de 2026",
        "sinal_publico": "foco de calor observado",
        "evidence_class": "sinal forte"
      }
    },
    {
      "type": "Feature",
      "geometry": {
        "type": "Point",
        "coordinates": [
          -52.8057,
          -11.5686
        ]
      },
      "properties": {
        "municipio": "SÃO FÉLIX DO ARAGUAIA",
        "estado": "MATO GROSSO",
        "bioma": "Amazônia",
        "periodo": "junho de 2026",
        "sinal_publico": "foco de calor observado",
        "evidence_class": "sinal forte"
      }
    },
    {
      "type": "Feature",
      "geometry": {
        "type": "Point",
        "coordinates": [
          -57.2872,
          -12.2325
        ]
      },
      "properties": {
        "municipio": "NOVA MARINGÁ",
        "estado": "MATO GROSSO",
        "bioma": "Amazônia",
        "periodo": "junho de 2026",
        "sinal_publico": "foco de calor observado",
        "evidence_class": "sinal forte"
      }
    },
    {
      "type": "Feature",
      "geometry": {
        "type": "Point",
        "coordinates": [
          -58.4627,
          -12.4466
        ]
      },
      "properties": {
        "municipio": "SAPEZAL",
        "estado": "MATO GROSSO",
        "bioma": "Cerrado",
        "periodo": "junho de 2026",
        "sinal_publico": "foco de calor observado",
        "evidence_class": "sinal forte"
      }
    },
    {
      "type": "Feature",
      "geometry": {
        "type": "Point",
        "coordinates": [
          -57.2872,
          -12.2325
        ]
      },
      "properties": {
        "municipio": "NOVA MARINGÁ",
        "estado": "MATO GROSSO",
        "bioma": "Amazônia",
        "periodo": "junho de 2026",
        "sinal_publico": "foco de calor observado",
        "evidence_class": "sinal forte"
      }
    },
    {
      "type": "Feature",
      "geometry": {
        "type": "Point",
        "coordinates": [
          -58.4627,
          -12.4466
        ]
      },
      "properties": {
        "municipio": "SAPEZAL",
        "estado": "MATO GROSSO",
        "bioma": "Cerrado",
        "periodo": "junho de 2026",
        "sinal_publico": "foco de calor observado",
        "evidence_class": "sinal forte"
      }
    },
    {
      "type": "Feature",
      "geometry": {
        "type": "Point",
        "coordinates": [
          -57.2872,
          -12.2325
        ]
      },
      "properties": {
        "municipio": "NOVA MARINGÁ",
        "estado": "MATO GROSSO",
        "bioma": "Amazônia",
        "periodo": "junho de 2026",
        "sinal_publico": "foco de calor observado",
        "evidence_class": "sinal forte"
      }
    },
    {
      "type": "Feature",
      "geometry": {
        "type": "Point",
        "coordinates": [
          -58.50374,
          -12.44528
        ]
      },
      "properties": {
        "municipio": "SAPEZAL",
        "estado": "MATO GROSSO",
        "bioma": "Cerrado",
        "periodo": "junho de 2026",
        "sinal_publico": "foco de calor observado",
        "evidence_class": "sinal forte"
      }
    },
    {
      "type": "Feature",
      "geometry": {
        "type": "Point",
        "coordinates": [
          -57.2872,
          -12.2325
        ]
      },
      "properties": {
        "municipio": "NOVA MARINGÁ",
        "estado": "MATO GROSSO",
        "bioma": "Amazônia",
        "periodo": "junho de 2026",
        "sinal_publico": "foco de calor observado",
        "evidence_class": "sinal forte"
      }
    },
    {
      "type": "Feature",
      "geometry": {
        "type": "Point",
        "coordinates": [
          -58.484,
          -12.4274
        ]
      },
      "properties": {
        "municipio": "SAPEZAL",
        "estado": "MATO GROSSO",
        "bioma": "Cerrado",
        "periodo": "junho de 2026",
        "sinal_publico": "foco de calor observado",
        "evidence_class": "sinal forte"
      }
    },
    {
      "type": "Feature",
      "geometry": {
        "type": "Point",
        "coordinates": [
          -57.2688,
          -12.2138
        ]
      },
      "properties": {
        "municipio": "NOVA MARINGÁ",
        "estado": "MATO GROSSO",
        "bioma": "Amazônia",
        "periodo": "junho de 2026",
        "sinal_publico": "foco de calor observado",
        "evidence_class": "sinal forte"
      }
    },
    {
      "type": "Feature",
      "geometry": {
        "type": "Point",
        "coordinates": [
          -58.4627,
          -12.4466
        ]
      },
      "properties": {
        "municipio": "SAPEZAL",
        "estado": "MATO GROSSO",
        "bioma": "Cerrado",
        "periodo": "junho de 2026",
        "sinal_publico": "foco de calor observado",
        "evidence_class": "sinal forte"
      }
    },
    {
      "type": "Feature",
      "geometry": {
        "type": "Point",
        "coordinates": [
          -58.4627,
          -12.4466
        ]
      },
      "properties": {
        "municipio": "SAPEZAL",
        "estado": "MATO GROSSO",
        "bioma": "Cerrado",
        "periodo": "junho de 2026",
        "sinal_publico": "foco de calor observado",
        "evidence_class": "sinal forte"
      }
    },
    {
      "type": "Feature",
      "geometry": {
        "type": "Point",
        "coordinates": [
          -57.2688,
          -12.2138
        ]
      },
      "properties": {
        "municipio": "NOVA MARINGÁ",
        "estado": "MATO GROSSO",
        "bioma": "Amazônia",
        "periodo": "junho de 2026",
        "sinal_publico": "foco de calor observado",
        "evidence_class": "sinal forte"
      }
    },
    {
      "type": "Feature",
      "geometry": {
        "type": "Point",
        "coordinates": [
          -52.8076,
          -11.5496
        ]
      },
      "properties": {
        "municipio": "SÃO FÉLIX DO ARAGUAIA",
        "estado": "MATO GROSSO",
        "bioma": "Amazônia",
        "periodo": "junho de 2026",
        "sinal_publico": "foco de calor observado",
        "evidence_class": "sinal forte"
      }
    },
    {
      "type": "Feature",
      "geometry": {
        "type": "Point",
        "coordinates": [
          -58.4627,
          -12.4466
        ]
      },
      "properties": {
        "municipio": "SAPEZAL",
        "estado": "MATO GROSSO",
        "bioma": "Cerrado",
        "periodo": "junho de 2026",
        "sinal_publico": "foco de calor observado",
        "evidence_class": "sinal forte"
      }
    },
    {
      "type": "Feature",
      "geometry": {
        "type": "Point",
        "coordinates": [
          -58.4627,
          -12.4466
        ]
      },
      "properties": {
        "municipio": "SAPEZAL",
        "estado": "MATO GROSSO",
        "bioma": "Cerrado",
        "periodo": "junho de 2026",
        "sinal_publico": "foco de calor observado",
        "evidence_class": "sinal forte"
      }
    },
    {
      "type": "Feature",
      "geometry": {
        "type": "Point",
        "coordinates": [
          -52.8076,
          -11.5496
        ]
      },
      "properties": {
        "municipio": "SÃO FÉLIX DO ARAGUAIA",
        "estado": "MATO GROSSO",
        "bioma": "Amazônia",
        "periodo": "junho de 2026",
        "sinal_publico": "foco de calor observado",
        "evidence_class": "sinal forte"
      }
    },
    {
      "type": "Feature",
      "geometry": {
        "type": "Point",
        "coordinates": [
          -52.7867,
          -11.5499
        ]
      },
      "properties": {
        "municipio": "SÃO FÉLIX DO ARAGUAIA",
        "estado": "MATO GROSSO",
        "bioma": "Amazônia",
        "periodo": "junho de 2026",
        "sinal_publico": "foco de calor observado",
        "evidence_class": "sinal forte"
      }
    },
    {
      "type": "Feature",
      "geometry": {
        "type": "Point",
        "coordinates": [
          -57.2672,
          -12.2327
        ]
      },
      "properties": {
        "municipio": "NOVA MARINGÁ",
        "estado": "MATO GROSSO",
        "bioma": "Amazônia",
        "periodo": "junho de 2026",
        "sinal_publico": "foco de calor observado",
        "evidence_class": "sinal forte"
      }
    },
    {
      "type": "Feature",
      "geometry": {
        "type": "Point",
        "coordinates": [
          -52.8076,
          -11.5496
        ]
      },
      "properties": {
        "municipio": "SÃO FÉLIX DO ARAGUAIA",
        "estado": "MATO GROSSO",
        "bioma": "Amazônia",
        "periodo": "junho de 2026",
        "sinal_publico": "foco de calor observado",
        "evidence_class": "sinal forte"
      }
    },
    {
      "type": "Feature",
      "geometry": {
        "type": "Point",
        "coordinates": [
          -58.4627,
          -12.4466
        ]
      },
      "properties": {
        "municipio": "SAPEZAL",
        "estado": "MATO GROSSO",
        "bioma": "Cerrado",
        "periodo": "junho de 2026",
        "sinal_publico": "foco de calor observado",
        "evidence_class": "sinal forte"
      }
    },
    {
      "type": "Feature",
      "geometry": {
        "type": "Point",
        "coordinates": [
          -58.4825,
          -12.4464
        ]
      },
      "properties": {
        "municipio": "SAPEZAL",
        "estado": "MATO GROSSO",
        "bioma": "Cerrado",
        "periodo": "junho de 2026",
        "sinal_publico": "foco de calor observado",
        "evidence_class": "sinal forte"
      }
    },
    {
      "type": "Feature",
      "geometry": {
        "type": "Point",
        "coordinates": [
          -58.484,
          -12.4274
        ]
      },
      "properties": {
        "municipio": "SAPEZAL",
        "estado": "MATO GROSSO",
        "bioma": "Cerrado",
        "periodo": "junho de 2026",
        "sinal_publico": "foco de calor observado",
        "evidence_class": "sinal forte"
      }
    },
    {
      "type": "Feature",
      "geometry": {
        "type": "Point",
        "coordinates": [
          -57.2888,
          -12.2136
        ]
      },
      "properties": {
        "municipio": "NOVA MARINGÁ",
        "estado": "MATO GROSSO",
        "bioma": "Amazônia",
        "periodo": "junho de 2026",
        "sinal_publico": "foco de calor observado",
        "evidence_class": "sinal forte"
      }
    },
    {
      "type": "Feature",
      "geometry": {
        "type": "Point",
        "coordinates": [
          -57.2888,
          -12.2136
        ]
      },
      "properties": {
        "municipio": "NOVA MARINGÁ",
        "estado": "MATO GROSSO",
        "bioma": "Amazônia",
        "periodo": "junho de 2026",
        "sinal_publico": "foco de calor observado",
        "evidence_class": "sinal forte"
      }
    },
    {
      "type": "Feature",
      "geometry": {
        "type": "Point",
        "coordinates": [
          -57.2672,
          -12.2327
        ]
      },
      "properties": {
        "municipio": "NOVA MARINGÁ",
        "estado": "MATO GROSSO",
        "bioma": "Amazônia",
        "periodo": "junho de 2026",
        "sinal_publico": "foco de calor observado",
        "evidence_class": "sinal forte"
      }
    },
    {
      "type": "Feature",
      "geometry": {
        "type": "Point",
        "coordinates": [
          -58.4627,
          -12.4466
        ]
      },
      "properties": {
        "municipio": "SAPEZAL",
        "estado": "MATO GROSSO",
        "bioma": "Cerrado",
        "periodo": "junho de 2026",
        "sinal_publico": "foco de calor observado",
        "evidence_class": "sinal forte"
      }
    },
    {
      "type": "Feature",
      "geometry": {
        "type": "Point",
        "coordinates": [
          -52.8076,
          -11.5496
        ]
      },
      "properties": {
        "municipio": "SÃO FÉLIX DO ARAGUAIA",
        "estado": "MATO GROSSO",
        "bioma": "Amazônia",
        "periodo": "junho de 2026",
        "sinal_publico": "foco de calor observado",
        "evidence_class": "sinal forte"
      }
    },
    {
      "type": "Feature",
      "geometry": {
        "type": "Point",
        "coordinates": [
          -52.7867,
          -11.5499
        ]
      },
      "properties": {
        "municipio": "SÃO FÉLIX DO ARAGUAIA",
        "estado": "MATO GROSSO",
        "bioma": "Amazônia",
        "periodo": "junho de 2026",
        "sinal_publico": "foco de calor observado",
        "evidence_class": "sinal forte"
      }
    },
    {
      "type": "Feature",
      "geometry": {
        "type": "Point",
        "coordinates": [
          -58.4825,
          -12.4464
        ]
      },
      "properties": {
        "municipio": "SAPEZAL",
        "estado": "MATO GROSSO",
        "bioma": "Cerrado",
        "periodo": "junho de 2026",
        "sinal_publico": "foco de calor observado",
        "evidence_class": "sinal forte"
      }
    },
    {
      "type": "Feature",
      "geometry": {
        "type": "Point",
        "coordinates": [
          -52.8076,
          -11.5496
        ]
      },
      "properties": {
        "municipio": "SÃO FÉLIX DO ARAGUAIA",
        "estado": "MATO GROSSO",
        "bioma": "Amazônia",
        "periodo": "junho de 2026",
        "sinal_publico": "foco de calor observado",
        "evidence_class": "sinal forte"
      }
    },
    {
      "type": "Feature",
      "geometry": {
        "type": "Point",
        "coordinates": [
          -58.484,
          -12.4274
        ]
      },
      "properties": {
        "municipio": "SAPEZAL",
        "estado": "MATO GROSSO",
        "bioma": "Cerrado",
        "periodo": "junho de 2026",
        "sinal_publico": "foco de calor observado",
        "evidence_class": "sinal forte"
      }
    },
    {
      "type": "Feature",
      "geometry": {
        "type": "Point",
        "coordinates": [
          -52.9771,
          -12.7065
        ]
      },
      "properties": {
        "municipio": "GAÚCHA DO NORTE",
        "estado": "MATO GROSSO",
        "bioma": "Amazônia",
        "periodo": "junho de 2026",
        "sinal_publico": "foco de calor observado",
        "evidence_class": "sinal forte"
      }
    },
    {
      "type": "Feature",
      "geometry": {
        "type": "Point",
        "coordinates": [
          -57.2672,
          -12.2327
        ]
      },
      "properties": {
        "municipio": "NOVA MARINGÁ",
        "estado": "MATO GROSSO",
        "bioma": "Amazônia",
        "periodo": "junho de 2026",
        "sinal_publico": "foco de calor observado",
        "evidence_class": "sinal forte"
      }
    },
    {
      "type": "Feature",
      "geometry": {
        "type": "Point",
        "coordinates": [
          -58.4627,
          -12.4466
        ]
      },
      "properties": {
        "municipio": "SAPEZAL",
        "estado": "MATO GROSSO",
        "bioma": "Cerrado",
        "periodo": "junho de 2026",
        "sinal_publico": "foco de calor observado",
        "evidence_class": "sinal forte"
      }
    },
    {
      "type": "Feature",
      "geometry": {
        "type": "Point",
        "coordinates": [
          -58.4627,
          -12.4466
        ]
      },
      "properties": {
        "municipio": "SAPEZAL",
        "estado": "MATO GROSSO",
        "bioma": "Cerrado",
        "periodo": "junho de 2026",
        "sinal_publico": "foco de calor observado",
        "evidence_class": "sinal forte"
      }
    },
    {
      "type": "Feature",
      "geometry": {
        "type": "Point",
        "coordinates": [
          -58.484,
          -12.4274
        ]
      },
      "properties": {
        "municipio": "SAPEZAL",
        "estado": "MATO GROSSO",
        "bioma": "Cerrado",
        "periodo": "junho de 2026",
        "sinal_publico": "foco de calor observado",
        "evidence_class": "sinal forte"
      }
    },
    {
      "type": "Feature",
      "geometry": {
        "type": "Point",
        "coordinates": [
          -57.2888,
          -12.2136
        ]
      },
      "properties": {
        "municipio": "NOVA MARINGÁ",
        "estado": "MATO GROSSO",
        "bioma": "Amazônia",
        "periodo": "junho de 2026",
        "sinal_publico": "foco de calor observado",
        "evidence_class": "sinal forte"
      }
    },
    {
      "type": "Feature",
      "geometry": {
        "type": "Point",
        "coordinates": [
          -52.7867,
          -11.5499
        ]
      },
      "properties": {
        "municipio": "SÃO FÉLIX DO ARAGUAIA",
        "estado": "MATO GROSSO",
        "bioma": "Amazônia",
        "periodo": "junho de 2026",
        "sinal_publico": "foco de calor observado",
        "evidence_class": "sinal forte"
      }
    },
    {
      "type": "Feature",
      "geometry": {
        "type": "Point",
        "coordinates": [
          -57.2888,
          -12.2136
        ]
      },
      "properties": {
        "municipio": "NOVA MARINGÁ",
        "estado": "MATO GROSSO",
        "bioma": "Amazônia",
        "periodo": "junho de 2026",
        "sinal_publico": "foco de calor observado",
        "evidence_class": "sinal forte"
      }
    },
    {
      "type": "Feature",
      "geometry": {
        "type": "Point",
        "coordinates": [
          -57.2872,
          -12.2325
        ]
      },
      "properties": {
        "municipio": "NOVA MARINGÁ",
        "estado": "MATO GROSSO",
        "bioma": "Amazônia",
        "periodo": "junho de 2026",
        "sinal_publico": "foco de calor observado",
        "evidence_class": "sinal forte"
      }
    },
    {
      "type": "Feature",
      "geometry": {
        "type": "Point",
        "coordinates": [
          -52.8076,
          -11.5496
        ]
      },
      "properties": {
        "municipio": "SÃO FÉLIX DO ARAGUAIA",
        "estado": "MATO GROSSO",
        "bioma": "Amazônia",
        "periodo": "junho de 2026",
        "sinal_publico": "foco de calor observado",
        "evidence_class": "sinal forte"
      }
    },
    {
      "type": "Feature",
      "geometry": {
        "type": "Point",
        "coordinates": [
          -52.8076,
          -11.5496
        ]
      },
      "properties": {
        "municipio": "SÃO FÉLIX DO ARAGUAIA",
        "estado": "MATO GROSSO",
        "bioma": "Amazônia",
        "periodo": "junho de 2026",
        "sinal_publico": "foco de calor observado",
        "evidence_class": "sinal forte"
      }
    },
    {
      "type": "Feature",
      "geometry": {
        "type": "Point",
        "coordinates": [
          -57.2672,
          -12.2327
        ]
      },
      "properties": {
        "municipio": "NOVA MARINGÁ",
        "estado": "MATO GROSSO",
        "bioma": "Amazônia",
        "periodo": "junho de 2026",
        "sinal_publico": "foco de calor observado",
        "evidence_class": "sinal forte"
      }
    },
    {
      "type": "Feature",
      "geometry": {
        "type": "Point",
        "coordinates": [
          -58.4627,
          -12.4466
        ]
      },
      "properties": {
        "municipio": "SAPEZAL",
        "estado": "MATO GROSSO",
        "bioma": "Cerrado",
        "periodo": "junho de 2026",
        "sinal_publico": "foco de calor observado",
        "evidence_class": "sinal forte"
      }
    },
    {
      "type": "Feature",
      "geometry": {
        "type": "Point",
        "coordinates": [
          -52.8057,
          -11.5686
        ]
      },
      "properties": {
        "municipio": "SÃO FÉLIX DO ARAGUAIA",
        "estado": "MATO GROSSO",
        "bioma": "Amazônia",
        "periodo": "junho de 2026",
        "sinal_publico": "foco de calor observado",
        "evidence_class": "sinal forte"
      }
    },
    {
      "type": "Feature",
      "geometry": {
        "type": "Point",
        "coordinates": [
          -52.7867,
          -11.5499
        ]
      },
      "properties": {
        "municipio": "SÃO FÉLIX DO ARAGUAIA",
        "estado": "MATO GROSSO",
        "bioma": "Amazônia",
        "periodo": "junho de 2026",
        "sinal_publico": "foco de calor observado",
        "evidence_class": "sinal forte"
      }
    },
    {
      "type": "Feature",
      "geometry": {
        "type": "Point",
        "coordinates": [
          -52.8057,
          -11.5686
        ]
      },
      "properties": {
        "municipio": "SÃO FÉLIX DO ARAGUAIA",
        "estado": "MATO GROSSO",
        "bioma": "Amazônia",
        "periodo": "junho de 2026",
        "sinal_publico": "foco de calor observado",
        "evidence_class": "sinal forte"
      }
    },
    {
      "type": "Feature",
      "geometry": {
        "type": "Point",
        "coordinates": [
          -57.29328,
          -12.2186
        ]
      },
      "properties": {
        "municipio": "NOVA MARINGÁ",
        "estado": "MATO GROSSO",
        "bioma": "Amazônia",
        "periodo": "junho de 2026",
        "sinal_publico": "foco de calor observado",
        "evidence_class": "sinal forte"
      }
    },
    {
      "type": "Feature",
      "geometry": {
        "type": "Point",
        "coordinates": [
          -58.4627,
          -12.4466
        ]
      },
      "properties": {
        "municipio": "SAPEZAL",
        "estado": "MATO GROSSO",
        "bioma": "Cerrado",
        "periodo": "junho de 2026",
        "sinal_publico": "foco de calor observado",
        "evidence_class": "sinal forte"
      }
    },
    {
      "type": "Feature",
      "geometry": {
        "type": "Point",
        "coordinates": [
          -52.8057,
          -11.5686
        ]
      },
      "properties": {
        "municipio": "SÃO FÉLIX DO ARAGUAIA",
        "estado": "MATO GROSSO",
        "bioma": "Amazônia",
        "periodo": "junho de 2026",
        "sinal_publico": "foco de calor observado",
        "evidence_class": "sinal forte"
      }
    },
    {
      "type": "Feature",
      "geometry": {
        "type": "Point",
        "coordinates": [
          -52.7867,
          -11.5499
        ]
      },
      "properties": {
        "municipio": "SÃO FÉLIX DO ARAGUAIA",
        "estado": "MATO GROSSO",
        "bioma": "Amazônia",
        "periodo": "junho de 2026",
        "sinal_publico": "foco de calor observado",
        "evidence_class": "sinal forte"
      }
    },
    {
      "type": "Feature",
      "geometry": {
        "type": "Point",
        "coordinates": [
          -52.7867,
          -11.5499
        ]
      },
      "properties": {
        "municipio": "SÃO FÉLIX DO ARAGUAIA",
        "estado": "MATO GROSSO",
        "bioma": "Amazônia",
        "periodo": "junho de 2026",
        "sinal_publico": "foco de calor observado",
        "evidence_class": "sinal forte"
      }
    },
    {
      "type": "Feature",
      "geometry": {
        "type": "Point",
        "coordinates": [
          -58.4825,
          -12.4464
        ]
      },
      "properties": {
        "municipio": "SAPEZAL",
        "estado": "MATO GROSSO",
        "bioma": "Cerrado",
        "periodo": "junho de 2026",
        "sinal_publico": "foco de calor observado",
        "evidence_class": "sinal forte"
      }
    },
    {
      "type": "Feature",
      "geometry": {
        "type": "Point",
        "coordinates": [
          -58.4627,
          -12.4466
        ]
      },
      "properties": {
        "municipio": "SAPEZAL",
        "estado": "MATO GROSSO",
        "bioma": "Cerrado",
        "periodo": "junho de 2026",
        "sinal_publico": "foco de calor observado",
        "evidence_class": "sinal forte"
      }
    },
    {
      "type": "Feature",
      "geometry": {
        "type": "Point",
        "coordinates": [
          -52.8076,
          -11.5496
        ]
      },
      "properties": {
        "municipio": "SÃO FÉLIX DO ARAGUAIA",
        "estado": "MATO GROSSO",
        "bioma": "Amazônia",
        "periodo": "junho de 2026",
        "sinal_publico": "foco de calor observado",
        "evidence_class": "sinal forte"
      }
    },
    {
      "type": "Feature",
      "geometry": {
        "type": "Point",
        "coordinates": [
          -57.2872,
          -12.2325
        ]
      },
      "properties": {
        "municipio": "NOVA MARINGÁ",
        "estado": "MATO GROSSO",
        "bioma": "Amazônia",
        "periodo": "junho de 2026",
        "sinal_publico": "foco de calor observado",
        "evidence_class": "sinal forte"
      }
    },
    {
      "type": "Feature",
      "geometry": {
        "type": "Point",
        "coordinates": [
          -58.484,
          -12.4274
        ]
      },
      "properties": {
        "municipio": "SAPEZAL",
        "estado": "MATO GROSSO",
        "bioma": "Cerrado",
        "periodo": "junho de 2026",
        "sinal_publico": "foco de calor observado",
        "evidence_class": "sinal forte"
      }
    },
    {
      "type": "Feature",
      "geometry": {
        "type": "Point",
        "coordinates": [
          -58.4612,
          -12.4656
        ]
      },
      "properties": {
        "municipio": "SAPEZAL",
        "estado": "MATO GROSSO",
        "bioma": "Cerrado",
        "periodo": "junho de 2026",
        "sinal_publico": "foco de calor observado",
        "evidence_class": "sinal forte"
      }
    },
    {
      "type": "Feature",
      "geometry": {
        "type": "Point",
        "coordinates": [
          -52.8076,
          -11.5496
        ]
      },
      "properties": {
        "municipio": "SÃO FÉLIX DO ARAGUAIA",
        "estado": "MATO GROSSO",
        "bioma": "Amazônia",
        "periodo": "junho de 2026",
        "sinal_publico": "foco de calor observado",
        "evidence_class": "sinal forte"
      }
    },
    {
      "type": "Feature",
      "geometry": {
        "type": "Point",
        "coordinates": [
          -57.2688,
          -12.2138
        ]
      },
      "properties": {
        "municipio": "NOVA MARINGÁ",
        "estado": "MATO GROSSO",
        "bioma": "Amazônia",
        "periodo": "junho de 2026",
        "sinal_publico": "foco de calor observado",
        "evidence_class": "sinal forte"
      }
    },
    {
      "type": "Feature",
      "geometry": {
        "type": "Point",
        "coordinates": [
          -52.8076,
          -11.5496
        ]
      },
      "properties": {
        "municipio": "SÃO FÉLIX DO ARAGUAIA",
        "estado": "MATO GROSSO",
        "bioma": "Amazônia",
        "periodo": "junho de 2026",
        "sinal_publico": "foco de calor observado",
        "evidence_class": "sinal forte"
      }
    },
    {
      "type": "Feature",
      "geometry": {
        "type": "Point",
        "coordinates": [
          -52.8057,
          -11.5686
        ]
      },
      "properties": {
        "municipio": "SÃO FÉLIX DO ARAGUAIA",
        "estado": "MATO GROSSO",
        "bioma": "Amazônia",
        "periodo": "junho de 2026",
        "sinal_publico": "foco de calor observado",
        "evidence_class": "sinal forte"
      }
    },
    {
      "type": "Feature",
      "geometry": {
        "type": "Point",
        "coordinates": [
          -52.8057,
          -11.5686
        ]
      },
      "properties": {
        "municipio": "SÃO FÉLIX DO ARAGUAIA",
        "estado": "MATO GROSSO",
        "bioma": "Amazônia",
        "periodo": "junho de 2026",
        "sinal_publico": "foco de calor observado",
        "evidence_class": "sinal forte"
      }
    },
    {
      "type": "Feature",
      "geometry": {
        "type": "Point",
        "coordinates": [
          -52.7867,
          -11.5499
        ]
      },
      "properties": {
        "municipio": "SÃO FÉLIX DO ARAGUAIA",
        "estado": "MATO GROSSO",
        "bioma": "Amazônia",
        "periodo": "junho de 2026",
        "sinal_publico": "foco de calor observado",
        "evidence_class": "sinal forte"
      }
    },
    {
      "type": "Feature",
      "geometry": {
        "type": "Point",
        "coordinates": [
          -52.7848,
          -11.5688
        ]
      },
      "properties": {
        "municipio": "SÃO FÉLIX DO ARAGUAIA",
        "estado": "MATO GROSSO",
        "bioma": "Amazônia",
        "periodo": "junho de 2026",
        "sinal_publico": "foco de calor observado",
        "evidence_class": "sinal forte"
      }
    },
    {
      "type": "Feature",
      "geometry": {
        "type": "Point",
        "coordinates": [
          -58.4627,
          -12.4466
        ]
      },
      "properties": {
        "municipio": "SAPEZAL",
        "estado": "MATO GROSSO",
        "bioma": "Cerrado",
        "periodo": "junho de 2026",
        "sinal_publico": "foco de calor observado",
        "evidence_class": "sinal forte"
      }
    },
    {
      "type": "Feature",
      "geometry": {
        "type": "Point",
        "coordinates": [
          -52.7848,
          -11.5688
        ]
      },
      "properties": {
        "municipio": "SÃO FÉLIX DO ARAGUAIA",
        "estado": "MATO GROSSO",
        "bioma": "Amazônia",
        "periodo": "junho de 2026",
        "sinal_publico": "foco de calor observado",
        "evidence_class": "sinal forte"
      }
    },
    {
      "type": "Feature",
      "geometry": {
        "type": "Point",
        "coordinates": [
          -52.7867,
          -11.5499
        ]
      },
      "properties": {
        "municipio": "SÃO FÉLIX DO ARAGUAIA",
        "estado": "MATO GROSSO",
        "bioma": "Amazônia",
        "periodo": "junho de 2026",
        "sinal_publico": "foco de calor observado",
        "evidence_class": "sinal forte"
      }
    },
    {
      "type": "Feature",
      "geometry": {
        "type": "Point",
        "coordinates": [
          -52.8076,
          -11.5496
        ]
      },
      "properties": {
        "municipio": "SÃO FÉLIX DO ARAGUAIA",
        "estado": "MATO GROSSO",
        "bioma": "Amazônia",
        "periodo": "junho de 2026",
        "sinal_publico": "foco de calor observado",
        "evidence_class": "sinal forte"
      }
    },
    {
      "type": "Feature",
      "geometry": {
        "type": "Point",
        "coordinates": [
          -52.8076,
          -11.5496
        ]
      },
      "properties": {
        "municipio": "SÃO FÉLIX DO ARAGUAIA",
        "estado": "MATO GROSSO",
        "bioma": "Amazônia",
        "periodo": "junho de 2026",
        "sinal_publico": "foco de calor observado",
        "evidence_class": "sinal forte"
      }
    },
    {
      "type": "Feature",
      "geometry": {
        "type": "Point",
        "coordinates": [
          -58.40934,
          -12.44781
        ]
      },
      "properties": {
        "municipio": "BRASNORTE",
        "estado": "MATO GROSSO",
        "bioma": "Cerrado",
        "periodo": "junho de 2026",
        "sinal_publico": "foco de calor observado",
        "evidence_class": "sinal forte"
      }
    },
    {
      "type": "Feature",
      "geometry": {
        "type": "Point",
        "coordinates": [
          -57.2688,
          -12.2138
        ]
      },
      "properties": {
        "municipio": "NOVA MARINGÁ",
        "estado": "MATO GROSSO",
        "bioma": "Amazônia",
        "periodo": "junho de 2026",
        "sinal_publico": "foco de calor observado",
        "evidence_class": "sinal forte"
      }
    },
    {
      "type": "Feature",
      "geometry": {
        "type": "Point",
        "coordinates": [
          -57.2872,
          -12.2325
        ]
      },
      "properties": {
        "municipio": "NOVA MARINGÁ",
        "estado": "MATO GROSSO",
        "bioma": "Amazônia",
        "periodo": "junho de 2026",
        "sinal_publico": "foco de calor observado",
        "evidence_class": "sinal forte"
      }
    },
    {
      "type": "Feature",
      "geometry": {
        "type": "Point",
        "coordinates": [
          -57.2888,
          -12.2136
        ]
      },
      "properties": {
        "municipio": "NOVA MARINGÁ",
        "estado": "MATO GROSSO",
        "bioma": "Amazônia",
        "periodo": "junho de 2026",
        "sinal_publico": "foco de calor observado",
        "evidence_class": "sinal forte"
      }
    },
    {
      "type": "Feature",
      "geometry": {
        "type": "Point",
        "coordinates": [
          -52.7848,
          -11.5688
        ]
      },
      "properties": {
        "municipio": "SÃO FÉLIX DO ARAGUAIA",
        "estado": "MATO GROSSO",
        "bioma": "Amazônia",
        "periodo": "junho de 2026",
        "sinal_publico": "foco de calor observado",
        "evidence_class": "sinal forte"
      }
    },
    {
      "type": "Feature",
      "geometry": {
        "type": "Point",
        "coordinates": [
          -52.7848,
          -11.5688
        ]
      },
      "properties": {
        "municipio": "SÃO FÉLIX DO ARAGUAIA",
        "estado": "MATO GROSSO",
        "bioma": "Amazônia",
        "periodo": "junho de 2026",
        "sinal_publico": "foco de calor observado",
        "evidence_class": "sinal forte"
      }
    },
    {
      "type": "Feature",
      "geometry": {
        "type": "Point",
        "coordinates": [
          -46.9266,
          -10.9709
        ]
      },
      "properties": {
        "municipio": "PONTE ALTA DO TOCANTINS",
        "estado": "TOCANTINS",
        "bioma": "Cerrado",
        "periodo": "junho de 2026",
        "sinal_publico": "foco de calor observado",
        "evidence_class": "sinal forte"
      }
    },
    {
      "type": "Feature",
      "geometry": {
        "type": "Point",
        "coordinates": [
          -58.4627,
          -12.4466
        ]
      },
      "properties": {
        "municipio": "SAPEZAL",
        "estado": "MATO GROSSO",
        "bioma": "Cerrado",
        "periodo": "junho de 2026",
        "sinal_publico": "foco de calor observado",
        "evidence_class": "sinal forte"
      }
    },
    {
      "type": "Feature",
      "geometry": {
        "type": "Point",
        "coordinates": [
          -52.8057,
          -11.5686
        ]
      },
      "properties": {
        "municipio": "SÃO FÉLIX DO ARAGUAIA",
        "estado": "MATO GROSSO",
        "bioma": "Amazônia",
        "periodo": "junho de 2026",
        "sinal_publico": "foco de calor observado",
        "evidence_class": "sinal forte"
      }
    },
    {
      "type": "Feature",
      "geometry": {
        "type": "Point",
        "coordinates": [
          -58.4825,
          -12.4464
        ]
      },
      "properties": {
        "municipio": "SAPEZAL",
        "estado": "MATO GROSSO",
        "bioma": "Cerrado",
        "periodo": "junho de 2026",
        "sinal_publico": "foco de calor observado",
        "evidence_class": "sinal forte"
      }
    },
    {
      "type": "Feature",
      "geometry": {
        "type": "Point",
        "coordinates": [
          -52.7848,
          -11.5688
        ]
      },
      "properties": {
        "municipio": "SÃO FÉLIX DO ARAGUAIA",
        "estado": "MATO GROSSO",
        "bioma": "Amazônia",
        "periodo": "junho de 2026",
        "sinal_publico": "foco de calor observado",
        "evidence_class": "sinal forte"
      }
    },
    {
      "type": "Feature",
      "geometry": {
        "type": "Point",
        "coordinates": [
          -57.2888,
          -12.2136
        ]
      },
      "properties": {
        "municipio": "NOVA MARINGÁ",
        "estado": "MATO GROSSO",
        "bioma": "Amazônia",
        "periodo": "junho de 2026",
        "sinal_publico": "foco de calor observado",
        "evidence_class": "sinal forte"
      }
    },
    {
      "type": "Feature",
      "geometry": {
        "type": "Point",
        "coordinates": [
          -52.7848,
          -11.5688
        ]
      },
      "properties": {
        "municipio": "SÃO FÉLIX DO ARAGUAIA",
        "estado": "MATO GROSSO",
        "bioma": "Amazônia",
        "periodo": "junho de 2026",
        "sinal_publico": "foco de calor observado",
        "evidence_class": "sinal forte"
      }
    },
    {
      "type": "Feature",
      "geometry": {
        "type": "Point",
        "coordinates": [
          -58.4627,
          -12.4466
        ]
      },
      "properties": {
        "municipio": "SAPEZAL",
        "estado": "MATO GROSSO",
        "bioma": "Cerrado",
        "periodo": "junho de 2026",
        "sinal_publico": "foco de calor observado",
        "evidence_class": "sinal forte"
      }
    },
    {
      "type": "Feature",
      "geometry": {
        "type": "Point",
        "coordinates": [
          -58.9921,
          -14.1921
        ]
      },
      "properties": {
        "municipio": "TANGARÁ DA SERRA",
        "estado": "MATO GROSSO",
        "bioma": "Cerrado",
        "periodo": "junho de 2026",
        "sinal_publico": "foco de calor observado",
        "evidence_class": "sinal forte"
      }
    },
    {
      "type": "Feature",
      "geometry": {
        "type": "Point",
        "coordinates": [
          -57.2688,
          -12.2138
        ]
      },
      "properties": {
        "municipio": "NOVA MARINGÁ",
        "estado": "MATO GROSSO",
        "bioma": "Amazônia",
        "periodo": "junho de 2026",
        "sinal_publico": "foco de calor observado",
        "evidence_class": "sinal forte"
      }
    },
    {
      "type": "Feature",
      "geometry": {
        "type": "Point",
        "coordinates": [
          -58.4825,
          -12.4464
        ]
      },
      "properties": {
        "municipio": "SAPEZAL",
        "estado": "MATO GROSSO",
        "bioma": "Cerrado",
        "periodo": "junho de 2026",
        "sinal_publico": "foco de calor observado",
        "evidence_class": "sinal forte"
      }
    },
    {
      "type": "Feature",
      "geometry": {
        "type": "Point",
        "coordinates": [
          -57.2872,
          -12.2325
        ]
      },
      "properties": {
        "municipio": "NOVA MARINGÁ",
        "estado": "MATO GROSSO",
        "bioma": "Amazônia",
        "periodo": "junho de 2026",
        "sinal_publico": "foco de calor observado",
        "evidence_class": "sinal forte"
      }
    },
    {
      "type": "Feature",
      "geometry": {
        "type": "Point",
        "coordinates": [
          -57.2672,
          -12.2327
        ]
      },
      "properties": {
        "municipio": "NOVA MARINGÁ",
        "estado": "MATO GROSSO",
        "bioma": "Amazônia",
        "periodo": "junho de 2026",
        "sinal_publico": "foco de calor observado",
        "evidence_class": "sinal forte"
      }
    },
    {
      "type": "Feature",
      "geometry": {
        "type": "Point",
        "coordinates": [
          -54.1179,
          -12.3099
        ]
      },
      "properties": {
        "municipio": "NOVA UBIRATÃ",
        "estado": "MATO GROSSO",
        "bioma": "Amazônia",
        "periodo": "junho de 2026",
        "sinal_publico": "foco de calor observado",
        "evidence_class": "sinal forte"
      }
    },
    {
      "type": "Feature",
      "geometry": {
        "type": "Point",
        "coordinates": [
          -52.8057,
          -11.5686
        ]
      },
      "properties": {
        "municipio": "SÃO FÉLIX DO ARAGUAIA",
        "estado": "MATO GROSSO",
        "bioma": "Amazônia",
        "periodo": "junho de 2026",
        "sinal_publico": "foco de calor observado",
        "evidence_class": "sinal forte"
      }
    },
    {
      "type": "Feature",
      "geometry": {
        "type": "Point",
        "coordinates": [
          -52.8057,
          -11.5686
        ]
      },
      "properties": {
        "municipio": "SÃO FÉLIX DO ARAGUAIA",
        "estado": "MATO GROSSO",
        "bioma": "Amazônia",
        "periodo": "junho de 2026",
        "sinal_publico": "foco de calor observado",
        "evidence_class": "sinal forte"
      }
    },
    {
      "type": "Feature",
      "geometry": {
        "type": "Point",
        "coordinates": [
          -57.2872,
          -12.2325
        ]
      },
      "properties": {
        "municipio": "NOVA MARINGÁ",
        "estado": "MATO GROSSO",
        "bioma": "Amazônia",
        "periodo": "junho de 2026",
        "sinal_publico": "foco de calor observado",
        "evidence_class": "sinal forte"
      }
    },
    {
      "type": "Feature",
      "geometry": {
        "type": "Point",
        "coordinates": [
          -58.4627,
          -12.4466
        ]
      },
      "properties": {
        "municipio": "SAPEZAL",
        "estado": "MATO GROSSO",
        "bioma": "Cerrado",
        "periodo": "junho de 2026",
        "sinal_publico": "foco de calor observado",
        "evidence_class": "sinal forte"
      }
    },
    {
      "type": "Feature",
      "geometry": {
        "type": "Point",
        "coordinates": [
          -52.7867,
          -11.5499
        ]
      },
      "properties": {
        "municipio": "SÃO FÉLIX DO ARAGUAIA",
        "estado": "MATO GROSSO",
        "bioma": "Amazônia",
        "periodo": "junho de 2026",
        "sinal_publico": "foco de calor observado",
        "evidence_class": "sinal forte"
      }
    },
    {
      "type": "Feature",
      "geometry": {
        "type": "Point",
        "coordinates": [
          -58.4627,
          -12.4466
        ]
      },
      "properties": {
        "municipio": "SAPEZAL",
        "estado": "MATO GROSSO",
        "bioma": "Cerrado",
        "periodo": "junho de 2026",
        "sinal_publico": "foco de calor observado",
        "evidence_class": "sinal forte"
      }
    },
    {
      "type": "Feature",
      "geometry": {
        "type": "Point",
        "coordinates": [
          -58.484,
          -12.4274
        ]
      },
      "properties": {
        "municipio": "SAPEZAL",
        "estado": "MATO GROSSO",
        "bioma": "Cerrado",
        "periodo": "junho de 2026",
        "sinal_publico": "foco de calor observado",
        "evidence_class": "sinal forte"
      }
    },
    {
      "type": "Feature",
      "geometry": {
        "type": "Point",
        "coordinates": [
          -52.8076,
          -11.5496
        ]
      },
      "properties": {
        "municipio": "SÃO FÉLIX DO ARAGUAIA",
        "estado": "MATO GROSSO",
        "bioma": "Amazônia",
        "periodo": "junho de 2026",
        "sinal_publico": "foco de calor observado",
        "evidence_class": "sinal forte"
      }
    },
    {
      "type": "Feature",
      "geometry": {
        "type": "Point",
        "coordinates": [
          -52.8057,
          -11.5686
        ]
      },
      "properties": {
        "municipio": "SÃO FÉLIX DO ARAGUAIA",
        "estado": "MATO GROSSO",
        "bioma": "Amazônia",
        "periodo": "junho de 2026",
        "sinal_publico": "foco de calor observado",
        "evidence_class": "sinal forte"
      }
    },
    {
      "type": "Feature",
      "geometry": {
        "type": "Point",
        "coordinates": [
          -58.484,
          -12.4274
        ]
      },
      "properties": {
        "municipio": "SAPEZAL",
        "estado": "MATO GROSSO",
        "bioma": "Cerrado",
        "periodo": "junho de 2026",
        "sinal_publico": "foco de calor observado",
        "evidence_class": "sinal forte"
      }
    },
    {
      "type": "Feature",
      "geometry": {
        "type": "Point",
        "coordinates": [
          -52.8057,
          -11.5686
        ]
      },
      "properties": {
        "municipio": "SÃO FÉLIX DO ARAGUAIA",
        "estado": "MATO GROSSO",
        "bioma": "Amazônia",
        "periodo": "junho de 2026",
        "sinal_publico": "foco de calor observado",
        "evidence_class": "sinal forte"
      }
    },
    {
      "type": "Feature",
      "geometry": {
        "type": "Point",
        "coordinates": [
          -52.8057,
          -11.5686
        ]
      },
      "properties": {
        "municipio": "SÃO FÉLIX DO ARAGUAIA",
        "estado": "MATO GROSSO",
        "bioma": "Amazônia",
        "periodo": "junho de 2026",
        "sinal_publico": "foco de calor observado",
        "evidence_class": "sinal forte"
      }
    },
    {
      "type": "Feature",
      "geometry": {
        "type": "Point",
        "coordinates": [
          -58.9722,
          -14.1924
        ]
      },
      "properties": {
        "municipio": "TANGARÁ DA SERRA",
        "estado": "MATO GROSSO",
        "bioma": "Cerrado",
        "periodo": "junho de 2026",
        "sinal_publico": "foco de calor observado",
        "evidence_class": "sinal forte"
      }
    },
    {
      "type": "Feature",
      "geometry": {
        "type": "Point",
        "coordinates": [
          -52.8057,
          -11.5686
        ]
      },
      "properties": {
        "municipio": "SÃO FÉLIX DO ARAGUAIA",
        "estado": "MATO GROSSO",
        "bioma": "Amazônia",
        "periodo": "junho de 2026",
        "sinal_publico": "foco de calor observado",
        "evidence_class": "sinal forte"
      }
    },
    {
      "type": "Feature",
      "geometry": {
        "type": "Point",
        "coordinates": [
          -57.2888,
          -12.2136
        ]
      },
      "properties": {
        "municipio": "NOVA MARINGÁ",
        "estado": "MATO GROSSO",
        "bioma": "Amazônia",
        "periodo": "junho de 2026",
        "sinal_publico": "foco de calor observado",
        "evidence_class": "sinal forte"
      }
    },
    {
      "type": "Feature",
      "geometry": {
        "type": "Point",
        "coordinates": [
          -52.8057,
          -11.5686
        ]
      },
      "properties": {
        "municipio": "SÃO FÉLIX DO ARAGUAIA",
        "estado": "MATO GROSSO",
        "bioma": "Amazônia",
        "periodo": "junho de 2026",
        "sinal_publico": "foco de calor observado",
        "evidence_class": "sinal forte"
      }
    },
    {
      "type": "Feature",
      "geometry": {
        "type": "Point",
        "coordinates": [
          -57.2672,
          -12.2327
        ]
      },
      "properties": {
        "municipio": "NOVA MARINGÁ",
        "estado": "MATO GROSSO",
        "bioma": "Amazônia",
        "periodo": "junho de 2026",
        "sinal_publico": "foco de calor observado",
        "evidence_class": "sinal forte"
      }
    },
    {
      "type": "Feature",
      "geometry": {
        "type": "Point",
        "coordinates": [
          -52.7867,
          -11.5499
        ]
      },
      "properties": {
        "municipio": "SÃO FÉLIX DO ARAGUAIA",
        "estado": "MATO GROSSO",
        "bioma": "Amazônia",
        "periodo": "junho de 2026",
        "sinal_publico": "foco de calor observado",
        "evidence_class": "sinal forte"
      }
    },
    {
      "type": "Feature",
      "geometry": {
        "type": "Point",
        "coordinates": [
          -58.484,
          -12.4274
        ]
      },
      "properties": {
        "municipio": "SAPEZAL",
        "estado": "MATO GROSSO",
        "bioma": "Cerrado",
        "periodo": "junho de 2026",
        "sinal_publico": "foco de calor observado",
        "evidence_class": "sinal forte"
      }
    },
    {
      "type": "Feature",
      "geometry": {
        "type": "Point",
        "coordinates": [
          -52.8076,
          -11.5496
        ]
      },
      "properties": {
        "municipio": "SÃO FÉLIX DO ARAGUAIA",
        "estado": "MATO GROSSO",
        "bioma": "Amazônia",
        "periodo": "junho de 2026",
        "sinal_publico": "foco de calor observado",
        "evidence_class": "sinal forte"
      }
    },
    {
      "type": "Feature",
      "geometry": {
        "type": "Point",
        "coordinates": [
          -57.25496,
          -12.21198
        ]
      },
      "properties": {
        "municipio": "NOVA MARINGÁ",
        "estado": "MATO GROSSO",
        "bioma": "Amazônia",
        "periodo": "junho de 2026",
        "sinal_publico": "foco de calor observado",
        "evidence_class": "sinal forte"
      }
    },
    {
      "type": "Feature",
      "geometry": {
        "type": "Point",
        "coordinates": [
          -58.41489,
          -12.44033
        ]
      },
      "properties": {
        "municipio": "BRASNORTE",
        "estado": "MATO GROSSO",
        "bioma": "Cerrado",
        "periodo": "junho de 2026",
        "sinal_publico": "foco de calor observado",
        "evidence_class": "sinal forte"
      }
    },
    {
      "type": "Feature",
      "geometry": {
        "type": "Point",
        "coordinates": [
          -58.4627,
          -12.4466
        ]
      },
      "properties": {
        "municipio": "SAPEZAL",
        "estado": "MATO GROSSO",
        "bioma": "Cerrado",
        "periodo": "junho de 2026",
        "sinal_publico": "foco de calor observado",
        "evidence_class": "sinal forte"
      }
    },
    {
      "type": "Feature",
      "geometry": {
        "type": "Point",
        "coordinates": [
          -50.2704,
          -9.5248
        ]
      },
      "properties": {
        "municipio": "SANTANA DO ARAGUAIA",
        "estado": "PARÁ",
        "bioma": "Amazônia",
        "periodo": "junho de 2026",
        "sinal_publico": "foco de calor observado",
        "evidence_class": "sinal forte"
      }
    },
    {
      "type": "Feature",
      "geometry": {
        "type": "Point",
        "coordinates": [
          -52.7867,
          -11.5499
        ]
      },
      "properties": {
        "municipio": "SÃO FÉLIX DO ARAGUAIA",
        "estado": "MATO GROSSO",
        "bioma": "Amazônia",
        "periodo": "junho de 2026",
        "sinal_publico": "foco de calor observado",
        "evidence_class": "sinal forte"
      }
    },
    {
      "type": "Feature",
      "geometry": {
        "type": "Point",
        "coordinates": [
          -58.481,
          -12.4654
        ]
      },
      "properties": {
        "municipio": "SAPEZAL",
        "estado": "MATO GROSSO",
        "bioma": "Cerrado",
        "periodo": "junho de 2026",
        "sinal_publico": "foco de calor observado",
        "evidence_class": "sinal forte"
      }
    },
    {
      "type": "Feature",
      "geometry": {
        "type": "Point",
        "coordinates": [
          -52.8076,
          -11.5496
        ]
      },
      "properties": {
        "municipio": "SÃO FÉLIX DO ARAGUAIA",
        "estado": "MATO GROSSO",
        "bioma": "Amazônia",
        "periodo": "junho de 2026",
        "sinal_publico": "foco de calor observado",
        "evidence_class": "sinal forte"
      }
    },
    {
      "type": "Feature",
      "geometry": {
        "type": "Point",
        "coordinates": [
          -52.7867,
          -11.5499
        ]
      },
      "properties": {
        "municipio": "SÃO FÉLIX DO ARAGUAIA",
        "estado": "MATO GROSSO",
        "bioma": "Amazônia",
        "periodo": "junho de 2026",
        "sinal_publico": "foco de calor observado",
        "evidence_class": "sinal forte"
      }
    },
    {
      "type": "Feature",
      "geometry": {
        "type": "Point",
        "coordinates": [
          -58.4612,
          -12.4656
        ]
      },
      "properties": {
        "municipio": "SAPEZAL",
        "estado": "MATO GROSSO",
        "bioma": "Cerrado",
        "periodo": "junho de 2026",
        "sinal_publico": "foco de calor observado",
        "evidence_class": "sinal forte"
      }
    },
    {
      "type": "Feature",
      "geometry": {
        "type": "Point",
        "coordinates": [
          -52.7867,
          -11.5499
        ]
      },
      "properties": {
        "municipio": "SÃO FÉLIX DO ARAGUAIA",
        "estado": "MATO GROSSO",
        "bioma": "Amazônia",
        "periodo": "junho de 2026",
        "sinal_publico": "foco de calor observado",
        "evidence_class": "sinal forte"
      }
    },
    {
      "type": "Feature",
      "geometry": {
        "type": "Point",
        "coordinates": [
          -57.2672,
          -12.2327
        ]
      },
      "properties": {
        "municipio": "NOVA MARINGÁ",
        "estado": "MATO GROSSO",
        "bioma": "Amazônia",
        "periodo": "junho de 2026",
        "sinal_publico": "foco de calor observado",
        "evidence_class": "sinal forte"
      }
    },
    {
      "type": "Feature",
      "geometry": {
        "type": "Point",
        "coordinates": [
          -58.4825,
          -12.4464
        ]
      },
      "properties": {
        "municipio": "SAPEZAL",
        "estado": "MATO GROSSO",
        "bioma": "Cerrado",
        "periodo": "junho de 2026",
        "sinal_publico": "foco de calor observado",
        "evidence_class": "sinal forte"
      }
    },
    {
      "type": "Feature",
      "geometry": {
        "type": "Point",
        "coordinates": [
          -57.2888,
          -12.2136
        ]
      },
      "properties": {
        "municipio": "NOVA MARINGÁ",
        "estado": "MATO GROSSO",
        "bioma": "Amazônia",
        "periodo": "junho de 2026",
        "sinal_publico": "foco de calor observado",
        "evidence_class": "sinal forte"
      }
    },
    {
      "type": "Feature",
      "geometry": {
        "type": "Point",
        "coordinates": [
          -57.2872,
          -12.2325
        ]
      },
      "properties": {
        "municipio": "NOVA MARINGÁ",
        "estado": "MATO GROSSO",
        "bioma": "Amazônia",
        "periodo": "junho de 2026",
        "sinal_publico": "foco de calor observado",
        "evidence_class": "sinal forte"
      }
    },
    {
      "type": "Feature",
      "geometry": {
        "type": "Point",
        "coordinates": [
          -58.9722,
          -14.1924
        ]
      },
      "properties": {
        "municipio": "TANGARÁ DA SERRA",
        "estado": "MATO GROSSO",
        "bioma": "Cerrado",
        "periodo": "junho de 2026",
        "sinal_publico": "foco de calor observado",
        "evidence_class": "sinal forte"
      }
    },
    {
      "type": "Feature",
      "geometry": {
        "type": "Point",
        "coordinates": [
          -52.7867,
          -11.5499
        ]
      },
      "properties": {
        "municipio": "SÃO FÉLIX DO ARAGUAIA",
        "estado": "MATO GROSSO",
        "bioma": "Amazônia",
        "periodo": "junho de 2026",
        "sinal_publico": "foco de calor observado",
        "evidence_class": "sinal forte"
      }
    },
    {
      "type": "Feature",
      "geometry": {
        "type": "Point",
        "coordinates": [
          -52.8076,
          -11.5496
        ]
      },
      "properties": {
        "municipio": "SÃO FÉLIX DO ARAGUAIA",
        "estado": "MATO GROSSO",
        "bioma": "Amazônia",
        "periodo": "junho de 2026",
        "sinal_publico": "foco de calor observado",
        "evidence_class": "sinal forte"
      }
    },
    {
      "type": "Feature",
      "geometry": {
        "type": "Point",
        "coordinates": [
          -46.9066,
          -10.9522
        ]
      },
      "properties": {
        "municipio": "PONTE ALTA DO TOCANTINS",
        "estado": "TOCANTINS",
        "bioma": "Cerrado",
        "periodo": "junho de 2026",
        "sinal_publico": "foco de calor observado",
        "evidence_class": "sinal forte"
      }
    },
    {
      "type": "Feature",
      "geometry": {
        "type": "Point",
        "coordinates": [
          -50.6074,
          -9.0887
        ]
      },
      "properties": {
        "municipio": "SANTANA DO ARAGUAIA",
        "estado": "PARÁ",
        "bioma": "Amazônia",
        "periodo": "junho de 2026",
        "sinal_publico": "foco de calor observado",
        "evidence_class": "sinal forte"
      }
    },
    {
      "type": "Feature",
      "geometry": {
        "type": "Point",
        "coordinates": [
          -58.484,
          -12.4274
        ]
      },
      "properties": {
        "municipio": "SAPEZAL",
        "estado": "MATO GROSSO",
        "bioma": "Cerrado",
        "periodo": "junho de 2026",
        "sinal_publico": "foco de calor observado",
        "evidence_class": "sinal forte"
      }
    },
    {
      "type": "Feature",
      "geometry": {
        "type": "Point",
        "coordinates": [
          -52.8057,
          -11.5686
        ]
      },
      "properties": {
        "municipio": "SÃO FÉLIX DO ARAGUAIA",
        "estado": "MATO GROSSO",
        "bioma": "Amazônia",
        "periodo": "junho de 2026",
        "sinal_publico": "foco de calor observado",
        "evidence_class": "sinal forte"
      }
    },
    {
      "type": "Feature",
      "geometry": {
        "type": "Point",
        "coordinates": [
          -54.73262,
          -12.7372
        ]
      },
      "properties": {
        "municipio": "NOVA UBIRATÃ",
        "estado": "MATO GROSSO",
        "bioma": "Amazônia",
        "periodo": "junho de 2026",
        "sinal_publico": "foco de calor observado",
        "evidence_class": "sinal forte"
      }
    },
    {
      "type": "Feature",
      "geometry": {
        "type": "Point",
        "coordinates": [
          -58.4825,
          -12.4464
        ]
      },
      "properties": {
        "municipio": "SAPEZAL",
        "estado": "MATO GROSSO",
        "bioma": "Cerrado",
        "periodo": "junho de 2026",
        "sinal_publico": "foco de calor observado",
        "evidence_class": "sinal forte"
      }
    },
    {
      "type": "Feature",
      "geometry": {
        "type": "Point",
        "coordinates": [
          -58.4612,
          -12.4656
        ]
      },
      "properties": {
        "municipio": "SAPEZAL",
        "estado": "MATO GROSSO",
        "bioma": "Cerrado",
        "periodo": "junho de 2026",
        "sinal_publico": "foco de calor observado",
        "evidence_class": "sinal forte"
      }
    },
    {
      "type": "Feature",
      "geometry": {
        "type": "Point",
        "coordinates": [
          -52.7867,
          -11.5499
        ]
      },
      "properties": {
        "municipio": "SÃO FÉLIX DO ARAGUAIA",
        "estado": "MATO GROSSO",
        "bioma": "Amazônia",
        "periodo": "junho de 2026",
        "sinal_publico": "foco de calor observado",
        "evidence_class": "sinal forte"
      }
    },
    {
      "type": "Feature",
      "geometry": {
        "type": "Point",
        "coordinates": [
          -52.7848,
          -11.5688
        ]
      },
      "properties": {
        "municipio": "SÃO FÉLIX DO ARAGUAIA",
        "estado": "MATO GROSSO",
        "bioma": "Amazônia",
        "periodo": "junho de 2026",
        "sinal_publico": "foco de calor observado",
        "evidence_class": "sinal forte"
      }
    },
    {
      "type": "Feature",
      "geometry": {
        "type": "Point",
        "coordinates": [
          -58.4627,
          -12.4466
        ]
      },
      "properties": {
        "municipio": "SAPEZAL",
        "estado": "MATO GROSSO",
        "bioma": "Cerrado",
        "periodo": "junho de 2026",
        "sinal_publico": "foco de calor observado",
        "evidence_class": "sinal forte"
      }
    },
    {
      "type": "Feature",
      "geometry": {
        "type": "Point",
        "coordinates": [
          -58.4612,
          -12.4656
        ]
      },
      "properties": {
        "municipio": "SAPEZAL",
        "estado": "MATO GROSSO",
        "bioma": "Cerrado",
        "periodo": "junho de 2026",
        "sinal_publico": "foco de calor observado",
        "evidence_class": "sinal forte"
      }
    },
    {
      "type": "Feature",
      "geometry": {
        "type": "Point",
        "coordinates": [
          -52.8076,
          -11.5496
        ]
      },
      "properties": {
        "municipio": "SÃO FÉLIX DO ARAGUAIA",
        "estado": "MATO GROSSO",
        "bioma": "Amazônia",
        "periodo": "junho de 2026",
        "sinal_publico": "foco de calor observado",
        "evidence_class": "sinal forte"
      }
    },
    {
      "type": "Feature",
      "geometry": {
        "type": "Point",
        "coordinates": [
          -58.481,
          -12.4654
        ]
      },
      "properties": {
        "municipio": "SAPEZAL",
        "estado": "MATO GROSSO",
        "bioma": "Cerrado",
        "periodo": "junho de 2026",
        "sinal_publico": "foco de calor observado",
        "evidence_class": "sinal forte"
      }
    },
    {
      "type": "Feature",
      "geometry": {
        "type": "Point",
        "coordinates": [
          -58.9722,
          -14.1924
        ]
      },
      "properties": {
        "municipio": "TANGARÁ DA SERRA",
        "estado": "MATO GROSSO",
        "bioma": "Cerrado",
        "periodo": "junho de 2026",
        "sinal_publico": "foco de calor observado",
        "evidence_class": "sinal forte"
      }
    },
    {
      "type": "Feature",
      "geometry": {
        "type": "Point",
        "coordinates": [
          -57.2872,
          -12.2325
        ]
      },
      "properties": {
        "municipio": "NOVA MARINGÁ",
        "estado": "MATO GROSSO",
        "bioma": "Amazônia",
        "periodo": "junho de 2026",
        "sinal_publico": "foco de calor observado",
        "evidence_class": "sinal forte"
      }
    },
    {
      "type": "Feature",
      "geometry": {
        "type": "Point",
        "coordinates": [
          -57.2688,
          -12.2138
        ]
      },
      "properties": {
        "municipio": "NOVA MARINGÁ",
        "estado": "MATO GROSSO",
        "bioma": "Amazônia",
        "periodo": "junho de 2026",
        "sinal_publico": "foco de calor observado",
        "evidence_class": "sinal forte"
      }
    },
    {
      "type": "Feature",
      "geometry": {
        "type": "Point",
        "coordinates": [
          -52.8076,
          -11.5496
        ]
      },
      "properties": {
        "municipio": "SÃO FÉLIX DO ARAGUAIA",
        "estado": "MATO GROSSO",
        "bioma": "Amazônia",
        "periodo": "junho de 2026",
        "sinal_publico": "foco de calor observado",
        "evidence_class": "sinal forte"
      }
    },
    {
      "type": "Feature",
      "geometry": {
        "type": "Point",
        "coordinates": [
          -50.6074,
          -9.0887
        ]
      },
      "properties": {
        "municipio": "SANTANA DO ARAGUAIA",
        "estado": "PARÁ",
        "bioma": "Amazônia",
        "periodo": "junho de 2026",
        "sinal_publico": "foco de calor observado",
        "evidence_class": "sinal forte"
      }
    },
    {
      "type": "Feature",
      "geometry": {
        "type": "Point",
        "coordinates": [
          -57.2888,
          -12.2136
        ]
      },
      "properties": {
        "municipio": "NOVA MARINGÁ",
        "estado": "MATO GROSSO",
        "bioma": "Amazônia",
        "periodo": "junho de 2026",
        "sinal_publico": "foco de calor observado",
        "evidence_class": "sinal forte"
      }
    },
    {
      "type": "Feature",
      "geometry": {
        "type": "Point",
        "coordinates": [
          -52.7867,
          -11.5499
        ]
      },
      "properties": {
        "municipio": "SÃO FÉLIX DO ARAGUAIA",
        "estado": "MATO GROSSO",
        "bioma": "Amazônia",
        "periodo": "junho de 2026",
        "sinal_publico": "foco de calor observado",
        "evidence_class": "sinal forte"
      }
    },
    {
      "type": "Feature",
      "geometry": {
        "type": "Point",
        "coordinates": [
          -58.4825,
          -12.4464
        ]
      },
      "properties": {
        "municipio": "SAPEZAL",
        "estado": "MATO GROSSO",
        "bioma": "Cerrado",
        "periodo": "junho de 2026",
        "sinal_publico": "foco de calor observado",
        "evidence_class": "sinal forte"
      }
    },
    {
      "type": "Feature",
      "geometry": {
        "type": "Point",
        "coordinates": [
          -58.4627,
          -12.4466
        ]
      },
      "properties": {
        "municipio": "SAPEZAL",
        "estado": "MATO GROSSO",
        "bioma": "Cerrado",
        "periodo": "junho de 2026",
        "sinal_publico": "foco de calor observado",
        "evidence_class": "sinal forte"
      }
    },
    {
      "type": "Feature",
      "geometry": {
        "type": "Point",
        "coordinates": [
          -52.7848,
          -11.5688
        ]
      },
      "properties": {
        "municipio": "SÃO FÉLIX DO ARAGUAIA",
        "estado": "MATO GROSSO",
        "bioma": "Amazônia",
        "periodo": "junho de 2026",
        "sinal_publico": "foco de calor observado",
        "evidence_class": "sinal forte"
      }
    },
    {
      "type": "Feature",
      "geometry": {
        "type": "Point",
        "coordinates": [
          -58.9921,
          -14.1921
        ]
      },
      "properties": {
        "municipio": "TANGARÁ DA SERRA",
        "estado": "MATO GROSSO",
        "bioma": "Cerrado",
        "periodo": "junho de 2026",
        "sinal_publico": "foco de calor observado",
        "evidence_class": "sinal forte"
      }
    },
    {
      "type": "Feature",
      "geometry": {
        "type": "Point",
        "coordinates": [
          -52.8076,
          -11.5496
        ]
      },
      "properties": {
        "municipio": "SÃO FÉLIX DO ARAGUAIA",
        "estado": "MATO GROSSO",
        "bioma": "Amazônia",
        "periodo": "junho de 2026",
        "sinal_publico": "foco de calor observado",
        "evidence_class": "sinal forte"
      }
    },
    {
      "type": "Feature",
      "geometry": {
        "type": "Point",
        "coordinates": [
          -58.4627,
          -12.4466
        ]
      },
      "properties": {
        "municipio": "SAPEZAL",
        "estado": "MATO GROSSO",
        "bioma": "Cerrado",
        "periodo": "junho de 2026",
        "sinal_publico": "foco de calor observado",
        "evidence_class": "sinal forte"
      }
    },
    {
      "type": "Feature",
      "geometry": {
        "type": "Point",
        "coordinates": [
          -52.8057,
          -11.5686
        ]
      },
      "properties": {
        "municipio": "SÃO FÉLIX DO ARAGUAIA",
        "estado": "MATO GROSSO",
        "bioma": "Amazônia",
        "periodo": "junho de 2026",
        "sinal_publico": "foco de calor observado",
        "evidence_class": "sinal forte"
      }
    },
    {
      "type": "Feature",
      "geometry": {
        "type": "Point",
        "coordinates": [
          -58.4033,
          -12.4473
        ]
      },
      "properties": {
        "municipio": "BRASNORTE",
        "estado": "MATO GROSSO",
        "bioma": "Cerrado",
        "periodo": "junho de 2026",
        "sinal_publico": "foco de calor observado",
        "evidence_class": "sinal forte"
      }
    },
    {
      "type": "Feature",
      "geometry": {
        "type": "Point",
        "coordinates": [
          -52.7848,
          -11.5688
        ]
      },
      "properties": {
        "municipio": "SÃO FÉLIX DO ARAGUAIA",
        "estado": "MATO GROSSO",
        "bioma": "Amazônia",
        "periodo": "junho de 2026",
        "sinal_publico": "foco de calor observado",
        "evidence_class": "sinal forte"
      }
    },
    {
      "type": "Feature",
      "geometry": {
        "type": "Point",
        "coordinates": [
          -57.2688,
          -12.2138
        ]
      },
      "properties": {
        "municipio": "NOVA MARINGÁ",
        "estado": "MATO GROSSO",
        "bioma": "Amazônia",
        "periodo": "junho de 2026",
        "sinal_publico": "foco de calor observado",
        "evidence_class": "sinal forte"
      }
    },
    {
      "type": "Feature",
      "geometry": {
        "type": "Point",
        "coordinates": [
          -52.7867,
          -11.5499
        ]
      },
      "properties": {
        "municipio": "SÃO FÉLIX DO ARAGUAIA",
        "estado": "MATO GROSSO",
        "bioma": "Amazônia",
        "periodo": "junho de 2026",
        "sinal_publico": "foco de calor observado",
        "evidence_class": "sinal forte"
      }
    },
    {
      "type": "Feature",
      "geometry": {
        "type": "Point",
        "coordinates": [
          -46.9514,
          -10.9515
        ]
      },
      "properties": {
        "municipio": "PONTE ALTA DO TOCANTINS",
        "estado": "TOCANTINS",
        "bioma": "Cerrado",
        "periodo": "junho de 2026",
        "sinal_publico": "foco de calor observado",
        "evidence_class": "sinal forte"
      }
    },
    {
      "type": "Feature",
      "geometry": {
        "type": "Point",
        "coordinates": [
          -50.6074,
          -9.0887
        ]
      },
      "properties": {
        "municipio": "SANTANA DO ARAGUAIA",
        "estado": "PARÁ",
        "bioma": "Amazônia",
        "periodo": "junho de 2026",
        "sinal_publico": "foco de calor observado",
        "evidence_class": "sinal forte"
      }
    },
    {
      "type": "Feature",
      "geometry": {
        "type": "Point",
        "coordinates": [
          -58.4612,
          -12.4656
        ]
      },
      "properties": {
        "municipio": "SAPEZAL",
        "estado": "MATO GROSSO",
        "bioma": "Cerrado",
        "periodo": "junho de 2026",
        "sinal_publico": "foco de calor observado",
        "evidence_class": "sinal forte"
      }
    },
    {
      "type": "Feature",
      "geometry": {
        "type": "Point",
        "coordinates": [
          -58.484,
          -12.4274
        ]
      },
      "properties": {
        "municipio": "SAPEZAL",
        "estado": "MATO GROSSO",
        "bioma": "Cerrado",
        "periodo": "junho de 2026",
        "sinal_publico": "foco de calor observado",
        "evidence_class": "sinal forte"
      }
    },
    {
      "type": "Feature",
      "geometry": {
        "type": "Point",
        "coordinates": [
          -52.80948,
          -11.55541
        ]
      },
      "properties": {
        "municipio": "SÃO FÉLIX DO ARAGUAIA",
        "estado": "MATO GROSSO",
        "bioma": "Amazônia",
        "periodo": "junho de 2026",
        "sinal_publico": "foco de calor observado",
        "evidence_class": "sinal forte"
      }
    },
    {
      "type": "Feature",
      "geometry": {
        "type": "Point",
        "coordinates": [
          -58.9921,
          -14.1921
        ]
      },
      "properties": {
        "municipio": "TANGARÁ DA SERRA",
        "estado": "MATO GROSSO",
        "bioma": "Cerrado",
        "periodo": "junho de 2026",
        "sinal_publico": "foco de calor observado",
        "evidence_class": "sinal forte"
      }
    },
    {
      "type": "Feature",
      "geometry": {
        "type": "Point",
        "coordinates": [
          -52.7867,
          -11.5499
        ]
      },
      "properties": {
        "municipio": "SÃO FÉLIX DO ARAGUAIA",
        "estado": "MATO GROSSO",
        "bioma": "Amazônia",
        "periodo": "junho de 2026",
        "sinal_publico": "foco de calor observado",
        "evidence_class": "sinal forte"
      }
    },
    {
      "type": "Feature",
      "geometry": {
        "type": "Point",
        "coordinates": [
          -52.7848,
          -11.5688
        ]
      },
      "properties": {
        "municipio": "SÃO FÉLIX DO ARAGUAIA",
        "estado": "MATO GROSSO",
        "bioma": "Amazônia",
        "periodo": "junho de 2026",
        "sinal_publico": "foco de calor observado",
        "evidence_class": "sinal forte"
      }
    },
    {
      "type": "Feature",
      "geometry": {
        "type": "Point",
        "coordinates": [
          -54.1179,
          -12.3099
        ]
      },
      "properties": {
        "municipio": "NOVA UBIRATÃ",
        "estado": "MATO GROSSO",
        "bioma": "Amazônia",
        "periodo": "junho de 2026",
        "sinal_publico": "foco de calor observado",
        "evidence_class": "sinal forte"
      }
    },
    {
      "type": "Feature",
      "geometry": {
        "type": "Point",
        "coordinates": [
          -52.8057,
          -11.5686
        ]
      },
      "properties": {
        "municipio": "SÃO FÉLIX DO ARAGUAIA",
        "estado": "MATO GROSSO",
        "bioma": "Amazônia",
        "periodo": "junho de 2026",
        "sinal_publico": "foco de calor observado",
        "evidence_class": "sinal forte"
      }
    },
    {
      "type": "Feature",
      "geometry": {
        "type": "Point",
        "coordinates": [
          -52.7867,
          -11.5499
        ]
      },
      "properties": {
        "municipio": "SÃO FÉLIX DO ARAGUAIA",
        "estado": "MATO GROSSO",
        "bioma": "Amazônia",
        "periodo": "junho de 2026",
        "sinal_publico": "foco de calor observado",
        "evidence_class": "sinal forte"
      }
    },
    {
      "type": "Feature",
      "geometry": {
        "type": "Point",
        "coordinates": [
          -46.50513,
          -10.04994
        ]
      },
      "properties": {
        "municipio": "SÃO FÉLIX DO TOCANTINS",
        "estado": "TOCANTINS",
        "bioma": "Cerrado",
        "periodo": "junho de 2026",
        "sinal_publico": "foco de calor observado",
        "evidence_class": "sinal forte"
      }
    },
    {
      "type": "Feature",
      "geometry": {
        "type": "Point",
        "coordinates": [
          -52.8057,
          -11.5686
        ]
      },
      "properties": {
        "municipio": "SÃO FÉLIX DO ARAGUAIA",
        "estado": "MATO GROSSO",
        "bioma": "Amazônia",
        "periodo": "junho de 2026",
        "sinal_publico": "foco de calor observado",
        "evidence_class": "sinal forte"
      }
    },
    {
      "type": "Feature",
      "geometry": {
        "type": "Point",
        "coordinates": [
          -58.4612,
          -12.4656
        ]
      },
      "properties": {
        "municipio": "SAPEZAL",
        "estado": "MATO GROSSO",
        "bioma": "Cerrado",
        "periodo": "junho de 2026",
        "sinal_publico": "foco de calor observado",
        "evidence_class": "sinal forte"
      }
    },
    {
      "type": "Feature",
      "geometry": {
        "type": "Point",
        "coordinates": [
          -52.80421,
          -11.55854
        ]
      },
      "properties": {
        "municipio": "SÃO FÉLIX DO ARAGUAIA",
        "estado": "MATO GROSSO",
        "bioma": "Amazônia",
        "periodo": "junho de 2026",
        "sinal_publico": "foco de calor observado",
        "evidence_class": "sinal forte"
      }
    },
    {
      "type": "Feature",
      "geometry": {
        "type": "Point",
        "coordinates": [
          -58.4033,
          -12.4473
        ]
      },
      "properties": {
        "municipio": "BRASNORTE",
        "estado": "MATO GROSSO",
        "bioma": "Cerrado",
        "periodo": "junho de 2026",
        "sinal_publico": "foco de calor observado",
        "evidence_class": "sinal forte"
      }
    },
    {
      "type": "Feature",
      "geometry": {
        "type": "Point",
        "coordinates": [
          -54.1385,
          -12.3096
        ]
      },
      "properties": {
        "municipio": "NOVA UBIRATÃ",
        "estado": "MATO GROSSO",
        "bioma": "Amazônia",
        "periodo": "junho de 2026",
        "sinal_publico": "foco de calor observado",
        "evidence_class": "sinal forte"
      }
    },
    {
      "type": "Feature",
      "geometry": {
        "type": "Point",
        "coordinates": [
          -52.8076,
          -11.5496
        ]
      },
      "properties": {
        "municipio": "SÃO FÉLIX DO ARAGUAIA",
        "estado": "MATO GROSSO",
        "bioma": "Amazônia",
        "periodo": "junho de 2026",
        "sinal_publico": "foco de calor observado",
        "evidence_class": "sinal forte"
      }
    },
    {
      "type": "Feature",
      "geometry": {
        "type": "Point",
        "coordinates": [
          -52.8057,
          -11.5686
        ]
      },
      "properties": {
        "municipio": "SÃO FÉLIX DO ARAGUAIA",
        "estado": "MATO GROSSO",
        "bioma": "Amazônia",
        "periodo": "junho de 2026",
        "sinal_publico": "foco de calor observado",
        "evidence_class": "sinal forte"
      }
    },
    {
      "type": "Feature",
      "geometry": {
        "type": "Point",
        "coordinates": [
          -52.8076,
          -11.5496
        ]
      },
      "properties": {
        "municipio": "SÃO FÉLIX DO ARAGUAIA",
        "estado": "MATO GROSSO",
        "bioma": "Amazônia",
        "periodo": "junho de 2026",
        "sinal_publico": "foco de calor observado",
        "evidence_class": "sinal forte"
      }
    },
    {
      "type": "Feature",
      "geometry": {
        "type": "Point",
        "coordinates": [
          -46.50053,
          -10.05444
        ]
      },
      "properties": {
        "municipio": "SÃO FÉLIX DO TOCANTINS",
        "estado": "TOCANTINS",
        "bioma": "Cerrado",
        "periodo": "junho de 2026",
        "sinal_publico": "foco de calor observado",
        "evidence_class": "sinal forte"
      }
    },
    {
      "type": "Feature",
      "geometry": {
        "type": "Point",
        "coordinates": [
          -52.7848,
          -11.5688
        ]
      },
      "properties": {
        "municipio": "SÃO FÉLIX DO ARAGUAIA",
        "estado": "MATO GROSSO",
        "bioma": "Amazônia",
        "periodo": "junho de 2026",
        "sinal_publico": "foco de calor observado",
        "evidence_class": "sinal forte"
      }
    },
    {
      "type": "Feature",
      "geometry": {
        "type": "Point",
        "coordinates": [
          -47.0362,
          -10.9882
        ]
      },
      "properties": {
        "municipio": "PONTE ALTA DO TOCANTINS",
        "estado": "TOCANTINS",
        "bioma": "Cerrado",
        "periodo": "junho de 2026",
        "sinal_publico": "foco de calor observado",
        "evidence_class": "sinal forte"
      }
    },
    {
      "type": "Feature",
      "geometry": {
        "type": "Point",
        "coordinates": [
          -52.7867,
          -11.5499
        ]
      },
      "properties": {
        "municipio": "SÃO FÉLIX DO ARAGUAIA",
        "estado": "MATO GROSSO",
        "bioma": "Amazônia",
        "periodo": "junho de 2026",
        "sinal_publico": "foco de calor observado",
        "evidence_class": "sinal forte"
      }
    },
    {
      "type": "Feature",
      "geometry": {
        "type": "Point",
        "coordinates": [
          -58.481,
          -12.4654
        ]
      },
      "properties": {
        "municipio": "SAPEZAL",
        "estado": "MATO GROSSO",
        "bioma": "Cerrado",
        "periodo": "junho de 2026",
        "sinal_publico": "foco de calor observado",
        "evidence_class": "sinal forte"
      }
    },
    {
      "type": "Feature",
      "geometry": {
        "type": "Point",
        "coordinates": [
          -54.7321,
          -12.739
        ]
      },
      "properties": {
        "municipio": "NOVA UBIRATÃ",
        "estado": "MATO GROSSO",
        "bioma": "Amazônia",
        "periodo": "junho de 2026",
        "sinal_publico": "foco de calor observado",
        "evidence_class": "sinal forte"
      }
    },
    {
      "type": "Feature",
      "geometry": {
        "type": "Point",
        "coordinates": [
          -54.7321,
          -12.739
        ]
      },
      "properties": {
        "municipio": "NOVA UBIRATÃ",
        "estado": "MATO GROSSO",
        "bioma": "Amazônia",
        "periodo": "junho de 2026",
        "sinal_publico": "foco de calor observado",
        "evidence_class": "sinal forte"
      }
    },
    {
      "type": "Feature",
      "geometry": {
        "type": "Point",
        "coordinates": [
          -50.6074,
          -9.0887
        ]
      },
      "properties": {
        "municipio": "SANTANA DO ARAGUAIA",
        "estado": "PARÁ",
        "bioma": "Amazônia",
        "periodo": "junho de 2026",
        "sinal_publico": "foco de calor observado",
        "evidence_class": "sinal forte"
      }
    },
    {
      "type": "Feature",
      "geometry": {
        "type": "Point",
        "coordinates": [
          -58.4627,
          -12.4466
        ]
      },
      "properties": {
        "municipio": "SAPEZAL",
        "estado": "MATO GROSSO",
        "bioma": "Cerrado",
        "periodo": "junho de 2026",
        "sinal_publico": "foco de calor observado",
        "evidence_class": "sinal forte"
      }
    },
    {
      "type": "Feature",
      "geometry": {
        "type": "Point",
        "coordinates": [
          -58.4627,
          -12.4466
        ]
      },
      "properties": {
        "municipio": "SAPEZAL",
        "estado": "MATO GROSSO",
        "bioma": "Cerrado",
        "periodo": "junho de 2026",
        "sinal_publico": "foco de calor observado",
        "evidence_class": "sinal forte"
      }
    },
    {
      "type": "Feature",
      "geometry": {
        "type": "Point",
        "coordinates": [
          -58.4033,
          -12.4473
        ]
      },
      "properties": {
        "municipio": "BRASNORTE",
        "estado": "MATO GROSSO",
        "bioma": "Cerrado",
        "periodo": "junho de 2026",
        "sinal_publico": "foco de calor observado",
        "evidence_class": "sinal forte"
      }
    },
    {
      "type": "Feature",
      "geometry": {
        "type": "Point",
        "coordinates": [
          -58.9722,
          -14.1924
        ]
      },
      "properties": {
        "municipio": "TANGARÁ DA SERRA",
        "estado": "MATO GROSSO",
        "bioma": "Cerrado",
        "periodo": "junho de 2026",
        "sinal_publico": "foco de calor observado",
        "evidence_class": "sinal forte"
      }
    },
    {
      "type": "Feature",
      "geometry": {
        "type": "Point",
        "coordinates": [
          -52.9771,
          -12.7065
        ]
      },
      "properties": {
        "municipio": "GAÚCHA DO NORTE",
        "estado": "MATO GROSSO",
        "bioma": "Amazônia",
        "periodo": "junho de 2026",
        "sinal_publico": "foco de calor observado",
        "evidence_class": "sinal forte"
      }
    },
    {
      "type": "Feature",
      "geometry": {
        "type": "Point",
        "coordinates": [
          -58.4612,
          -12.4656
        ]
      },
      "properties": {
        "municipio": "SAPEZAL",
        "estado": "MATO GROSSO",
        "bioma": "Cerrado",
        "periodo": "junho de 2026",
        "sinal_publico": "foco de calor observado",
        "evidence_class": "sinal forte"
      }
    },
    {
      "type": "Feature",
      "geometry": {
        "type": "Point",
        "coordinates": [
          -58.4627,
          -12.4466
        ]
      },
      "properties": {
        "municipio": "SAPEZAL",
        "estado": "MATO GROSSO",
        "bioma": "Cerrado",
        "periodo": "junho de 2026",
        "sinal_publico": "foco de calor observado",
        "evidence_class": "sinal forte"
      }
    },
    {
      "type": "Feature",
      "geometry": {
        "type": "Point",
        "coordinates": [
          -52.8076,
          -11.5496
        ]
      },
      "properties": {
        "municipio": "SÃO FÉLIX DO ARAGUAIA",
        "estado": "MATO GROSSO",
        "bioma": "Amazônia",
        "periodo": "junho de 2026",
        "sinal_publico": "foco de calor observado",
        "evidence_class": "sinal forte"
      }
    },
    {
      "type": "Feature",
      "geometry": {
        "type": "Point",
        "coordinates": [
          -57.2888,
          -12.2136
        ]
      },
      "properties": {
        "municipio": "NOVA MARINGÁ",
        "estado": "MATO GROSSO",
        "bioma": "Amazônia",
        "periodo": "junho de 2026",
        "sinal_publico": "foco de calor observado",
        "evidence_class": "sinal forte"
      }
    },
    {
      "type": "Feature",
      "geometry": {
        "type": "Point",
        "coordinates": [
          -52.998,
          -12.7062
        ]
      },
      "properties": {
        "municipio": "GAÚCHA DO NORTE",
        "estado": "MATO GROSSO",
        "bioma": "Amazônia",
        "periodo": "junho de 2026",
        "sinal_publico": "foco de calor observado",
        "evidence_class": "sinal forte"
      }
    },
    {
      "type": "Feature",
      "geometry": {
        "type": "Point",
        "coordinates": [
          -58.4627,
          -12.4466
        ]
      },
      "properties": {
        "municipio": "SAPEZAL",
        "estado": "MATO GROSSO",
        "bioma": "Cerrado",
        "periodo": "junho de 2026",
        "sinal_publico": "foco de calor observado",
        "evidence_class": "sinal forte"
      }
    },
    {
      "type": "Feature",
      "geometry": {
        "type": "Point",
        "coordinates": [
          -50.6074,
          -9.0887
        ]
      },
      "properties": {
        "municipio": "SANTANA DO ARAGUAIA",
        "estado": "PARÁ",
        "bioma": "Amazônia",
        "periodo": "junho de 2026",
        "sinal_publico": "foco de calor observado",
        "evidence_class": "sinal forte"
      }
    },
    {
      "type": "Feature",
      "geometry": {
        "type": "Point",
        "coordinates": [
          -52.7867,
          -11.5499
        ]
      },
      "properties": {
        "municipio": "SÃO FÉLIX DO ARAGUAIA",
        "estado": "MATO GROSSO",
        "bioma": "Amazônia",
        "periodo": "junho de 2026",
        "sinal_publico": "foco de calor observado",
        "evidence_class": "sinal forte"
      }
    },
    {
      "type": "Feature",
      "geometry": {
        "type": "Point",
        "coordinates": [
          -46.9514,
          -10.9515
        ]
      },
      "properties": {
        "municipio": "PONTE ALTA DO TOCANTINS",
        "estado": "TOCANTINS",
        "bioma": "Cerrado",
        "periodo": "junho de 2026",
        "sinal_publico": "foco de calor observado",
        "evidence_class": "sinal forte"
      }
    },
    {
      "type": "Feature",
      "geometry": {
        "type": "Point",
        "coordinates": [
          -58.97485,
          -14.1908
        ]
      },
      "properties": {
        "municipio": "TANGARÁ DA SERRA",
        "estado": "MATO GROSSO",
        "bioma": "Cerrado",
        "periodo": "junho de 2026",
        "sinal_publico": "foco de calor observado",
        "evidence_class": "sinal forte"
      }
    },
    {
      "type": "Feature",
      "geometry": {
        "type": "Point",
        "coordinates": [
          -58.4627,
          -12.4466
        ]
      },
      "properties": {
        "municipio": "SAPEZAL",
        "estado": "MATO GROSSO",
        "bioma": "Cerrado",
        "periodo": "junho de 2026",
        "sinal_publico": "foco de calor observado",
        "evidence_class": "sinal forte"
      }
    },
    {
      "type": "Feature",
      "geometry": {
        "type": "Point",
        "coordinates": [
          -58.484,
          -12.4274
        ]
      },
      "properties": {
        "municipio": "SAPEZAL",
        "estado": "MATO GROSSO",
        "bioma": "Cerrado",
        "periodo": "junho de 2026",
        "sinal_publico": "foco de calor observado",
        "evidence_class": "sinal forte"
      }
    },
    {
      "type": "Feature",
      "geometry": {
        "type": "Point",
        "coordinates": [
          -57.8329,
          -11.886
        ]
      },
      "properties": {
        "municipio": "JUARA",
        "estado": "MATO GROSSO",
        "bioma": "Amazônia",
        "periodo": "junho de 2026",
        "sinal_publico": "foco de calor observado",
        "evidence_class": "sinal forte"
      }
    },
    {
      "type": "Feature",
      "geometry": {
        "type": "Point",
        "coordinates": [
          -53.75843,
          -10.8496
        ]
      },
      "properties": {
        "municipio": "MARCELÂNDIA",
        "estado": "MATO GROSSO",
        "bioma": "Amazônia",
        "periodo": "junho de 2026",
        "sinal_publico": "foco de calor observado",
        "evidence_class": "sinal forte"
      }
    },
    {
      "type": "Feature",
      "geometry": {
        "type": "Point",
        "coordinates": [
          -57.2888,
          -12.2136
        ]
      },
      "properties": {
        "municipio": "NOVA MARINGÁ",
        "estado": "MATO GROSSO",
        "bioma": "Amazônia",
        "periodo": "junho de 2026",
        "sinal_publico": "foco de calor observado",
        "evidence_class": "sinal forte"
      }
    },
    {
      "type": "Feature",
      "geometry": {
        "type": "Point",
        "coordinates": [
          -54.7321,
          -12.739
        ]
      },
      "properties": {
        "municipio": "NOVA UBIRATÃ",
        "estado": "MATO GROSSO",
        "bioma": "Amazônia",
        "periodo": "junho de 2026",
        "sinal_publico": "foco de calor observado",
        "evidence_class": "sinal forte"
      }
    },
    {
      "type": "Feature",
      "geometry": {
        "type": "Point",
        "coordinates": [
          -58.4033,
          -12.4473
        ]
      },
      "properties": {
        "municipio": "BRASNORTE",
        "estado": "MATO GROSSO",
        "bioma": "Cerrado",
        "periodo": "junho de 2026",
        "sinal_publico": "foco de calor observado",
        "evidence_class": "sinal forte"
      }
    },
    {
      "type": "Feature",
      "geometry": {
        "type": "Point",
        "coordinates": [
          -42.643,
          -17.3041
        ]
      },
      "properties": {
        "municipio": "MINAS NOVAS",
        "estado": "MINAS GERAIS",
        "bioma": "Cerrado",
        "periodo": "junho de 2026",
        "sinal_publico": "foco de calor observado",
        "evidence_class": "sinal forte"
      }
    },
    {
      "type": "Feature",
      "geometry": {
        "type": "Point",
        "coordinates": [
          -52.8057,
          -11.5686
        ]
      },
      "properties": {
        "municipio": "SÃO FÉLIX DO ARAGUAIA",
        "estado": "MATO GROSSO",
        "bioma": "Amazônia",
        "periodo": "junho de 2026",
        "sinal_publico": "foco de calor observado",
        "evidence_class": "sinal forte"
      }
    },
    {
      "type": "Feature",
      "geometry": {
        "type": "Point",
        "coordinates": [
          -57.2872,
          -12.2325
        ]
      },
      "properties": {
        "municipio": "NOVA MARINGÁ",
        "estado": "MATO GROSSO",
        "bioma": "Amazônia",
        "periodo": "junho de 2026",
        "sinal_publico": "foco de calor observado",
        "evidence_class": "sinal forte"
      }
    },
    {
      "type": "Feature",
      "geometry": {
        "type": "Point",
        "coordinates": [
          -52.7867,
          -11.5499
        ]
      },
      "properties": {
        "municipio": "SÃO FÉLIX DO ARAGUAIA",
        "estado": "MATO GROSSO",
        "bioma": "Amazônia",
        "periodo": "junho de 2026",
        "sinal_publico": "foco de calor observado",
        "evidence_class": "sinal forte"
      }
    },
    {
      "type": "Feature",
      "geometry": {
        "type": "Point",
        "coordinates": [
          -58.4033,
          -12.4473
        ]
      },
      "properties": {
        "municipio": "BRASNORTE",
        "estado": "MATO GROSSO",
        "bioma": "Cerrado",
        "periodo": "junho de 2026",
        "sinal_publico": "foco de calor observado",
        "evidence_class": "sinal forte"
      }
    },
    {
      "type": "Feature",
      "geometry": {
        "type": "Point",
        "coordinates": [
          -58.484,
          -12.4274
        ]
      },
      "properties": {
        "municipio": "SAPEZAL",
        "estado": "MATO GROSSO",
        "bioma": "Cerrado",
        "periodo": "junho de 2026",
        "sinal_publico": "foco de calor observado",
        "evidence_class": "sinal forte"
      }
    },
    {
      "type": "Feature",
      "geometry": {
        "type": "Point",
        "coordinates": [
          -53.7425,
          -10.8573
        ]
      },
      "properties": {
        "municipio": "MARCELÂNDIA",
        "estado": "MATO GROSSO",
        "bioma": "Amazônia",
        "periodo": "junho de 2026",
        "sinal_publico": "foco de calor observado",
        "evidence_class": "sinal forte"
      }
    },
    {
      "type": "Feature",
      "geometry": {
        "type": "Point",
        "coordinates": [
          -54.7321,
          -12.739
        ]
      },
      "properties": {
        "municipio": "NOVA UBIRATÃ",
        "estado": "MATO GROSSO",
        "bioma": "Amazônia",
        "periodo": "junho de 2026",
        "sinal_publico": "foco de calor observado",
        "evidence_class": "sinal forte"
      }
    },
    {
      "type": "Feature",
      "geometry": {
        "type": "Point",
        "coordinates": [
          -52.8076,
          -11.5496
        ]
      },
      "properties": {
        "municipio": "SÃO FÉLIX DO ARAGUAIA",
        "estado": "MATO GROSSO",
        "bioma": "Amazônia",
        "periodo": "junho de 2026",
        "sinal_publico": "foco de calor observado",
        "evidence_class": "sinal forte"
      }
    },
    {
      "type": "Feature",
      "geometry": {
        "type": "Point",
        "coordinates": [
          -52.8076,
          -11.5496
        ]
      },
      "properties": {
        "municipio": "SÃO FÉLIX DO ARAGUAIA",
        "estado": "MATO GROSSO",
        "bioma": "Amazônia",
        "periodo": "junho de 2026",
        "sinal_publico": "foco de calor observado",
        "evidence_class": "sinal forte"
      }
    },
    {
      "type": "Feature",
      "geometry": {
        "type": "Point",
        "coordinates": [
          -58.4612,
          -12.4656
        ]
      },
      "properties": {
        "municipio": "SAPEZAL",
        "estado": "MATO GROSSO",
        "bioma": "Cerrado",
        "periodo": "junho de 2026",
        "sinal_publico": "foco de calor observado",
        "evidence_class": "sinal forte"
      }
    },
    {
      "type": "Feature",
      "geometry": {
        "type": "Point",
        "coordinates": [
          -52.8076,
          -11.5496
        ]
      },
      "properties": {
        "municipio": "SÃO FÉLIX DO ARAGUAIA",
        "estado": "MATO GROSSO",
        "bioma": "Amazônia",
        "periodo": "junho de 2026",
        "sinal_publico": "foco de calor observado",
        "evidence_class": "sinal forte"
      }
    },
    {
      "type": "Feature",
      "geometry": {
        "type": "Point",
        "coordinates": [
          -58.4033,
          -12.4473
        ]
      },
      "properties": {
        "municipio": "BRASNORTE",
        "estado": "MATO GROSSO",
        "bioma": "Cerrado",
        "periodo": "junho de 2026",
        "sinal_publico": "foco de calor observado",
        "evidence_class": "sinal forte"
      }
    },
    {
      "type": "Feature",
      "geometry": {
        "type": "Point",
        "coordinates": [
          -57.8329,
          -11.886
        ]
      },
      "properties": {
        "municipio": "JUARA",
        "estado": "MATO GROSSO",
        "bioma": "Amazônia",
        "periodo": "junho de 2026",
        "sinal_publico": "foco de calor observado",
        "evidence_class": "sinal forte"
      }
    },
    {
      "type": "Feature",
      "geometry": {
        "type": "Point",
        "coordinates": [
          -58.4033,
          -12.4473
        ]
      },
      "properties": {
        "municipio": "BRASNORTE",
        "estado": "MATO GROSSO",
        "bioma": "Cerrado",
        "periodo": "junho de 2026",
        "sinal_publico": "foco de calor observado",
        "evidence_class": "sinal forte"
      }
    },
    {
      "type": "Feature",
      "geometry": {
        "type": "Point",
        "coordinates": [
          -52.7867,
          -11.5499
        ]
      },
      "properties": {
        "municipio": "SÃO FÉLIX DO ARAGUAIA",
        "estado": "MATO GROSSO",
        "bioma": "Amazônia",
        "periodo": "junho de 2026",
        "sinal_publico": "foco de calor observado",
        "evidence_class": "sinal forte"
      }
    },
    {
      "type": "Feature",
      "geometry": {
        "type": "Point",
        "coordinates": [
          -58.4033,
          -12.4473
        ]
      },
      "properties": {
        "municipio": "BRASNORTE",
        "estado": "MATO GROSSO",
        "bioma": "Cerrado",
        "periodo": "junho de 2026",
        "sinal_publico": "foco de calor observado",
        "evidence_class": "sinal forte"
      }
    },
    {
      "type": "Feature",
      "geometry": {
        "type": "Point",
        "coordinates": [
          -58.4627,
          -12.4466
        ]
      },
      "properties": {
        "municipio": "SAPEZAL",
        "estado": "MATO GROSSO",
        "bioma": "Cerrado",
        "periodo": "junho de 2026",
        "sinal_publico": "foco de calor observado",
        "evidence_class": "sinal forte"
      }
    },
    {
      "type": "Feature",
      "geometry": {
        "type": "Point",
        "coordinates": [
          -57.2888,
          -12.2136
        ]
      },
      "properties": {
        "municipio": "NOVA MARINGÁ",
        "estado": "MATO GROSSO",
        "bioma": "Amazônia",
        "periodo": "junho de 2026",
        "sinal_publico": "foco de calor observado",
        "evidence_class": "sinal forte"
      }
    },
    {
      "type": "Feature",
      "geometry": {
        "type": "Point",
        "coordinates": [
          -46.929,
          -10.9518
        ]
      },
      "properties": {
        "municipio": "PONTE ALTA DO TOCANTINS",
        "estado": "TOCANTINS",
        "bioma": "Cerrado",
        "periodo": "junho de 2026",
        "sinal_publico": "foco de calor observado",
        "evidence_class": "sinal forte"
      }
    },
    {
      "type": "Feature",
      "geometry": {
        "type": "Point",
        "coordinates": [
          -58.4612,
          -12.4656
        ]
      },
      "properties": {
        "municipio": "SAPEZAL",
        "estado": "MATO GROSSO",
        "bioma": "Cerrado",
        "periodo": "junho de 2026",
        "sinal_publico": "foco de calor observado",
        "evidence_class": "sinal forte"
      }
    },
    {
      "type": "Feature",
      "geometry": {
        "type": "Point",
        "coordinates": [
          -46.9514,
          -10.9515
        ]
      },
      "properties": {
        "municipio": "PONTE ALTA DO TOCANTINS",
        "estado": "TOCANTINS",
        "bioma": "Cerrado",
        "periodo": "junho de 2026",
        "sinal_publico": "foco de calor observado",
        "evidence_class": "sinal forte"
      }
    },
    {
      "type": "Feature",
      "geometry": {
        "type": "Point",
        "coordinates": [
          -57.8329,
          -11.886
        ]
      },
      "properties": {
        "municipio": "JUARA",
        "estado": "MATO GROSSO",
        "bioma": "Amazônia",
        "periodo": "junho de 2026",
        "sinal_publico": "foco de calor observado",
        "evidence_class": "sinal forte"
      }
    },
    {
      "type": "Feature",
      "geometry": {
        "type": "Point",
        "coordinates": [
          -47.0362,
          -10.9882
        ]
      },
      "properties": {
        "municipio": "PONTE ALTA DO TOCANTINS",
        "estado": "TOCANTINS",
        "bioma": "Cerrado",
        "periodo": "junho de 2026",
        "sinal_publico": "foco de calor observado",
        "evidence_class": "sinal forte"
      }
    },
    {
      "type": "Feature",
      "geometry": {
        "type": "Point",
        "coordinates": [
          -58.4627,
          -12.4466
        ]
      },
      "properties": {
        "municipio": "SAPEZAL",
        "estado": "MATO GROSSO",
        "bioma": "Cerrado",
        "periodo": "junho de 2026",
        "sinal_publico": "foco de calor observado",
        "evidence_class": "sinal forte"
      }
    },
    {
      "type": "Feature",
      "geometry": {
        "type": "Point",
        "coordinates": [
          -58.97592,
          -14.19599
        ]
      },
      "properties": {
        "municipio": "TANGARÁ DA SERRA",
        "estado": "MATO GROSSO",
        "bioma": "Cerrado",
        "periodo": "junho de 2026",
        "sinal_publico": "foco de calor observado",
        "evidence_class": "sinal forte"
      }
    },
    {
      "type": "Feature",
      "geometry": {
        "type": "Point",
        "coordinates": [
          -58.98177,
          -14.19723
        ]
      },
      "properties": {
        "municipio": "TANGARÁ DA SERRA",
        "estado": "MATO GROSSO",
        "bioma": "Cerrado",
        "periodo": "junho de 2026",
        "sinal_publico": "foco de calor observado",
        "evidence_class": "sinal forte"
      }
    },
    {
      "type": "Feature",
      "geometry": {
        "type": "Point",
        "coordinates": [
          -52.7848,
          -11.5688
        ]
      },
      "properties": {
        "municipio": "SÃO FÉLIX DO ARAGUAIA",
        "estado": "MATO GROSSO",
        "bioma": "Amazônia",
        "periodo": "junho de 2026",
        "sinal_publico": "foco de calor observado",
        "evidence_class": "sinal forte"
      }
    },
    {
      "type": "Feature",
      "geometry": {
        "type": "Point",
        "coordinates": [
          -57.2672,
          -12.2327
        ]
      },
      "properties": {
        "municipio": "NOVA MARINGÁ",
        "estado": "MATO GROSSO",
        "bioma": "Amazônia",
        "periodo": "junho de 2026",
        "sinal_publico": "foco de calor observado",
        "evidence_class": "sinal forte"
      }
    },
    {
      "type": "Feature",
      "geometry": {
        "type": "Point",
        "coordinates": [
          -52.8057,
          -11.5686
        ]
      },
      "properties": {
        "municipio": "SÃO FÉLIX DO ARAGUAIA",
        "estado": "MATO GROSSO",
        "bioma": "Amazônia",
        "periodo": "junho de 2026",
        "sinal_publico": "foco de calor observado",
        "evidence_class": "sinal forte"
      }
    },
    {
      "type": "Feature",
      "geometry": {
        "type": "Point",
        "coordinates": [
          -57.8329,
          -11.886
        ]
      },
      "properties": {
        "municipio": "JUARA",
        "estado": "MATO GROSSO",
        "bioma": "Amazônia",
        "periodo": "junho de 2026",
        "sinal_publico": "foco de calor observado",
        "evidence_class": "sinal forte"
      }
    },
    {
      "type": "Feature",
      "geometry": {
        "type": "Point",
        "coordinates": [
          -50.6074,
          -9.0887
        ]
      },
      "properties": {
        "municipio": "SANTANA DO ARAGUAIA",
        "estado": "PARÁ",
        "bioma": "Amazônia",
        "periodo": "junho de 2026",
        "sinal_publico": "foco de calor observado",
        "evidence_class": "sinal forte"
      }
    },
    {
      "type": "Feature",
      "geometry": {
        "type": "Point",
        "coordinates": [
          -52.7848,
          -11.5688
        ]
      },
      "properties": {
        "municipio": "SÃO FÉLIX DO ARAGUAIA",
        "estado": "MATO GROSSO",
        "bioma": "Amazônia",
        "periodo": "junho de 2026",
        "sinal_publico": "foco de calor observado",
        "evidence_class": "sinal forte"
      }
    },
    {
      "type": "Feature",
      "geometry": {
        "type": "Point",
        "coordinates": [
          -57.2688,
          -12.2138
        ]
      },
      "properties": {
        "municipio": "NOVA MARINGÁ",
        "estado": "MATO GROSSO",
        "bioma": "Amazônia",
        "periodo": "junho de 2026",
        "sinal_publico": "foco de calor observado",
        "evidence_class": "sinal forte"
      }
    },
    {
      "type": "Feature",
      "geometry": {
        "type": "Point",
        "coordinates": [
          -46.46656,
          -10.04519
        ]
      },
      "properties": {
        "municipio": "SÃO FÉLIX DO TOCANTINS",
        "estado": "TOCANTINS",
        "bioma": "Cerrado",
        "periodo": "junho de 2026",
        "sinal_publico": "foco de calor observado",
        "evidence_class": "sinal forte"
      }
    },
    {
      "type": "Feature",
      "geometry": {
        "type": "Point",
        "coordinates": [
          -58.4033,
          -12.4473
        ]
      },
      "properties": {
        "municipio": "BRASNORTE",
        "estado": "MATO GROSSO",
        "bioma": "Cerrado",
        "periodo": "junho de 2026",
        "sinal_publico": "foco de calor observado",
        "evidence_class": "sinal forte"
      }
    },
    {
      "type": "Feature",
      "geometry": {
        "type": "Point",
        "coordinates": [
          -52.8076,
          -11.5496
        ]
      },
      "properties": {
        "municipio": "SÃO FÉLIX DO ARAGUAIA",
        "estado": "MATO GROSSO",
        "bioma": "Amazônia",
        "periodo": "junho de 2026",
        "sinal_publico": "foco de calor observado",
        "evidence_class": "sinal forte"
      }
    },
    {
      "type": "Feature",
      "geometry": {
        "type": "Point",
        "coordinates": [
          -58.4033,
          -12.4473
        ]
      },
      "properties": {
        "municipio": "BRASNORTE",
        "estado": "MATO GROSSO",
        "bioma": "Cerrado",
        "periodo": "junho de 2026",
        "sinal_publico": "foco de calor observado",
        "evidence_class": "sinal forte"
      }
    },
    {
      "type": "Feature",
      "geometry": {
        "type": "Point",
        "coordinates": [
          -58.481,
          -12.4654
        ]
      },
      "properties": {
        "municipio": "SAPEZAL",
        "estado": "MATO GROSSO",
        "bioma": "Cerrado",
        "periodo": "junho de 2026",
        "sinal_publico": "foco de calor observado",
        "evidence_class": "sinal forte"
      }
    },
    {
      "type": "Feature",
      "geometry": {
        "type": "Point",
        "coordinates": [
          -58.481,
          -12.4654
        ]
      },
      "properties": {
        "municipio": "SAPEZAL",
        "estado": "MATO GROSSO",
        "bioma": "Cerrado",
        "periodo": "junho de 2026",
        "sinal_publico": "foco de calor observado",
        "evidence_class": "sinal forte"
      }
    },
    {
      "type": "Feature",
      "geometry": {
        "type": "Point",
        "coordinates": [
          -58.9722,
          -14.1924
        ]
      },
      "properties": {
        "municipio": "TANGARÁ DA SERRA",
        "estado": "MATO GROSSO",
        "bioma": "Cerrado",
        "periodo": "junho de 2026",
        "sinal_publico": "foco de calor observado",
        "evidence_class": "sinal forte"
      }
    },
    {
      "type": "Feature",
      "geometry": {
        "type": "Point",
        "coordinates": [
          -52.7867,
          -11.5499
        ]
      },
      "properties": {
        "municipio": "SÃO FÉLIX DO ARAGUAIA",
        "estado": "MATO GROSSO",
        "bioma": "Amazônia",
        "periodo": "junho de 2026",
        "sinal_publico": "foco de calor observado",
        "evidence_class": "sinal forte"
      }
    },
    {
      "type": "Feature",
      "geometry": {
        "type": "Point",
        "coordinates": [
          -58.4033,
          -12.4473
        ]
      },
      "properties": {
        "municipio": "BRASNORTE",
        "estado": "MATO GROSSO",
        "bioma": "Cerrado",
        "periodo": "junho de 2026",
        "sinal_publico": "foco de calor observado",
        "evidence_class": "sinal forte"
      }
    },
    {
      "type": "Feature",
      "geometry": {
        "type": "Point",
        "coordinates": [
          -50.6074,
          -9.0887
        ]
      },
      "properties": {
        "municipio": "SANTANA DO ARAGUAIA",
        "estado": "PARÁ",
        "bioma": "Amazônia",
        "periodo": "junho de 2026",
        "sinal_publico": "foco de calor observado",
        "evidence_class": "sinal forte"
      }
    },
    {
      "type": "Feature",
      "geometry": {
        "type": "Point",
        "coordinates": [
          -57.2688,
          -12.2138
        ]
      },
      "properties": {
        "municipio": "NOVA MARINGÁ",
        "estado": "MATO GROSSO",
        "bioma": "Amazônia",
        "periodo": "junho de 2026",
        "sinal_publico": "foco de calor observado",
        "evidence_class": "sinal forte"
      }
    },
    {
      "type": "Feature",
      "geometry": {
        "type": "Point",
        "coordinates": [
          -50.6074,
          -9.0887
        ]
      },
      "properties": {
        "municipio": "SANTANA DO ARAGUAIA",
        "estado": "PARÁ",
        "bioma": "Amazônia",
        "periodo": "junho de 2026",
        "sinal_publico": "foco de calor observado",
        "evidence_class": "sinal forte"
      }
    },
    {
      "type": "Feature",
      "geometry": {
        "type": "Point",
        "coordinates": [
          -42.643,
          -17.3041
        ]
      },
      "properties": {
        "municipio": "MINAS NOVAS",
        "estado": "MINAS GERAIS",
        "bioma": "Cerrado",
        "periodo": "junho de 2026",
        "sinal_publico": "foco de calor observado",
        "evidence_class": "sinal forte"
      }
    },
    {
      "type": "Feature",
      "geometry": {
        "type": "Point",
        "coordinates": [
          -58.481,
          -12.4654
        ]
      },
      "properties": {
        "municipio": "SAPEZAL",
        "estado": "MATO GROSSO",
        "bioma": "Cerrado",
        "periodo": "junho de 2026",
        "sinal_publico": "foco de calor observado",
        "evidence_class": "sinal forte"
      }
    },
    {
      "type": "Feature",
      "geometry": {
        "type": "Point",
        "coordinates": [
          -57.2688,
          -12.2138
        ]
      },
      "properties": {
        "municipio": "NOVA MARINGÁ",
        "estado": "MATO GROSSO",
        "bioma": "Amazônia",
        "periodo": "junho de 2026",
        "sinal_publico": "foco de calor observado",
        "evidence_class": "sinal forte"
      }
    },
    {
      "type": "Feature",
      "geometry": {
        "type": "Point",
        "coordinates": [
          -57.8329,
          -11.886
        ]
      },
      "properties": {
        "municipio": "JUARA",
        "estado": "MATO GROSSO",
        "bioma": "Amazônia",
        "periodo": "junho de 2026",
        "sinal_publico": "foco de calor observado",
        "evidence_class": "sinal forte"
      }
    },
    {
      "type": "Feature",
      "geometry": {
        "type": "Point",
        "coordinates": [
          -52.7867,
          -11.5499
        ]
      },
      "properties": {
        "municipio": "SÃO FÉLIX DO ARAGUAIA",
        "estado": "MATO GROSSO",
        "bioma": "Amazônia",
        "periodo": "junho de 2026",
        "sinal_publico": "foco de calor observado",
        "evidence_class": "sinal forte"
      }
    },
    {
      "type": "Feature",
      "geometry": {
        "type": "Point",
        "coordinates": [
          -50.6074,
          -9.0887
        ]
      },
      "properties": {
        "municipio": "SANTANA DO ARAGUAIA",
        "estado": "PARÁ",
        "bioma": "Amazônia",
        "periodo": "junho de 2026",
        "sinal_publico": "foco de calor observado",
        "evidence_class": "sinal forte"
      }
    },
    {
      "type": "Feature",
      "geometry": {
        "type": "Point",
        "coordinates": [
          -58.4627,
          -12.4466
        ]
      },
      "properties": {
        "municipio": "SAPEZAL",
        "estado": "MATO GROSSO",
        "bioma": "Cerrado",
        "periodo": "junho de 2026",
        "sinal_publico": "foco de calor observado",
        "evidence_class": "sinal forte"
      }
    },
    {
      "type": "Feature",
      "geometry": {
        "type": "Point",
        "coordinates": [
          -52.7848,
          -11.5688
        ]
      },
      "properties": {
        "municipio": "SÃO FÉLIX DO ARAGUAIA",
        "estado": "MATO GROSSO",
        "bioma": "Amazônia",
        "periodo": "junho de 2026",
        "sinal_publico": "foco de calor observado",
        "evidence_class": "sinal forte"
      }
    },
    {
      "type": "Feature",
      "geometry": {
        "type": "Point",
        "coordinates": [
          -58.484,
          -12.4274
        ]
      },
      "properties": {
        "municipio": "SAPEZAL",
        "estado": "MATO GROSSO",
        "bioma": "Cerrado",
        "periodo": "junho de 2026",
        "sinal_publico": "foco de calor observado",
        "evidence_class": "sinal forte"
      }
    },
    {
      "type": "Feature",
      "geometry": {
        "type": "Point",
        "coordinates": [
          -57.8329,
          -11.886
        ]
      },
      "properties": {
        "municipio": "JUARA",
        "estado": "MATO GROSSO",
        "bioma": "Amazônia",
        "periodo": "junho de 2026",
        "sinal_publico": "foco de calor observado",
        "evidence_class": "sinal forte"
      }
    },
    {
      "type": "Feature",
      "geometry": {
        "type": "Point",
        "coordinates": [
          -57.8329,
          -11.886
        ]
      },
      "properties": {
        "municipio": "JUARA",
        "estado": "MATO GROSSO",
        "bioma": "Amazônia",
        "periodo": "junho de 2026",
        "sinal_publico": "foco de calor observado",
        "evidence_class": "sinal forte"
      }
    },
    {
      "type": "Feature",
      "geometry": {
        "type": "Point",
        "coordinates": [
          -52.7867,
          -11.5499
        ]
      },
      "properties": {
        "municipio": "SÃO FÉLIX DO ARAGUAIA",
        "estado": "MATO GROSSO",
        "bioma": "Amazônia",
        "periodo": "junho de 2026",
        "sinal_publico": "foco de calor observado",
        "evidence_class": "sinal forte"
      }
    },
    {
      "type": "Feature",
      "geometry": {
        "type": "Point",
        "coordinates": [
          -46.9714,
          -10.9702
        ]
      },
      "properties": {
        "municipio": "PONTE ALTA DO TOCANTINS",
        "estado": "TOCANTINS",
        "bioma": "Cerrado",
        "periodo": "junho de 2026",
        "sinal_publico": "foco de calor observado",
        "evidence_class": "sinal forte"
      }
    },
    {
      "type": "Feature",
      "geometry": {
        "type": "Point",
        "coordinates": [
          -58.4033,
          -12.4473
        ]
      },
      "properties": {
        "municipio": "BRASNORTE",
        "estado": "MATO GROSSO",
        "bioma": "Cerrado",
        "periodo": "junho de 2026",
        "sinal_publico": "foco de calor observado",
        "evidence_class": "sinal forte"
      }
    },
    {
      "type": "Feature",
      "geometry": {
        "type": "Point",
        "coordinates": [
          -57.2872,
          -12.2325
        ]
      },
      "properties": {
        "municipio": "NOVA MARINGÁ",
        "estado": "MATO GROSSO",
        "bioma": "Amazônia",
        "periodo": "junho de 2026",
        "sinal_publico": "foco de calor observado",
        "evidence_class": "sinal forte"
      }
    },
    {
      "type": "Feature",
      "geometry": {
        "type": "Point",
        "coordinates": [
          -58.4033,
          -12.4473
        ]
      },
      "properties": {
        "municipio": "BRASNORTE",
        "estado": "MATO GROSSO",
        "bioma": "Cerrado",
        "periodo": "junho de 2026",
        "sinal_publico": "foco de calor observado",
        "evidence_class": "sinal forte"
      }
    },
    {
      "type": "Feature",
      "geometry": {
        "type": "Point",
        "coordinates": [
          -41.8911,
          -15.3244
        ]
      },
      "properties": {
        "municipio": "SÃO JOÃO DO PARAÍSO",
        "estado": "MINAS GERAIS",
        "bioma": "Mata Atlântica",
        "periodo": "junho de 2026",
        "sinal_publico": "foco de calor observado",
        "evidence_class": "sinal forte"
      }
    },
    {
      "type": "Feature",
      "geometry": {
        "type": "Point",
        "coordinates": [
          -52.7848,
          -11.5688
        ]
      },
      "properties": {
        "municipio": "SÃO FÉLIX DO ARAGUAIA",
        "estado": "MATO GROSSO",
        "bioma": "Amazônia",
        "periodo": "junho de 2026",
        "sinal_publico": "foco de calor observado",
        "evidence_class": "sinal forte"
      }
    },
    {
      "type": "Feature",
      "geometry": {
        "type": "Point",
        "coordinates": [
          -52.975,
          -12.7256
        ]
      },
      "properties": {
        "municipio": "GAÚCHA DO NORTE",
        "estado": "MATO GROSSO",
        "bioma": "Amazônia",
        "periodo": "junho de 2026",
        "sinal_publico": "foco de calor observado",
        "evidence_class": "sinal forte"
      }
    },
    {
      "type": "Feature",
      "geometry": {
        "type": "Point",
        "coordinates": [
          -50.6074,
          -9.0887
        ]
      },
      "properties": {
        "municipio": "SANTANA DO ARAGUAIA",
        "estado": "PARÁ",
        "bioma": "Amazônia",
        "periodo": "junho de 2026",
        "sinal_publico": "foco de calor observado",
        "evidence_class": "sinal forte"
      }
    },
    {
      "type": "Feature",
      "geometry": {
        "type": "Point",
        "coordinates": [
          -52.7867,
          -11.5499
        ]
      },
      "properties": {
        "municipio": "SÃO FÉLIX DO ARAGUAIA",
        "estado": "MATO GROSSO",
        "bioma": "Amazônia",
        "periodo": "junho de 2026",
        "sinal_publico": "foco de calor observado",
        "evidence_class": "sinal forte"
      }
    },
    {
      "type": "Feature",
      "geometry": {
        "type": "Point",
        "coordinates": [
          -58.4033,
          -12.4473
        ]
      },
      "properties": {
        "municipio": "BRASNORTE",
        "estado": "MATO GROSSO",
        "bioma": "Cerrado",
        "periodo": "junho de 2026",
        "sinal_publico": "foco de calor observado",
        "evidence_class": "sinal forte"
      }
    },
    {
      "type": "Feature",
      "geometry": {
        "type": "Point",
        "coordinates": [
          -52.7867,
          -11.5499
        ]
      },
      "properties": {
        "municipio": "SÃO FÉLIX DO ARAGUAIA",
        "estado": "MATO GROSSO",
        "bioma": "Amazônia",
        "periodo": "junho de 2026",
        "sinal_publico": "foco de calor observado",
        "evidence_class": "sinal forte"
      }
    },
    {
      "type": "Feature",
      "geometry": {
        "type": "Point",
        "coordinates": [
          -52.8057,
          -11.5686
        ]
      },
      "properties": {
        "municipio": "SÃO FÉLIX DO ARAGUAIA",
        "estado": "MATO GROSSO",
        "bioma": "Amazônia",
        "periodo": "junho de 2026",
        "sinal_publico": "foco de calor observado",
        "evidence_class": "sinal forte"
      }
    },
    {
      "type": "Feature",
      "geometry": {
        "type": "Point",
        "coordinates": [
          -58.4231,
          -12.4471
        ]
      },
      "properties": {
        "municipio": "BRASNORTE",
        "estado": "MATO GROSSO",
        "bioma": "Cerrado",
        "periodo": "junho de 2026",
        "sinal_publico": "foco de calor observado",
        "evidence_class": "sinal forte"
      }
    },
    {
      "type": "Feature",
      "geometry": {
        "type": "Point",
        "coordinates": [
          -58.98774,
          -14.19849
        ]
      },
      "properties": {
        "municipio": "TANGARÁ DA SERRA",
        "estado": "MATO GROSSO",
        "bioma": "Cerrado",
        "periodo": "junho de 2026",
        "sinal_publico": "foco de calor observado",
        "evidence_class": "sinal forte"
      }
    },
    {
      "type": "Feature",
      "geometry": {
        "type": "Point",
        "coordinates": [
          -58.9722,
          -14.1924
        ]
      },
      "properties": {
        "municipio": "TANGARÁ DA SERRA",
        "estado": "MATO GROSSO",
        "bioma": "Cerrado",
        "periodo": "junho de 2026",
        "sinal_publico": "foco de calor observado",
        "evidence_class": "sinal forte"
      }
    },
    {
      "type": "Feature",
      "geometry": {
        "type": "Point",
        "coordinates": [
          -58.4033,
          -12.4473
        ]
      },
      "properties": {
        "municipio": "BRASNORTE",
        "estado": "MATO GROSSO",
        "bioma": "Cerrado",
        "periodo": "junho de 2026",
        "sinal_publico": "foco de calor observado",
        "evidence_class": "sinal forte"
      }
    },
    {
      "type": "Feature",
      "geometry": {
        "type": "Point",
        "coordinates": [
          -52.7867,
          -11.5499
        ]
      },
      "properties": {
        "municipio": "SÃO FÉLIX DO ARAGUAIA",
        "estado": "MATO GROSSO",
        "bioma": "Amazônia",
        "periodo": "junho de 2026",
        "sinal_publico": "foco de calor observado",
        "evidence_class": "sinal forte"
      }
    },
    {
      "type": "Feature",
      "geometry": {
        "type": "Point",
        "coordinates": [
          -58.4231,
          -12.4471
        ]
      },
      "properties": {
        "municipio": "BRASNORTE",
        "estado": "MATO GROSSO",
        "bioma": "Cerrado",
        "periodo": "junho de 2026",
        "sinal_publico": "foco de calor observado",
        "evidence_class": "sinal forte"
      }
    },
    {
      "type": "Feature",
      "geometry": {
        "type": "Point",
        "coordinates": [
          -58.41341,
          -12.45391
        ]
      },
      "properties": {
        "municipio": "BRASNORTE",
        "estado": "MATO GROSSO",
        "bioma": "Cerrado",
        "periodo": "junho de 2026",
        "sinal_publico": "foco de calor observado",
        "evidence_class": "sinal forte"
      }
    },
    {
      "type": "Feature",
      "geometry": {
        "type": "Point",
        "coordinates": [
          -58.9921,
          -14.1921
        ]
      },
      "properties": {
        "municipio": "TANGARÁ DA SERRA",
        "estado": "MATO GROSSO",
        "bioma": "Cerrado",
        "periodo": "junho de 2026",
        "sinal_publico": "foco de calor observado",
        "evidence_class": "sinal forte"
      }
    },
    {
      "type": "Feature",
      "geometry": {
        "type": "Point",
        "coordinates": [
          -52.7848,
          -11.5688
        ]
      },
      "properties": {
        "municipio": "SÃO FÉLIX DO ARAGUAIA",
        "estado": "MATO GROSSO",
        "bioma": "Amazônia",
        "periodo": "junho de 2026",
        "sinal_publico": "foco de calor observado",
        "evidence_class": "sinal forte"
      }
    },
    {
      "type": "Feature",
      "geometry": {
        "type": "Point",
        "coordinates": [
          -50.2704,
          -9.5248
        ]
      },
      "properties": {
        "municipio": "SANTANA DO ARAGUAIA",
        "estado": "PARÁ",
        "bioma": "Amazônia",
        "periodo": "junho de 2026",
        "sinal_publico": "foco de calor observado",
        "evidence_class": "sinal forte"
      }
    },
    {
      "type": "Feature",
      "geometry": {
        "type": "Point",
        "coordinates": [
          -57.2672,
          -12.2327
        ]
      },
      "properties": {
        "municipio": "NOVA MARINGÁ",
        "estado": "MATO GROSSO",
        "bioma": "Amazônia",
        "periodo": "junho de 2026",
        "sinal_publico": "foco de calor observado",
        "evidence_class": "sinal forte"
      }
    },
    {
      "type": "Feature",
      "geometry": {
        "type": "Point",
        "coordinates": [
          -47.0139,
          -10.9886
        ]
      },
      "properties": {
        "municipio": "PONTE ALTA DO TOCANTINS",
        "estado": "TOCANTINS",
        "bioma": "Cerrado",
        "periodo": "junho de 2026",
        "sinal_publico": "foco de calor observado",
        "evidence_class": "sinal forte"
      }
    },
    {
      "type": "Feature",
      "geometry": {
        "type": "Point",
        "coordinates": [
          -53.7442,
          -10.8385
        ]
      },
      "properties": {
        "municipio": "MARCELÂNDIA",
        "estado": "MATO GROSSO",
        "bioma": "Amazônia",
        "periodo": "junho de 2026",
        "sinal_publico": "foco de calor observado",
        "evidence_class": "sinal forte"
      }
    },
    {
      "type": "Feature",
      "geometry": {
        "type": "Point",
        "coordinates": [
          -58.484,
          -12.4274
        ]
      },
      "properties": {
        "municipio": "SAPEZAL",
        "estado": "MATO GROSSO",
        "bioma": "Cerrado",
        "periodo": "junho de 2026",
        "sinal_publico": "foco de calor observado",
        "evidence_class": "sinal forte"
      }
    },
    {
      "type": "Feature",
      "geometry": {
        "type": "Point",
        "coordinates": [
          -52.7848,
          -11.5688
        ]
      },
      "properties": {
        "municipio": "SÃO FÉLIX DO ARAGUAIA",
        "estado": "MATO GROSSO",
        "bioma": "Amazônia",
        "periodo": "junho de 2026",
        "sinal_publico": "foco de calor observado",
        "evidence_class": "sinal forte"
      }
    },
    {
      "type": "Feature",
      "geometry": {
        "type": "Point",
        "coordinates": [
          -52.8076,
          -11.5496
        ]
      },
      "properties": {
        "municipio": "SÃO FÉLIX DO ARAGUAIA",
        "estado": "MATO GROSSO",
        "bioma": "Amazônia",
        "periodo": "junho de 2026",
        "sinal_publico": "foco de calor observado",
        "evidence_class": "sinal forte"
      }
    },
    {
      "type": "Feature",
      "geometry": {
        "type": "Point",
        "coordinates": [
          -58.484,
          -12.4274
        ]
      },
      "properties": {
        "municipio": "SAPEZAL",
        "estado": "MATO GROSSO",
        "bioma": "Cerrado",
        "periodo": "junho de 2026",
        "sinal_publico": "foco de calor observado",
        "evidence_class": "sinal forte"
      }
    },
    {
      "type": "Feature",
      "geometry": {
        "type": "Point",
        "coordinates": [
          -58.4612,
          -12.4656
        ]
      },
      "properties": {
        "municipio": "SAPEZAL",
        "estado": "MATO GROSSO",
        "bioma": "Cerrado",
        "periodo": "junho de 2026",
        "sinal_publico": "foco de calor observado",
        "evidence_class": "sinal forte"
      }
    },
    {
      "type": "Feature",
      "geometry": {
        "type": "Point",
        "coordinates": [
          -58.4612,
          -12.4656
        ]
      },
      "properties": {
        "municipio": "SAPEZAL",
        "estado": "MATO GROSSO",
        "bioma": "Cerrado",
        "periodo": "junho de 2026",
        "sinal_publico": "foco de calor observado",
        "evidence_class": "sinal forte"
      }
    },
    {
      "type": "Feature",
      "geometry": {
        "type": "Point",
        "coordinates": [
          -57.2904,
          -12.1946
        ]
      },
      "properties": {
        "municipio": "NOVA MARINGÁ",
        "estado": "MATO GROSSO",
        "bioma": "Amazônia",
        "periodo": "junho de 2026",
        "sinal_publico": "foco de calor observado",
        "evidence_class": "sinal forte"
      }
    },
    {
      "type": "Feature",
      "geometry": {
        "type": "Point",
        "coordinates": [
          -59.1443,
          -14.4969
        ]
      },
      "properties": {
        "municipio": "CONQUISTA D'OESTE",
        "estado": "MATO GROSSO",
        "bioma": "Cerrado",
        "periodo": "junho de 2026",
        "sinal_publico": "foco de calor observado",
        "evidence_class": "sinal forte"
      }
    },
    {
      "type": "Feature",
      "geometry": {
        "type": "Point",
        "coordinates": [
          -41.8911,
          -15.3244
        ]
      },
      "properties": {
        "municipio": "SÃO JOÃO DO PARAÍSO",
        "estado": "MINAS GERAIS",
        "bioma": "Mata Atlântica",
        "periodo": "junho de 2026",
        "sinal_publico": "foco de calor observado",
        "evidence_class": "sinal forte"
      }
    },
    {
      "type": "Feature",
      "geometry": {
        "type": "Point",
        "coordinates": [
          -54.7321,
          -12.739
        ]
      },
      "properties": {
        "municipio": "NOVA UBIRATÃ",
        "estado": "MATO GROSSO",
        "bioma": "Amazônia",
        "periodo": "junho de 2026",
        "sinal_publico": "foco de calor observado",
        "evidence_class": "sinal forte"
      }
    },
    {
      "type": "Feature",
      "geometry": {
        "type": "Point",
        "coordinates": [
          -58.4627,
          -12.4466
        ]
      },
      "properties": {
        "municipio": "SAPEZAL",
        "estado": "MATO GROSSO",
        "bioma": "Cerrado",
        "periodo": "junho de 2026",
        "sinal_publico": "foco de calor observado",
        "evidence_class": "sinal forte"
      }
    },
    {
      "type": "Feature",
      "geometry": {
        "type": "Point",
        "coordinates": [
          -50.2491,
          -9.5251
        ]
      },
      "properties": {
        "municipio": "SANTANA DO ARAGUAIA",
        "estado": "PARÁ",
        "bioma": "Amazônia",
        "periodo": "junho de 2026",
        "sinal_publico": "foco de calor observado",
        "evidence_class": "sinal forte"
      }
    },
    {
      "type": "Feature",
      "geometry": {
        "type": "Point",
        "coordinates": [
          -47.93826,
          -6.85216
        ]
      },
      "properties": {
        "municipio": "WANDERLÂNDIA",
        "estado": "TOCANTINS",
        "bioma": "Cerrado",
        "periodo": "junho de 2026",
        "sinal_publico": "foco de calor observado",
        "evidence_class": "sinal forte"
      }
    },
    {
      "type": "Feature",
      "geometry": {
        "type": "Point",
        "coordinates": [
          -47.94324,
          -6.85303
        ]
      },
      "properties": {
        "municipio": "WANDERLÂNDIA",
        "estado": "TOCANTINS",
        "bioma": "Cerrado",
        "periodo": "junho de 2026",
        "sinal_publico": "foco de calor observado",
        "evidence_class": "sinal forte"
      }
    },
    {
      "type": "Feature",
      "geometry": {
        "type": "Point",
        "coordinates": [
          -54.116,
          -12.3289
        ]
      },
      "properties": {
        "municipio": "NOVA UBIRATÃ",
        "estado": "MATO GROSSO",
        "bioma": "Amazônia",
        "periodo": "junho de 2026",
        "sinal_publico": "foco de calor observado",
        "evidence_class": "sinal forte"
      }
    },
    {
      "type": "Feature",
      "geometry": {
        "type": "Point",
        "coordinates": [
          -58.481,
          -12.4654
        ]
      },
      "properties": {
        "municipio": "SAPEZAL",
        "estado": "MATO GROSSO",
        "bioma": "Cerrado",
        "periodo": "junho de 2026",
        "sinal_publico": "foco de calor observado",
        "evidence_class": "sinal forte"
      }
    },
    {
      "type": "Feature",
      "geometry": {
        "type": "Point",
        "coordinates": [
          -54.7321,
          -12.739
        ]
      },
      "properties": {
        "municipio": "NOVA UBIRATÃ",
        "estado": "MATO GROSSO",
        "bioma": "Amazônia",
        "periodo": "junho de 2026",
        "sinal_publico": "foco de calor observado",
        "evidence_class": "sinal forte"
      }
    },
    {
      "type": "Feature",
      "geometry": {
        "type": "Point",
        "coordinates": [
          -58.4627,
          -12.4466
        ]
      },
      "properties": {
        "municipio": "SAPEZAL",
        "estado": "MATO GROSSO",
        "bioma": "Cerrado",
        "periodo": "junho de 2026",
        "sinal_publico": "foco de calor observado",
        "evidence_class": "sinal forte"
      }
    },
    {
      "type": "Feature",
      "geometry": {
        "type": "Point",
        "coordinates": [
          -54.7321,
          -12.739
        ]
      },
      "properties": {
        "municipio": "NOVA UBIRATÃ",
        "estado": "MATO GROSSO",
        "bioma": "Amazônia",
        "periodo": "junho de 2026",
        "sinal_publico": "foco de calor observado",
        "evidence_class": "sinal forte"
      }
    },
    {
      "type": "Feature",
      "geometry": {
        "type": "Point",
        "coordinates": [
          -59.38459,
          -14.1087
        ]
      },
      "properties": {
        "municipio": "NOVA LACERDA",
        "estado": "MATO GROSSO",
        "bioma": "Cerrado",
        "periodo": "junho de 2026",
        "sinal_publico": "foco de calor observado",
        "evidence_class": "sinal forte"
      }
    },
    {
      "type": "Feature",
      "geometry": {
        "type": "Point",
        "coordinates": [
          -52.8057,
          -11.5686
        ]
      },
      "properties": {
        "municipio": "SÃO FÉLIX DO ARAGUAIA",
        "estado": "MATO GROSSO",
        "bioma": "Amazônia",
        "periodo": "junho de 2026",
        "sinal_publico": "foco de calor observado",
        "evidence_class": "sinal forte"
      }
    },
    {
      "type": "Feature",
      "geometry": {
        "type": "Point",
        "coordinates": [
          -46.35439,
          -10.25785
        ]
      },
      "properties": {
        "municipio": "MATEIROS",
        "estado": "TOCANTINS",
        "bioma": "Cerrado",
        "periodo": "junho de 2026",
        "sinal_publico": "foco de calor observado",
        "evidence_class": "sinal forte"
      }
    },
    {
      "type": "Feature",
      "geometry": {
        "type": "Point",
        "coordinates": [
          -58.4642,
          -12.4277
        ]
      },
      "properties": {
        "municipio": "SAPEZAL",
        "estado": "MATO GROSSO",
        "bioma": "Cerrado",
        "periodo": "junho de 2026",
        "sinal_publico": "foco de calor observado",
        "evidence_class": "sinal forte"
      }
    },
    {
      "type": "Feature",
      "geometry": {
        "type": "Point",
        "coordinates": [
          -58.4612,
          -12.4656
        ]
      },
      "properties": {
        "municipio": "SAPEZAL",
        "estado": "MATO GROSSO",
        "bioma": "Cerrado",
        "periodo": "junho de 2026",
        "sinal_publico": "foco de calor observado",
        "evidence_class": "sinal forte"
      }
    },
    {
      "type": "Feature",
      "geometry": {
        "type": "Point",
        "coordinates": [
          -52.8076,
          -11.5496
        ]
      },
      "properties": {
        "municipio": "SÃO FÉLIX DO ARAGUAIA",
        "estado": "MATO GROSSO",
        "bioma": "Amazônia",
        "periodo": "junho de 2026",
        "sinal_publico": "foco de calor observado",
        "evidence_class": "sinal forte"
      }
    },
    {
      "type": "Feature",
      "geometry": {
        "type": "Point",
        "coordinates": [
          -50.6074,
          -9.0887
        ]
      },
      "properties": {
        "municipio": "SANTANA DO ARAGUAIA",
        "estado": "PARÁ",
        "bioma": "Amazônia",
        "periodo": "junho de 2026",
        "sinal_publico": "foco de calor observado",
        "evidence_class": "sinal forte"
      }
    },
    {
      "type": "Feature",
      "geometry": {
        "type": "Point",
        "coordinates": [
          -58.4033,
          -12.4473
        ]
      },
      "properties": {
        "municipio": "BRASNORTE",
        "estado": "MATO GROSSO",
        "bioma": "Cerrado",
        "periodo": "junho de 2026",
        "sinal_publico": "foco de calor observado",
        "evidence_class": "sinal forte"
      }
    },
    {
      "type": "Feature",
      "geometry": {
        "type": "Point",
        "coordinates": [
          -58.7428,
          -14.3101
        ]
      },
      "properties": {
        "municipio": "TANGARÁ DA SERRA",
        "estado": "MATO GROSSO",
        "bioma": "Cerrado",
        "periodo": "junho de 2026",
        "sinal_publico": "foco de calor observado",
        "evidence_class": "sinal forte"
      }
    },
    {
      "type": "Feature",
      "geometry": {
        "type": "Point",
        "coordinates": [
          -57.2872,
          -12.2325
        ]
      },
      "properties": {
        "municipio": "NOVA MARINGÁ",
        "estado": "MATO GROSSO",
        "bioma": "Amazônia",
        "periodo": "junho de 2026",
        "sinal_publico": "foco de calor observado",
        "evidence_class": "sinal forte"
      }
    },
    {
      "type": "Feature",
      "geometry": {
        "type": "Point",
        "coordinates": [
          -58.47285,
          -12.45037
        ]
      },
      "properties": {
        "municipio": "SAPEZAL",
        "estado": "MATO GROSSO",
        "bioma": "Cerrado",
        "periodo": "junho de 2026",
        "sinal_publico": "foco de calor observado",
        "evidence_class": "sinal forte"
      }
    },
    {
      "type": "Feature",
      "geometry": {
        "type": "Point",
        "coordinates": [
          -58.46854,
          -12.45318
        ]
      },
      "properties": {
        "municipio": "SAPEZAL",
        "estado": "MATO GROSSO",
        "bioma": "Cerrado",
        "periodo": "junho de 2026",
        "sinal_publico": "foco de calor observado",
        "evidence_class": "sinal forte"
      }
    },
    {
      "type": "Feature",
      "geometry": {
        "type": "Point",
        "coordinates": [
          -58.4691,
          -12.44977
        ]
      },
      "properties": {
        "municipio": "SAPEZAL",
        "estado": "MATO GROSSO",
        "bioma": "Cerrado",
        "periodo": "junho de 2026",
        "sinal_publico": "foco de calor observado",
        "evidence_class": "sinal forte"
      }
    },
    {
      "type": "Feature",
      "geometry": {
        "type": "Point",
        "coordinates": [
          -58.4723,
          -12.45377
        ]
      },
      "properties": {
        "municipio": "SAPEZAL",
        "estado": "MATO GROSSO",
        "bioma": "Cerrado",
        "periodo": "junho de 2026",
        "sinal_publico": "foco de calor observado",
        "evidence_class": "sinal forte"
      }
    },
    {
      "type": "Feature",
      "geometry": {
        "type": "Point",
        "coordinates": [
          -57.8329,
          -11.886
        ]
      },
      "properties": {
        "municipio": "JUARA",
        "estado": "MATO GROSSO",
        "bioma": "Amazônia",
        "periodo": "junho de 2026",
        "sinal_publico": "foco de calor observado",
        "evidence_class": "sinal forte"
      }
    },
    {
      "type": "Feature",
      "geometry": {
        "type": "Point",
        "coordinates": [
          -57.24734,
          -12.21595
        ]
      },
      "properties": {
        "municipio": "NOVA MARINGÁ",
        "estado": "MATO GROSSO",
        "bioma": "Amazônia",
        "periodo": "junho de 2026",
        "sinal_publico": "foco de calor observado",
        "evidence_class": "sinal forte"
      }
    },
    {
      "type": "Feature",
      "geometry": {
        "type": "Point",
        "coordinates": [
          -59.1244,
          -14.4971
        ]
      },
      "properties": {
        "municipio": "CONQUISTA D'OESTE",
        "estado": "MATO GROSSO",
        "bioma": "Cerrado",
        "periodo": "junho de 2026",
        "sinal_publico": "foco de calor observado",
        "evidence_class": "sinal forte"
      }
    },
    {
      "type": "Feature",
      "geometry": {
        "type": "Point",
        "coordinates": [
          -52.7867,
          -11.5499
        ]
      },
      "properties": {
        "municipio": "SÃO FÉLIX DO ARAGUAIA",
        "estado": "MATO GROSSO",
        "bioma": "Amazônia",
        "periodo": "junho de 2026",
        "sinal_publico": "foco de calor observado",
        "evidence_class": "sinal forte"
      }
    },
    {
      "type": "Feature",
      "geometry": {
        "type": "Point",
        "coordinates": [
          -57.2688,
          -12.2138
        ]
      },
      "properties": {
        "municipio": "NOVA MARINGÁ",
        "estado": "MATO GROSSO",
        "bioma": "Amazônia",
        "periodo": "junho de 2026",
        "sinal_publico": "foco de calor observado",
        "evidence_class": "sinal forte"
      }
    },
    {
      "type": "Feature",
      "geometry": {
        "type": "Point",
        "coordinates": [
          -57.813,
          -11.8862
        ]
      },
      "properties": {
        "municipio": "JUARA",
        "estado": "MATO GROSSO",
        "bioma": "Amazônia",
        "periodo": "junho de 2026",
        "sinal_publico": "foco de calor observado",
        "evidence_class": "sinal forte"
      }
    },
    {
      "type": "Feature",
      "geometry": {
        "type": "Point",
        "coordinates": [
          -57.2888,
          -12.2136
        ]
      },
      "properties": {
        "municipio": "NOVA MARINGÁ",
        "estado": "MATO GROSSO",
        "bioma": "Amazônia",
        "periodo": "junho de 2026",
        "sinal_publico": "foco de calor observado",
        "evidence_class": "sinal forte"
      }
    },
    {
      "type": "Feature",
      "geometry": {
        "type": "Point",
        "coordinates": [
          -58.9722,
          -14.1924
        ]
      },
      "properties": {
        "municipio": "TANGARÁ DA SERRA",
        "estado": "MATO GROSSO",
        "bioma": "Cerrado",
        "periodo": "junho de 2026",
        "sinal_publico": "foco de calor observado",
        "evidence_class": "sinal forte"
      }
    },
    {
      "type": "Feature",
      "geometry": {
        "type": "Point",
        "coordinates": [
          -58.4033,
          -12.4473
        ]
      },
      "properties": {
        "municipio": "BRASNORTE",
        "estado": "MATO GROSSO",
        "bioma": "Cerrado",
        "periodo": "junho de 2026",
        "sinal_publico": "foco de calor observado",
        "evidence_class": "sinal forte"
      }
    },
    {
      "type": "Feature",
      "geometry": {
        "type": "Point",
        "coordinates": [
          -58.4033,
          -12.4473
        ]
      },
      "properties": {
        "municipio": "BRASNORTE",
        "estado": "MATO GROSSO",
        "bioma": "Cerrado",
        "periodo": "junho de 2026",
        "sinal_publico": "foco de calor observado",
        "evidence_class": "sinal forte"
      }
    },
    {
      "type": "Feature",
      "geometry": {
        "type": "Point",
        "coordinates": [
          -58.484,
          -12.4274
        ]
      },
      "properties": {
        "municipio": "SAPEZAL",
        "estado": "MATO GROSSO",
        "bioma": "Cerrado",
        "periodo": "junho de 2026",
        "sinal_publico": "foco de calor observado",
        "evidence_class": "sinal forte"
      }
    },
    {
      "type": "Feature",
      "geometry": {
        "type": "Point",
        "coordinates": [
          -50.6074,
          -9.0887
        ]
      },
      "properties": {
        "municipio": "SANTANA DO ARAGUAIA",
        "estado": "PARÁ",
        "bioma": "Amazônia",
        "periodo": "junho de 2026",
        "sinal_publico": "foco de calor observado",
        "evidence_class": "sinal forte"
      }
    },
    {
      "type": "Feature",
      "geometry": {
        "type": "Point",
        "coordinates": [
          -50.6074,
          -9.0887
        ]
      },
      "properties": {
        "municipio": "SANTANA DO ARAGUAIA",
        "estado": "PARÁ",
        "bioma": "Amazônia",
        "periodo": "junho de 2026",
        "sinal_publico": "foco de calor observado",
        "evidence_class": "sinal forte"
      }
    },
    {
      "type": "Feature",
      "geometry": {
        "type": "Point",
        "coordinates": [
          -46.9266,
          -10.9709
        ]
      },
      "properties": {
        "municipio": "PONTE ALTA DO TOCANTINS",
        "estado": "TOCANTINS",
        "bioma": "Cerrado",
        "periodo": "junho de 2026",
        "sinal_publico": "foco de calor observado",
        "evidence_class": "sinal forte"
      }
    },
    {
      "type": "Feature",
      "geometry": {
        "type": "Point",
        "coordinates": [
          -50.6074,
          -9.0887
        ]
      },
      "properties": {
        "municipio": "SANTANA DO ARAGUAIA",
        "estado": "PARÁ",
        "bioma": "Amazônia",
        "periodo": "junho de 2026",
        "sinal_publico": "foco de calor observado",
        "evidence_class": "sinal forte"
      }
    },
    {
      "type": "Feature",
      "geometry": {
        "type": "Point",
        "coordinates": [
          -58.4627,
          -12.4466
        ]
      },
      "properties": {
        "municipio": "SAPEZAL",
        "estado": "MATO GROSSO",
        "bioma": "Cerrado",
        "periodo": "junho de 2026",
        "sinal_publico": "foco de calor observado",
        "evidence_class": "sinal forte"
      }
    },
    {
      "type": "Feature",
      "geometry": {
        "type": "Point",
        "coordinates": [
          -52.8057,
          -11.5686
        ]
      },
      "properties": {
        "municipio": "SÃO FÉLIX DO ARAGUAIA",
        "estado": "MATO GROSSO",
        "bioma": "Amazônia",
        "periodo": "junho de 2026",
        "sinal_publico": "foco de calor observado",
        "evidence_class": "sinal forte"
      }
    },
    {
      "type": "Feature",
      "geometry": {
        "type": "Point",
        "coordinates": [
          -42.643,
          -17.3041
        ]
      },
      "properties": {
        "municipio": "MINAS NOVAS",
        "estado": "MINAS GERAIS",
        "bioma": "Cerrado",
        "periodo": "junho de 2026",
        "sinal_publico": "foco de calor observado",
        "evidence_class": "sinal forte"
      }
    },
    {
      "type": "Feature",
      "geometry": {
        "type": "Point",
        "coordinates": [
          -58.484,
          -12.4274
        ]
      },
      "properties": {
        "municipio": "SAPEZAL",
        "estado": "MATO GROSSO",
        "bioma": "Cerrado",
        "periodo": "junho de 2026",
        "sinal_publico": "foco de calor observado",
        "evidence_class": "sinal forte"
      }
    },
    {
      "type": "Feature",
      "geometry": {
        "type": "Point",
        "coordinates": [
          -54.7321,
          -12.739
        ]
      },
      "properties": {
        "municipio": "NOVA UBIRATÃ",
        "estado": "MATO GROSSO",
        "bioma": "Amazônia",
        "periodo": "junho de 2026",
        "sinal_publico": "foco de calor observado",
        "evidence_class": "sinal forte"
      }
    },
    {
      "type": "Feature",
      "geometry": {
        "type": "Point",
        "coordinates": [
          -47.0139,
          -10.9886
        ]
      },
      "properties": {
        "municipio": "PONTE ALTA DO TOCANTINS",
        "estado": "TOCANTINS",
        "bioma": "Cerrado",
        "periodo": "junho de 2026",
        "sinal_publico": "foco de calor observado",
        "evidence_class": "sinal forte"
      }
    },
    {
      "type": "Feature",
      "geometry": {
        "type": "Point",
        "coordinates": [
          -58.4612,
          -12.4656
        ]
      },
      "properties": {
        "municipio": "SAPEZAL",
        "estado": "MATO GROSSO",
        "bioma": "Cerrado",
        "periodo": "junho de 2026",
        "sinal_publico": "foco de calor observado",
        "evidence_class": "sinal forte"
      }
    },
    {
      "type": "Feature",
      "geometry": {
        "type": "Point",
        "coordinates": [
          -52.8057,
          -11.5686
        ]
      },
      "properties": {
        "municipio": "SÃO FÉLIX DO ARAGUAIA",
        "estado": "MATO GROSSO",
        "bioma": "Amazônia",
        "periodo": "junho de 2026",
        "sinal_publico": "foco de calor observado",
        "evidence_class": "sinal forte"
      }
    },
    {
      "type": "Feature",
      "geometry": {
        "type": "Point",
        "coordinates": [
          -58.4612,
          -12.4656
        ]
      },
      "properties": {
        "municipio": "SAPEZAL",
        "estado": "MATO GROSSO",
        "bioma": "Cerrado",
        "periodo": "junho de 2026",
        "sinal_publico": "foco de calor observado",
        "evidence_class": "sinal forte"
      }
    },
    {
      "type": "Feature",
      "geometry": {
        "type": "Point",
        "coordinates": [
          -58.4231,
          -12.4471
        ]
      },
      "properties": {
        "municipio": "BRASNORTE",
        "estado": "MATO GROSSO",
        "bioma": "Cerrado",
        "periodo": "junho de 2026",
        "sinal_publico": "foco de calor observado",
        "evidence_class": "sinal forte"
      }
    },
    {
      "type": "Feature",
      "geometry": {
        "type": "Point",
        "coordinates": [
          -58.4612,
          -12.4656
        ]
      },
      "properties": {
        "municipio": "SAPEZAL",
        "estado": "MATO GROSSO",
        "bioma": "Cerrado",
        "periodo": "junho de 2026",
        "sinal_publico": "foco de calor observado",
        "evidence_class": "sinal forte"
      }
    },
    {
      "type": "Feature",
      "geometry": {
        "type": "Point",
        "coordinates": [
          -52.80549,
          -11.54972
        ]
      },
      "properties": {
        "municipio": "SÃO FÉLIX DO ARAGUAIA",
        "estado": "MATO GROSSO",
        "bioma": "Amazônia",
        "periodo": "junho de 2026",
        "sinal_publico": "foco de calor observado",
        "evidence_class": "sinal forte"
      }
    },
    {
      "type": "Feature",
      "geometry": {
        "type": "Point",
        "coordinates": [
          -59.1443,
          -14.4969
        ]
      },
      "properties": {
        "municipio": "CONQUISTA D'OESTE",
        "estado": "MATO GROSSO",
        "bioma": "Cerrado",
        "periodo": "junho de 2026",
        "sinal_publico": "foco de calor observado",
        "evidence_class": "sinal forte"
      }
    },
    {
      "type": "Feature",
      "geometry": {
        "type": "Point",
        "coordinates": [
          -58.9921,
          -14.1921
        ]
      },
      "properties": {
        "municipio": "TANGARÁ DA SERRA",
        "estado": "MATO GROSSO",
        "bioma": "Cerrado",
        "periodo": "junho de 2026",
        "sinal_publico": "foco de calor observado",
        "evidence_class": "sinal forte"
      }
    },
    {
      "type": "Feature",
      "geometry": {
        "type": "Point",
        "coordinates": [
          -52.7848,
          -11.5688
        ]
      },
      "properties": {
        "municipio": "SÃO FÉLIX DO ARAGUAIA",
        "estado": "MATO GROSSO",
        "bioma": "Amazônia",
        "periodo": "junho de 2026",
        "sinal_publico": "foco de calor observado",
        "evidence_class": "sinal forte"
      }
    },
    {
      "type": "Feature",
      "geometry": {
        "type": "Point",
        "coordinates": [
          -47.0139,
          -10.9886
        ]
      },
      "properties": {
        "municipio": "PONTE ALTA DO TOCANTINS",
        "estado": "TOCANTINS",
        "bioma": "Cerrado",
        "periodo": "junho de 2026",
        "sinal_publico": "foco de calor observado",
        "evidence_class": "sinal forte"
      }
    },
    {
      "type": "Feature",
      "geometry": {
        "type": "Point",
        "coordinates": [
          -52.7867,
          -11.5499
        ]
      },
      "properties": {
        "municipio": "SÃO FÉLIX DO ARAGUAIA",
        "estado": "MATO GROSSO",
        "bioma": "Amazônia",
        "periodo": "junho de 2026",
        "sinal_publico": "foco de calor observado",
        "evidence_class": "sinal forte"
      }
    },
    {
      "type": "Feature",
      "geometry": {
        "type": "Point",
        "coordinates": [
          -52.7867,
          -11.5499
        ]
      },
      "properties": {
        "municipio": "SÃO FÉLIX DO ARAGUAIA",
        "estado": "MATO GROSSO",
        "bioma": "Amazônia",
        "periodo": "junho de 2026",
        "sinal_publico": "foco de calor observado",
        "evidence_class": "sinal forte"
      }
    },
    {
      "type": "Feature",
      "geometry": {
        "type": "Point",
        "coordinates": [
          -57.2888,
          -12.2136
        ]
      },
      "properties": {
        "municipio": "NOVA MARINGÁ",
        "estado": "MATO GROSSO",
        "bioma": "Amazônia",
        "periodo": "junho de 2026",
        "sinal_publico": "foco de calor observado",
        "evidence_class": "sinal forte"
      }
    },
    {
      "type": "Feature",
      "geometry": {
        "type": "Point",
        "coordinates": [
          -57.2888,
          -12.2136
        ]
      },
      "properties": {
        "municipio": "NOVA MARINGÁ",
        "estado": "MATO GROSSO",
        "bioma": "Amazônia",
        "periodo": "junho de 2026",
        "sinal_publico": "foco de calor observado",
        "evidence_class": "sinal forte"
      }
    },
    {
      "type": "Feature",
      "geometry": {
        "type": "Point",
        "coordinates": [
          -58.4825,
          -12.4464
        ]
      },
      "properties": {
        "municipio": "SAPEZAL",
        "estado": "MATO GROSSO",
        "bioma": "Cerrado",
        "periodo": "junho de 2026",
        "sinal_publico": "foco de calor observado",
        "evidence_class": "sinal forte"
      }
    },
    {
      "type": "Feature",
      "geometry": {
        "type": "Point",
        "coordinates": [
          -58.40815,
          -14.27292
        ]
      },
      "properties": {
        "municipio": "TANGARÁ DA SERRA",
        "estado": "MATO GROSSO",
        "bioma": "Cerrado",
        "periodo": "junho de 2026",
        "sinal_publico": "foco de calor observado",
        "evidence_class": "sinal forte"
      }
    },
    {
      "type": "Feature",
      "geometry": {
        "type": "Point",
        "coordinates": [
          -58.4642,
          -12.4277
        ]
      },
      "properties": {
        "municipio": "SAPEZAL",
        "estado": "MATO GROSSO",
        "bioma": "Cerrado",
        "periodo": "junho de 2026",
        "sinal_publico": "foco de calor observado",
        "evidence_class": "sinal forte"
      }
    },
    {
      "type": "Feature",
      "geometry": {
        "type": "Point",
        "coordinates": [
          -52.7867,
          -11.5499
        ]
      },
      "properties": {
        "municipio": "SÃO FÉLIX DO ARAGUAIA",
        "estado": "MATO GROSSO",
        "bioma": "Amazônia",
        "periodo": "junho de 2026",
        "sinal_publico": "foco de calor observado",
        "evidence_class": "sinal forte"
      }
    },
    {
      "type": "Feature",
      "geometry": {
        "type": "Point",
        "coordinates": [
          -57.8329,
          -11.886
        ]
      },
      "properties": {
        "municipio": "JUARA",
        "estado": "MATO GROSSO",
        "bioma": "Amazônia",
        "periodo": "junho de 2026",
        "sinal_publico": "foco de calor observado",
        "evidence_class": "sinal forte"
      }
    },
    {
      "type": "Feature",
      "geometry": {
        "type": "Point",
        "coordinates": [
          -52.7867,
          -11.5499
        ]
      },
      "properties": {
        "municipio": "SÃO FÉLIX DO ARAGUAIA",
        "estado": "MATO GROSSO",
        "bioma": "Amazônia",
        "periodo": "junho de 2026",
        "sinal_publico": "foco de calor observado",
        "evidence_class": "sinal forte"
      }
    },
    {
      "type": "Feature",
      "geometry": {
        "type": "Point",
        "coordinates": [
          -58.6213,
          -14.3308
        ]
      },
      "properties": {
        "municipio": "TANGARÁ DA SERRA",
        "estado": "MATO GROSSO",
        "bioma": "Cerrado",
        "periodo": "junho de 2026",
        "sinal_publico": "foco de calor observado",
        "evidence_class": "sinal forte"
      }
    },
    {
      "type": "Feature",
      "geometry": {
        "type": "Point",
        "coordinates": [
          -58.4033,
          -12.4473
        ]
      },
      "properties": {
        "municipio": "BRASNORTE",
        "estado": "MATO GROSSO",
        "bioma": "Cerrado",
        "periodo": "junho de 2026",
        "sinal_publico": "foco de calor observado",
        "evidence_class": "sinal forte"
      }
    },
    {
      "type": "Feature",
      "geometry": {
        "type": "Point",
        "coordinates": [
          -54.7326,
          -12.5297
        ]
      },
      "properties": {
        "municipio": "FELIZ NATAL",
        "estado": "MATO GROSSO",
        "bioma": "Amazônia",
        "periodo": "junho de 2026",
        "sinal_publico": "foco de calor observado",
        "evidence_class": "sinal forte"
      }
    },
    {
      "type": "Feature",
      "geometry": {
        "type": "Point",
        "coordinates": [
          -58.98508,
          -14.20008
        ]
      },
      "properties": {
        "municipio": "TANGARÁ DA SERRA",
        "estado": "MATO GROSSO",
        "bioma": "Cerrado",
        "periodo": "junho de 2026",
        "sinal_publico": "foco de calor observado",
        "evidence_class": "sinal forte"
      }
    },
    {
      "type": "Feature",
      "geometry": {
        "type": "Point",
        "coordinates": [
          -58.98064,
          -14.19206
        ]
      },
      "properties": {
        "municipio": "TANGARÁ DA SERRA",
        "estado": "MATO GROSSO",
        "bioma": "Cerrado",
        "periodo": "junho de 2026",
        "sinal_publico": "foco de calor observado",
        "evidence_class": "sinal forte"
      }
    },
    {
      "type": "Feature",
      "geometry": {
        "type": "Point",
        "coordinates": [
          -58.98652,
          -14.19335
        ]
      },
      "properties": {
        "municipio": "TANGARÁ DA SERRA",
        "estado": "MATO GROSSO",
        "bioma": "Cerrado",
        "periodo": "junho de 2026",
        "sinal_publico": "foco de calor observado",
        "evidence_class": "sinal forte"
      }
    },
    {
      "type": "Feature",
      "geometry": {
        "type": "Point",
        "coordinates": [
          -58.97913,
          -14.19878
        ]
      },
      "properties": {
        "municipio": "TANGARÁ DA SERRA",
        "estado": "MATO GROSSO",
        "bioma": "Cerrado",
        "periodo": "junho de 2026",
        "sinal_publico": "foco de calor observado",
        "evidence_class": "sinal forte"
      }
    },
    {
      "type": "Feature",
      "geometry": {
        "type": "Point",
        "coordinates": [
          -58.4033,
          -12.4473
        ]
      },
      "properties": {
        "municipio": "BRASNORTE",
        "estado": "MATO GROSSO",
        "bioma": "Cerrado",
        "periodo": "junho de 2026",
        "sinal_publico": "foco de calor observado",
        "evidence_class": "sinal forte"
      }
    },
    {
      "type": "Feature",
      "geometry": {
        "type": "Point",
        "coordinates": [
          -58.4627,
          -12.4466
        ]
      },
      "properties": {
        "municipio": "SAPEZAL",
        "estado": "MATO GROSSO",
        "bioma": "Cerrado",
        "periodo": "junho de 2026",
        "sinal_publico": "foco de calor observado",
        "evidence_class": "sinal forte"
      }
    },
    {
      "type": "Feature",
      "geometry": {
        "type": "Point",
        "coordinates": [
          -57.8329,
          -11.886
        ]
      },
      "properties": {
        "municipio": "JUARA",
        "estado": "MATO GROSSO",
        "bioma": "Amazônia",
        "periodo": "junho de 2026",
        "sinal_publico": "foco de calor observado",
        "evidence_class": "sinal forte"
      }
    },
    {
      "type": "Feature",
      "geometry": {
        "type": "Point",
        "coordinates": [
          -57.2672,
          -12.2327
        ]
      },
      "properties": {
        "municipio": "NOVA MARINGÁ",
        "estado": "MATO GROSSO",
        "bioma": "Amazônia",
        "periodo": "junho de 2026",
        "sinal_publico": "foco de calor observado",
        "evidence_class": "sinal forte"
      }
    },
    {
      "type": "Feature",
      "geometry": {
        "type": "Point",
        "coordinates": [
          -58.4231,
          -12.4471
        ]
      },
      "properties": {
        "municipio": "BRASNORTE",
        "estado": "MATO GROSSO",
        "bioma": "Cerrado",
        "periodo": "junho de 2026",
        "sinal_publico": "foco de calor observado",
        "evidence_class": "sinal forte"
      }
    },
    {
      "type": "Feature",
      "geometry": {
        "type": "Point",
        "coordinates": [
          -47.0139,
          -10.9886
        ]
      },
      "properties": {
        "municipio": "PONTE ALTA DO TOCANTINS",
        "estado": "TOCANTINS",
        "bioma": "Cerrado",
        "periodo": "junho de 2026",
        "sinal_publico": "foco de calor observado",
        "evidence_class": "sinal forte"
      }
    },
    {
      "type": "Feature",
      "geometry": {
        "type": "Point",
        "coordinates": [
          -58.4231,
          -12.4471
        ]
      },
      "properties": {
        "municipio": "BRASNORTE",
        "estado": "MATO GROSSO",
        "bioma": "Cerrado",
        "periodo": "junho de 2026",
        "sinal_publico": "foco de calor observado",
        "evidence_class": "sinal forte"
      }
    },
    {
      "type": "Feature",
      "geometry": {
        "type": "Point",
        "coordinates": [
          -52.7867,
          -11.5499
        ]
      },
      "properties": {
        "municipio": "SÃO FÉLIX DO ARAGUAIA",
        "estado": "MATO GROSSO",
        "bioma": "Amazônia",
        "periodo": "junho de 2026",
        "sinal_publico": "foco de calor observado",
        "evidence_class": "sinal forte"
      }
    },
    {
      "type": "Feature",
      "geometry": {
        "type": "Point",
        "coordinates": [
          -61.459,
          -8.4531
        ]
      },
      "properties": {
        "municipio": "NOVO ARIPUANÃ",
        "estado": "AMAZONAS",
        "bioma": "Amazônia",
        "periodo": "junho de 2026",
        "sinal_publico": "foco de calor observado",
        "evidence_class": "sinal forte"
      }
    },
    {
      "type": "Feature",
      "geometry": {
        "type": "Point",
        "coordinates": [
          -58.4612,
          -12.4656
        ]
      },
      "properties": {
        "municipio": "SAPEZAL",
        "estado": "MATO GROSSO",
        "bioma": "Cerrado",
        "periodo": "junho de 2026",
        "sinal_publico": "foco de calor observado",
        "evidence_class": "sinal forte"
      }
    },
    {
      "type": "Feature",
      "geometry": {
        "type": "Point",
        "coordinates": [
          -59.3915,
          -14.10938
        ]
      },
      "properties": {
        "municipio": "NOVA LACERDA",
        "estado": "MATO GROSSO",
        "bioma": "Cerrado",
        "periodo": "junho de 2026",
        "sinal_publico": "foco de calor observado",
        "evidence_class": "sinal forte"
      }
    },
    {
      "type": "Feature",
      "geometry": {
        "type": "Point",
        "coordinates": [
          -53.742,
          -10.8511
        ]
      },
      "properties": {
        "municipio": "MARCELÂNDIA",
        "estado": "MATO GROSSO",
        "bioma": "Amazônia",
        "periodo": "junho de 2026",
        "sinal_publico": "foco de calor observado",
        "evidence_class": "sinal forte"
      }
    },
    {
      "type": "Feature",
      "geometry": {
        "type": "Point",
        "coordinates": [
          -50.6074,
          -9.0887
        ]
      },
      "properties": {
        "municipio": "SANTANA DO ARAGUAIA",
        "estado": "PARÁ",
        "bioma": "Amazônia",
        "periodo": "junho de 2026",
        "sinal_publico": "foco de calor observado",
        "evidence_class": "sinal forte"
      }
    },
    {
      "type": "Feature",
      "geometry": {
        "type": "Point",
        "coordinates": [
          -46.9939,
          -10.9698
        ]
      },
      "properties": {
        "municipio": "PONTE ALTA DO TOCANTINS",
        "estado": "TOCANTINS",
        "bioma": "Cerrado",
        "periodo": "junho de 2026",
        "sinal_publico": "foco de calor observado",
        "evidence_class": "sinal forte"
      }
    },
    {
      "type": "Feature",
      "geometry": {
        "type": "Point",
        "coordinates": [
          -58.41078,
          -12.43423
        ]
      },
      "properties": {
        "municipio": "BRASNORTE",
        "estado": "MATO GROSSO",
        "bioma": "Cerrado",
        "periodo": "junho de 2026",
        "sinal_publico": "foco de calor observado",
        "evidence_class": "sinal forte"
      }
    },
    {
      "type": "Feature",
      "geometry": {
        "type": "Point",
        "coordinates": [
          -58.7428,
          -14.3101
        ]
      },
      "properties": {
        "municipio": "TANGARÁ DA SERRA",
        "estado": "MATO GROSSO",
        "bioma": "Cerrado",
        "periodo": "junho de 2026",
        "sinal_publico": "foco de calor observado",
        "evidence_class": "sinal forte"
      }
    },
    {
      "type": "Feature",
      "geometry": {
        "type": "Point",
        "coordinates": [
          -58.4231,
          -12.4471
        ]
      },
      "properties": {
        "municipio": "BRASNORTE",
        "estado": "MATO GROSSO",
        "bioma": "Cerrado",
        "periodo": "junho de 2026",
        "sinal_publico": "foco de calor observado",
        "evidence_class": "sinal forte"
      }
    },
    {
      "type": "Feature",
      "geometry": {
        "type": "Point",
        "coordinates": [
          -46.949,
          -10.9705
        ]
      },
      "properties": {
        "municipio": "PONTE ALTA DO TOCANTINS",
        "estado": "TOCANTINS",
        "bioma": "Cerrado",
        "periodo": "junho de 2026",
        "sinal_publico": "foco de calor observado",
        "evidence_class": "sinal forte"
      }
    },
    {
      "type": "Feature",
      "geometry": {
        "type": "Point",
        "coordinates": [
          -41.8955,
          -15.3047
        ]
      },
      "properties": {
        "municipio": "SÃO JOÃO DO PARAÍSO",
        "estado": "MINAS GERAIS",
        "bioma": "Mata Atlântica",
        "periodo": "junho de 2026",
        "sinal_publico": "foco de calor observado",
        "evidence_class": "sinal forte"
      }
    },
    {
      "type": "Feature",
      "geometry": {
        "type": "Point",
        "coordinates": [
          -58.4033,
          -12.4473
        ]
      },
      "properties": {
        "municipio": "BRASNORTE",
        "estado": "MATO GROSSO",
        "bioma": "Cerrado",
        "periodo": "junho de 2026",
        "sinal_publico": "foco de calor observado",
        "evidence_class": "sinal forte"
      }
    },
    {
      "type": "Feature",
      "geometry": {
        "type": "Point",
        "coordinates": [
          -52.7887,
          -11.5309
        ]
      },
      "properties": {
        "municipio": "SÃO FÉLIX DO ARAGUAIA",
        "estado": "MATO GROSSO",
        "bioma": "Amazônia",
        "periodo": "junho de 2026",
        "sinal_publico": "foco de calor observado",
        "evidence_class": "sinal forte"
      }
    },
    {
      "type": "Feature",
      "geometry": {
        "type": "Point",
        "coordinates": [
          -54.7321,
          -12.739
        ]
      },
      "properties": {
        "municipio": "NOVA UBIRATÃ",
        "estado": "MATO GROSSO",
        "bioma": "Amazônia",
        "periodo": "junho de 2026",
        "sinal_publico": "foco de calor observado",
        "evidence_class": "sinal forte"
      }
    },
    {
      "type": "Feature",
      "geometry": {
        "type": "Point",
        "coordinates": [
          -58.7428,
          -14.3101
        ]
      },
      "properties": {
        "municipio": "TANGARÁ DA SERRA",
        "estado": "MATO GROSSO",
        "bioma": "Cerrado",
        "periodo": "junho de 2026",
        "sinal_publico": "foco de calor observado",
        "evidence_class": "sinal forte"
      }
    },
    {
      "type": "Feature",
      "geometry": {
        "type": "Point",
        "coordinates": [
          -52.7848,
          -11.5688
        ]
      },
      "properties": {
        "municipio": "SÃO FÉLIX DO ARAGUAIA",
        "estado": "MATO GROSSO",
        "bioma": "Amazônia",
        "periodo": "junho de 2026",
        "sinal_publico": "foco de calor observado",
        "evidence_class": "sinal forte"
      }
    },
    {
      "type": "Feature",
      "geometry": {
        "type": "Point",
        "coordinates": [
          -58.4231,
          -12.4471
        ]
      },
      "properties": {
        "municipio": "BRASNORTE",
        "estado": "MATO GROSSO",
        "bioma": "Cerrado",
        "periodo": "junho de 2026",
        "sinal_publico": "foco de calor observado",
        "evidence_class": "sinal forte"
      }
    },
    {
      "type": "Feature",
      "geometry": {
        "type": "Point",
        "coordinates": [
          -58.484,
          -12.4274
        ]
      },
      "properties": {
        "municipio": "SAPEZAL",
        "estado": "MATO GROSSO",
        "bioma": "Cerrado",
        "periodo": "junho de 2026",
        "sinal_publico": "foco de calor observado",
        "evidence_class": "sinal forte"
      }
    },
    {
      "type": "Feature",
      "geometry": {
        "type": "Point",
        "coordinates": [
          -50.2491,
          -9.5251
        ]
      },
      "properties": {
        "municipio": "SANTANA DO ARAGUAIA",
        "estado": "PARÁ",
        "bioma": "Amazônia",
        "periodo": "junho de 2026",
        "sinal_publico": "foco de calor observado",
        "evidence_class": "sinal forte"
      }
    },
    {
      "type": "Feature",
      "geometry": {
        "type": "Point",
        "coordinates": [
          -54.7326,
          -12.5297
        ]
      },
      "properties": {
        "municipio": "FELIZ NATAL",
        "estado": "MATO GROSSO",
        "bioma": "Amazônia",
        "periodo": "junho de 2026",
        "sinal_publico": "foco de calor observado",
        "evidence_class": "sinal forte"
      }
    },
    {
      "type": "Feature",
      "geometry": {
        "type": "Point",
        "coordinates": [
          -52.8057,
          -11.5686
        ]
      },
      "properties": {
        "municipio": "SÃO FÉLIX DO ARAGUAIA",
        "estado": "MATO GROSSO",
        "bioma": "Amazônia",
        "periodo": "junho de 2026",
        "sinal_publico": "foco de calor observado",
        "evidence_class": "sinal forte"
      }
    },
    {
      "type": "Feature",
      "geometry": {
        "type": "Point",
        "coordinates": [
          -54.7326,
          -12.5297
        ]
      },
      "properties": {
        "municipio": "FELIZ NATAL",
        "estado": "MATO GROSSO",
        "bioma": "Amazônia",
        "periodo": "junho de 2026",
        "sinal_publico": "foco de calor observado",
        "evidence_class": "sinal forte"
      }
    },
    {
      "type": "Feature",
      "geometry": {
        "type": "Point",
        "coordinates": [
          -58.484,
          -12.4274
        ]
      },
      "properties": {
        "municipio": "SAPEZAL",
        "estado": "MATO GROSSO",
        "bioma": "Cerrado",
        "periodo": "junho de 2026",
        "sinal_publico": "foco de calor observado",
        "evidence_class": "sinal forte"
      }
    },
    {
      "type": "Feature",
      "geometry": {
        "type": "Point",
        "coordinates": [
          -58.4033,
          -12.4473
        ]
      },
      "properties": {
        "municipio": "BRASNORTE",
        "estado": "MATO GROSSO",
        "bioma": "Cerrado",
        "periodo": "junho de 2026",
        "sinal_publico": "foco de calor observado",
        "evidence_class": "sinal forte"
      }
    },
    {
      "type": "Feature",
      "geometry": {
        "type": "Point",
        "coordinates": [
          -58.4231,
          -12.4471
        ]
      },
      "properties": {
        "municipio": "BRASNORTE",
        "estado": "MATO GROSSO",
        "bioma": "Cerrado",
        "periodo": "junho de 2026",
        "sinal_publico": "foco de calor observado",
        "evidence_class": "sinal forte"
      }
    },
    {
      "type": "Feature",
      "geometry": {
        "type": "Point",
        "coordinates": [
          -52.8076,
          -11.5496
        ]
      },
      "properties": {
        "municipio": "SÃO FÉLIX DO ARAGUAIA",
        "estado": "MATO GROSSO",
        "bioma": "Amazônia",
        "periodo": "junho de 2026",
        "sinal_publico": "foco de calor observado",
        "evidence_class": "sinal forte"
      }
    },
    {
      "type": "Feature",
      "geometry": {
        "type": "Point",
        "coordinates": [
          -58.4033,
          -12.4473
        ]
      },
      "properties": {
        "municipio": "BRASNORTE",
        "estado": "MATO GROSSO",
        "bioma": "Cerrado",
        "periodo": "junho de 2026",
        "sinal_publico": "foco de calor observado",
        "evidence_class": "sinal forte"
      }
    },
    {
      "type": "Feature",
      "geometry": {
        "type": "Point",
        "coordinates": [
          -52.7867,
          -11.5499
        ]
      },
      "properties": {
        "municipio": "SÃO FÉLIX DO ARAGUAIA",
        "estado": "MATO GROSSO",
        "bioma": "Amazônia",
        "periodo": "junho de 2026",
        "sinal_publico": "foco de calor observado",
        "evidence_class": "sinal forte"
      }
    },
    {
      "type": "Feature",
      "geometry": {
        "type": "Point",
        "coordinates": [
          -52.7848,
          -11.5688
        ]
      },
      "properties": {
        "municipio": "SÃO FÉLIX DO ARAGUAIA",
        "estado": "MATO GROSSO",
        "bioma": "Amazônia",
        "periodo": "junho de 2026",
        "sinal_publico": "foco de calor observado",
        "evidence_class": "sinal forte"
      }
    },
    {
      "type": "Feature",
      "geometry": {
        "type": "Point",
        "coordinates": [
          -54.7321,
          -12.739
        ]
      },
      "properties": {
        "municipio": "NOVA UBIRATÃ",
        "estado": "MATO GROSSO",
        "bioma": "Amazônia",
        "periodo": "junho de 2026",
        "sinal_publico": "foco de calor observado",
        "evidence_class": "sinal forte"
      }
    },
    {
      "type": "Feature",
      "geometry": {
        "type": "Point",
        "coordinates": [
          -58.4033,
          -12.4473
        ]
      },
      "properties": {
        "municipio": "BRASNORTE",
        "estado": "MATO GROSSO",
        "bioma": "Cerrado",
        "periodo": "junho de 2026",
        "sinal_publico": "foco de calor observado",
        "evidence_class": "sinal forte"
      }
    },
    {
      "type": "Feature",
      "geometry": {
        "type": "Point",
        "coordinates": [
          -50.4529,
          -17.7832
        ]
      },
      "properties": {
        "municipio": "SANTA HELENA DE GOIÁS",
        "estado": "GOIÁS",
        "bioma": "Cerrado",
        "periodo": "junho de 2026",
        "sinal_publico": "foco de calor observado",
        "evidence_class": "sinal forte"
      }
    },
    {
      "type": "Feature",
      "geometry": {
        "type": "Point",
        "coordinates": [
          -42.643,
          -17.3041
        ]
      },
      "properties": {
        "municipio": "MINAS NOVAS",
        "estado": "MINAS GERAIS",
        "bioma": "Cerrado",
        "periodo": "junho de 2026",
        "sinal_publico": "foco de calor observado",
        "evidence_class": "sinal forte"
      }
    },
    {
      "type": "Feature",
      "geometry": {
        "type": "Point",
        "coordinates": [
          -58.4642,
          -12.4277
        ]
      },
      "properties": {
        "municipio": "SAPEZAL",
        "estado": "MATO GROSSO",
        "bioma": "Cerrado",
        "periodo": "junho de 2026",
        "sinal_publico": "foco de calor observado",
        "evidence_class": "sinal forte"
      }
    },
    {
      "type": "Feature",
      "geometry": {
        "type": "Point",
        "coordinates": [
          -57.813,
          -11.8862
        ]
      },
      "properties": {
        "municipio": "JUARA",
        "estado": "MATO GROSSO",
        "bioma": "Amazônia",
        "periodo": "junho de 2026",
        "sinal_publico": "foco de calor observado",
        "evidence_class": "sinal forte"
      }
    },
    {
      "type": "Feature",
      "geometry": {
        "type": "Point",
        "coordinates": [
          -58.4231,
          -12.4471
        ]
      },
      "properties": {
        "municipio": "BRASNORTE",
        "estado": "MATO GROSSO",
        "bioma": "Cerrado",
        "periodo": "junho de 2026",
        "sinal_publico": "foco de calor observado",
        "evidence_class": "sinal forte"
      }
    },
    {
      "type": "Feature",
      "geometry": {
        "type": "Point",
        "coordinates": [
          -58.4627,
          -12.4466
        ]
      },
      "properties": {
        "municipio": "SAPEZAL",
        "estado": "MATO GROSSO",
        "bioma": "Cerrado",
        "periodo": "junho de 2026",
        "sinal_publico": "foco de calor observado",
        "evidence_class": "sinal forte"
      }
    },
    {
      "type": "Feature",
      "geometry": {
        "type": "Point",
        "coordinates": [
          -57.2872,
          -12.2325
        ]
      },
      "properties": {
        "municipio": "NOVA MARINGÁ",
        "estado": "MATO GROSSO",
        "bioma": "Amazônia",
        "periodo": "junho de 2026",
        "sinal_publico": "foco de calor observado",
        "evidence_class": "sinal forte"
      }
    },
    {
      "type": "Feature",
      "geometry": {
        "type": "Point",
        "coordinates": [
          -58.484,
          -12.4274
        ]
      },
      "properties": {
        "municipio": "SAPEZAL",
        "estado": "MATO GROSSO",
        "bioma": "Cerrado",
        "periodo": "junho de 2026",
        "sinal_publico": "foco de calor observado",
        "evidence_class": "sinal forte"
      }
    },
    {
      "type": "Feature",
      "geometry": {
        "type": "Point",
        "coordinates": [
          -52.8057,
          -11.5686
        ]
      },
      "properties": {
        "municipio": "SÃO FÉLIX DO ARAGUAIA",
        "estado": "MATO GROSSO",
        "bioma": "Amazônia",
        "periodo": "junho de 2026",
        "sinal_publico": "foco de calor observado",
        "evidence_class": "sinal forte"
      }
    },
    {
      "type": "Feature",
      "geometry": {
        "type": "Point",
        "coordinates": [
          -47.02811,
          -10.79789
        ]
      },
      "properties": {
        "municipio": "PONTE ALTA DO TOCANTINS",
        "estado": "TOCANTINS",
        "bioma": "Cerrado",
        "periodo": "junho de 2026",
        "sinal_publico": "foco de calor observado",
        "evidence_class": "sinal forte"
      }
    },
    {
      "type": "Feature",
      "geometry": {
        "type": "Point",
        "coordinates": [
          -58.9738,
          -14.1732
        ]
      },
      "properties": {
        "municipio": "TANGARÁ DA SERRA",
        "estado": "MATO GROSSO",
        "bioma": "Cerrado",
        "periodo": "junho de 2026",
        "sinal_publico": "foco de calor observado",
        "evidence_class": "sinal forte"
      }
    },
    {
      "type": "Feature",
      "geometry": {
        "type": "Point",
        "coordinates": [
          -52.81722,
          -11.54924
        ]
      },
      "properties": {
        "municipio": "SÃO FÉLIX DO ARAGUAIA",
        "estado": "MATO GROSSO",
        "bioma": "Amazônia",
        "periodo": "junho de 2026",
        "sinal_publico": "foco de calor observado",
        "evidence_class": "sinal forte"
      }
    },
    {
      "type": "Feature",
      "geometry": {
        "type": "Point",
        "coordinates": [
          -52.7848,
          -11.5688
        ]
      },
      "properties": {
        "municipio": "SÃO FÉLIX DO ARAGUAIA",
        "estado": "MATO GROSSO",
        "bioma": "Amazônia",
        "periodo": "junho de 2026",
        "sinal_publico": "foco de calor observado",
        "evidence_class": "sinal forte"
      }
    },
    {
      "type": "Feature",
      "geometry": {
        "type": "Point",
        "coordinates": [
          -52.7848,
          -11.5688
        ]
      },
      "properties": {
        "municipio": "SÃO FÉLIX DO ARAGUAIA",
        "estado": "MATO GROSSO",
        "bioma": "Amazônia",
        "periodo": "junho de 2026",
        "sinal_publico": "foco de calor observado",
        "evidence_class": "sinal forte"
      }
    },
    {
      "type": "Feature",
      "geometry": {
        "type": "Point",
        "coordinates": [
          -57.2888,
          -12.2136
        ]
      },
      "properties": {
        "municipio": "NOVA MARINGÁ",
        "estado": "MATO GROSSO",
        "bioma": "Amazônia",
        "periodo": "junho de 2026",
        "sinal_publico": "foco de calor observado",
        "evidence_class": "sinal forte"
      }
    },
    {
      "type": "Feature",
      "geometry": {
        "type": "Point",
        "coordinates": [
          -58.4033,
          -12.4473
        ]
      },
      "properties": {
        "municipio": "BRASNORTE",
        "estado": "MATO GROSSO",
        "bioma": "Cerrado",
        "periodo": "junho de 2026",
        "sinal_publico": "foco de calor observado",
        "evidence_class": "sinal forte"
      }
    },
    {
      "type": "Feature",
      "geometry": {
        "type": "Point",
        "coordinates": [
          -57.8329,
          -11.886
        ]
      },
      "properties": {
        "municipio": "JUARA",
        "estado": "MATO GROSSO",
        "bioma": "Amazônia",
        "periodo": "junho de 2026",
        "sinal_publico": "foco de calor observado",
        "evidence_class": "sinal forte"
      }
    },
    {
      "type": "Feature",
      "geometry": {
        "type": "Point",
        "coordinates": [
          -58.4627,
          -12.4466
        ]
      },
      "properties": {
        "municipio": "SAPEZAL",
        "estado": "MATO GROSSO",
        "bioma": "Cerrado",
        "periodo": "junho de 2026",
        "sinal_publico": "foco de calor observado",
        "evidence_class": "sinal forte"
      }
    },
    {
      "type": "Feature",
      "geometry": {
        "type": "Point",
        "coordinates": [
          -57.8329,
          -11.886
        ]
      },
      "properties": {
        "municipio": "JUARA",
        "estado": "MATO GROSSO",
        "bioma": "Amazônia",
        "periodo": "junho de 2026",
        "sinal_publico": "foco de calor observado",
        "evidence_class": "sinal forte"
      }
    },
    {
      "type": "Feature",
      "geometry": {
        "type": "Point",
        "coordinates": [
          -57.2904,
          -12.1946
        ]
      },
      "properties": {
        "municipio": "NOVA MARINGÁ",
        "estado": "MATO GROSSO",
        "bioma": "Amazônia",
        "periodo": "junho de 2026",
        "sinal_publico": "foco de calor observado",
        "evidence_class": "sinal forte"
      }
    },
    {
      "type": "Feature",
      "geometry": {
        "type": "Point",
        "coordinates": [
          -58.484,
          -12.4274
        ]
      },
      "properties": {
        "municipio": "SAPEZAL",
        "estado": "MATO GROSSO",
        "bioma": "Cerrado",
        "periodo": "junho de 2026",
        "sinal_publico": "foco de calor observado",
        "evidence_class": "sinal forte"
      }
    },
    {
      "type": "Feature",
      "geometry": {
        "type": "Point",
        "coordinates": [
          -58.4231,
          -12.4471
        ]
      },
      "properties": {
        "municipio": "BRASNORTE",
        "estado": "MATO GROSSO",
        "bioma": "Cerrado",
        "periodo": "junho de 2026",
        "sinal_publico": "foco de calor observado",
        "evidence_class": "sinal forte"
      }
    },
    {
      "type": "Feature",
      "geometry": {
        "type": "Point",
        "coordinates": [
          -52.7867,
          -11.5499
        ]
      },
      "properties": {
        "municipio": "SÃO FÉLIX DO ARAGUAIA",
        "estado": "MATO GROSSO",
        "bioma": "Amazônia",
        "periodo": "junho de 2026",
        "sinal_publico": "foco de calor observado",
        "evidence_class": "sinal forte"
      }
    },
    {
      "type": "Feature",
      "geometry": {
        "type": "Point",
        "coordinates": [
          -52.9771,
          -12.7065
        ]
      },
      "properties": {
        "municipio": "GAÚCHA DO NORTE",
        "estado": "MATO GROSSO",
        "bioma": "Amazônia",
        "periodo": "junho de 2026",
        "sinal_publico": "foco de calor observado",
        "evidence_class": "sinal forte"
      }
    },
    {
      "type": "Feature",
      "geometry": {
        "type": "Point",
        "coordinates": [
          -49.9535,
          -18.2119
        ]
      },
      "properties": {
        "municipio": "BOM JESUS DE GOIÁS",
        "estado": "GOIÁS",
        "bioma": "Cerrado",
        "periodo": "junho de 2026",
        "sinal_publico": "foco de calor observado",
        "evidence_class": "sinal forte"
      }
    },
    {
      "type": "Feature",
      "geometry": {
        "type": "Point",
        "coordinates": [
          -53.7425,
          -10.8573
        ]
      },
      "properties": {
        "municipio": "MARCELÂNDIA",
        "estado": "MATO GROSSO",
        "bioma": "Amazônia",
        "periodo": "junho de 2026",
        "sinal_publico": "foco de calor observado",
        "evidence_class": "sinal forte"
      }
    },
    {
      "type": "Feature",
      "geometry": {
        "type": "Point",
        "coordinates": [
          -57.8329,
          -11.886
        ]
      },
      "properties": {
        "municipio": "JUARA",
        "estado": "MATO GROSSO",
        "bioma": "Amazônia",
        "periodo": "junho de 2026",
        "sinal_publico": "foco de calor observado",
        "evidence_class": "sinal forte"
      }
    },
    {
      "type": "Feature",
      "geometry": {
        "type": "Point",
        "coordinates": [
          -58.4612,
          -12.4656
        ]
      },
      "properties": {
        "municipio": "SAPEZAL",
        "estado": "MATO GROSSO",
        "bioma": "Cerrado",
        "periodo": "junho de 2026",
        "sinal_publico": "foco de calor observado",
        "evidence_class": "sinal forte"
      }
    },
    {
      "type": "Feature",
      "geometry": {
        "type": "Point",
        "coordinates": [
          -47.0139,
          -10.9886
        ]
      },
      "properties": {
        "municipio": "PONTE ALTA DO TOCANTINS",
        "estado": "TOCANTINS",
        "bioma": "Cerrado",
        "periodo": "junho de 2026",
        "sinal_publico": "foco de calor observado",
        "evidence_class": "sinal forte"
      }
    },
    {
      "type": "Feature",
      "geometry": {
        "type": "Point",
        "coordinates": [
          -58.4825,
          -12.4464
        ]
      },
      "properties": {
        "municipio": "SAPEZAL",
        "estado": "MATO GROSSO",
        "bioma": "Cerrado",
        "periodo": "junho de 2026",
        "sinal_publico": "foco de calor observado",
        "evidence_class": "sinal forte"
      }
    },
    {
      "type": "Feature",
      "geometry": {
        "type": "Point",
        "coordinates": [
          -58.4033,
          -12.4473
        ]
      },
      "properties": {
        "municipio": "BRASNORTE",
        "estado": "MATO GROSSO",
        "bioma": "Cerrado",
        "periodo": "junho de 2026",
        "sinal_publico": "foco de calor observado",
        "evidence_class": "sinal forte"
      }
    },
    {
      "type": "Feature",
      "geometry": {
        "type": "Point",
        "coordinates": [
          -46.46194,
          -10.04994
        ]
      },
      "properties": {
        "municipio": "SÃO FÉLIX DO TOCANTINS",
        "estado": "TOCANTINS",
        "bioma": "Cerrado",
        "periodo": "junho de 2026",
        "sinal_publico": "foco de calor observado",
        "evidence_class": "sinal forte"
      }
    },
    {
      "type": "Feature",
      "geometry": {
        "type": "Point",
        "coordinates": [
          -52.975,
          -12.7256
        ]
      },
      "properties": {
        "municipio": "GAÚCHA DO NORTE",
        "estado": "MATO GROSSO",
        "bioma": "Amazônia",
        "periodo": "junho de 2026",
        "sinal_publico": "foco de calor observado",
        "evidence_class": "sinal forte"
      }
    },
    {
      "type": "Feature",
      "geometry": {
        "type": "Point",
        "coordinates": [
          -52.8057,
          -11.5686
        ]
      },
      "properties": {
        "municipio": "SÃO FÉLIX DO ARAGUAIA",
        "estado": "MATO GROSSO",
        "bioma": "Amazônia",
        "periodo": "junho de 2026",
        "sinal_publico": "foco de calor observado",
        "evidence_class": "sinal forte"
      }
    },
    {
      "type": "Feature",
      "geometry": {
        "type": "Point",
        "coordinates": [
          -58.4612,
          -12.4656
        ]
      },
      "properties": {
        "municipio": "SAPEZAL",
        "estado": "MATO GROSSO",
        "bioma": "Cerrado",
        "periodo": "junho de 2026",
        "sinal_publico": "foco de calor observado",
        "evidence_class": "sinal forte"
      }
    },
    {
      "type": "Feature",
      "geometry": {
        "type": "Point",
        "coordinates": [
          -52.8265,
          -11.5683
        ]
      },
      "properties": {
        "municipio": "SÃO FÉLIX DO ARAGUAIA",
        "estado": "MATO GROSSO",
        "bioma": "Amazônia",
        "periodo": "junho de 2026",
        "sinal_publico": "foco de calor observado",
        "evidence_class": "sinal forte"
      }
    },
    {
      "type": "Feature",
      "geometry": {
        "type": "Point",
        "coordinates": [
          -52.7887,
          -11.5309
        ]
      },
      "properties": {
        "municipio": "SÃO FÉLIX DO ARAGUAIA",
        "estado": "MATO GROSSO",
        "bioma": "Amazônia",
        "periodo": "junho de 2026",
        "sinal_publico": "foco de calor observado",
        "evidence_class": "sinal forte"
      }
    },
    {
      "type": "Feature",
      "geometry": {
        "type": "Point",
        "coordinates": [
          -58.4033,
          -12.4473
        ]
      },
      "properties": {
        "municipio": "BRASNORTE",
        "estado": "MATO GROSSO",
        "bioma": "Cerrado",
        "periodo": "junho de 2026",
        "sinal_publico": "foco de calor observado",
        "evidence_class": "sinal forte"
      }
    },
    {
      "type": "Feature",
      "geometry": {
        "type": "Point",
        "coordinates": [
          -58.4231,
          -12.4471
        ]
      },
      "properties": {
        "municipio": "BRASNORTE",
        "estado": "MATO GROSSO",
        "bioma": "Cerrado",
        "periodo": "junho de 2026",
        "sinal_publico": "foco de calor observado",
        "evidence_class": "sinal forte"
      }
    },
    {
      "type": "Feature",
      "geometry": {
        "type": "Point",
        "coordinates": [
          -57.28884,
          -12.20612
        ]
      },
      "properties": {
        "municipio": "NOVA MARINGÁ",
        "estado": "MATO GROSSO",
        "bioma": "Amazônia",
        "periodo": "junho de 2026",
        "sinal_publico": "foco de calor observado",
        "evidence_class": "sinal forte"
      }
    },
    {
      "type": "Feature",
      "geometry": {
        "type": "Point",
        "coordinates": [
          -58.4084,
          -14.2568
        ]
      },
      "properties": {
        "municipio": "TANGARÁ DA SERRA",
        "estado": "MATO GROSSO",
        "bioma": "Cerrado",
        "periodo": "junho de 2026",
        "sinal_publico": "foco de calor observado",
        "evidence_class": "sinal forte"
      }
    },
    {
      "type": "Feature",
      "geometry": {
        "type": "Point",
        "coordinates": [
          -58.4033,
          -12.4473
        ]
      },
      "properties": {
        "municipio": "BRASNORTE",
        "estado": "MATO GROSSO",
        "bioma": "Cerrado",
        "periodo": "junho de 2026",
        "sinal_publico": "foco de calor observado",
        "evidence_class": "sinal forte"
      }
    },
    {
      "type": "Feature",
      "geometry": {
        "type": "Point",
        "coordinates": [
          -59.1443,
          -14.4969
        ]
      },
      "properties": {
        "municipio": "CONQUISTA D'OESTE",
        "estado": "MATO GROSSO",
        "bioma": "Cerrado",
        "periodo": "junho de 2026",
        "sinal_publico": "foco de calor observado",
        "evidence_class": "sinal forte"
      }
    },
    {
      "type": "Feature",
      "geometry": {
        "type": "Point",
        "coordinates": [
          -58.4741,
          -12.44711
        ]
      },
      "properties": {
        "municipio": "SAPEZAL",
        "estado": "MATO GROSSO",
        "bioma": "Cerrado",
        "periodo": "junho de 2026",
        "sinal_publico": "foco de calor observado",
        "evidence_class": "sinal forte"
      }
    },
    {
      "type": "Feature",
      "geometry": {
        "type": "Point",
        "coordinates": [
          -57.4299,
          -14.2118
        ]
      },
      "properties": {
        "municipio": "NOVA MARILÂNDIA",
        "estado": "MATO GROSSO",
        "bioma": "Amazônia",
        "periodo": "junho de 2026",
        "sinal_publico": "foco de calor observado",
        "evidence_class": "sinal forte"
      }
    },
    {
      "type": "Feature",
      "geometry": {
        "type": "Point",
        "coordinates": [
          -46.2863,
          -12.5103
        ]
      },
      "properties": {
        "municipio": "TAGUATINGA",
        "estado": "TOCANTINS",
        "bioma": "Cerrado",
        "periodo": "junho de 2026",
        "sinal_publico": "foco de calor observado",
        "evidence_class": "sinal forte"
      }
    },
    {
      "type": "Feature",
      "geometry": {
        "type": "Point",
        "coordinates": [
          -52.7867,
          -11.5499
        ]
      },
      "properties": {
        "municipio": "SÃO FÉLIX DO ARAGUAIA",
        "estado": "MATO GROSSO",
        "bioma": "Amazônia",
        "periodo": "junho de 2026",
        "sinal_publico": "foco de calor observado",
        "evidence_class": "sinal forte"
      }
    },
    {
      "type": "Feature",
      "geometry": {
        "type": "Point",
        "coordinates": [
          -58.4825,
          -12.4464
        ]
      },
      "properties": {
        "municipio": "SAPEZAL",
        "estado": "MATO GROSSO",
        "bioma": "Cerrado",
        "periodo": "junho de 2026",
        "sinal_publico": "foco de calor observado",
        "evidence_class": "sinal forte"
      }
    },
    {
      "type": "Feature",
      "geometry": {
        "type": "Point",
        "coordinates": [
          -52.7848,
          -11.5688
        ]
      },
      "properties": {
        "municipio": "SÃO FÉLIX DO ARAGUAIA",
        "estado": "MATO GROSSO",
        "bioma": "Amazônia",
        "periodo": "junho de 2026",
        "sinal_publico": "foco de calor observado",
        "evidence_class": "sinal forte"
      }
    },
    {
      "type": "Feature",
      "geometry": {
        "type": "Point",
        "coordinates": [
          -58.9738,
          -14.1732
        ]
      },
      "properties": {
        "municipio": "TANGARÁ DA SERRA",
        "estado": "MATO GROSSO",
        "bioma": "Cerrado",
        "periodo": "junho de 2026",
        "sinal_publico": "foco de calor observado",
        "evidence_class": "sinal forte"
      }
    },
    {
      "type": "Feature",
      "geometry": {
        "type": "Point",
        "coordinates": [
          -45.08808,
          -19.37228
        ]
      },
      "properties": {
        "municipio": "MARTINHO CAMPOS",
        "estado": "MINAS GERAIS",
        "bioma": "Cerrado",
        "periodo": "junho de 2026",
        "sinal_publico": "foco de calor observado",
        "evidence_class": "sinal forte"
      }
    },
    {
      "type": "Feature",
      "geometry": {
        "type": "Point",
        "coordinates": [
          -57.2872,
          -12.2325
        ]
      },
      "properties": {
        "municipio": "NOVA MARINGÁ",
        "estado": "MATO GROSSO",
        "bioma": "Amazônia",
        "periodo": "junho de 2026",
        "sinal_publico": "foco de calor observado",
        "evidence_class": "sinal forte"
      }
    },
    {
      "type": "Feature",
      "geometry": {
        "type": "Point",
        "coordinates": [
          -54.7326,
          -12.5297
        ]
      },
      "properties": {
        "municipio": "FELIZ NATAL",
        "estado": "MATO GROSSO",
        "bioma": "Amazônia",
        "periodo": "junho de 2026",
        "sinal_publico": "foco de calor observado",
        "evidence_class": "sinal forte"
      }
    },
    {
      "type": "Feature",
      "geometry": {
        "type": "Point",
        "coordinates": [
          -54.7321,
          -12.739
        ]
      },
      "properties": {
        "municipio": "NOVA UBIRATÃ",
        "estado": "MATO GROSSO",
        "bioma": "Amazônia",
        "periodo": "junho de 2026",
        "sinal_publico": "foco de calor observado",
        "evidence_class": "sinal forte"
      }
    },
    {
      "type": "Feature",
      "geometry": {
        "type": "Point",
        "coordinates": [
          -58.9937,
          -14.173
        ]
      },
      "properties": {
        "municipio": "TANGARÁ DA SERRA",
        "estado": "MATO GROSSO",
        "bioma": "Cerrado",
        "periodo": "junho de 2026",
        "sinal_publico": "foco de calor observado",
        "evidence_class": "sinal forte"
      }
    },
    {
      "type": "Feature",
      "geometry": {
        "type": "Point",
        "coordinates": [
          -52.8057,
          -11.5686
        ]
      },
      "properties": {
        "municipio": "SÃO FÉLIX DO ARAGUAIA",
        "estado": "MATO GROSSO",
        "bioma": "Amazônia",
        "periodo": "junho de 2026",
        "sinal_publico": "foco de calor observado",
        "evidence_class": "sinal forte"
      }
    },
    {
      "type": "Feature",
      "geometry": {
        "type": "Point",
        "coordinates": [
          -54.7345,
          -12.5107
        ]
      },
      "properties": {
        "municipio": "FELIZ NATAL",
        "estado": "MATO GROSSO",
        "bioma": "Amazônia",
        "periodo": "junho de 2026",
        "sinal_publico": "foco de calor observado",
        "evidence_class": "sinal forte"
      }
    },
    {
      "type": "Feature",
      "geometry": {
        "type": "Point",
        "coordinates": [
          -57.4299,
          -14.2118
        ]
      },
      "properties": {
        "municipio": "NOVA MARILÂNDIA",
        "estado": "MATO GROSSO",
        "bioma": "Amazônia",
        "periodo": "junho de 2026",
        "sinal_publico": "foco de calor observado",
        "evidence_class": "sinal forte"
      }
    },
    {
      "type": "Feature",
      "geometry": {
        "type": "Point",
        "coordinates": [
          -42.64834,
          -17.30889
        ]
      },
      "properties": {
        "municipio": "MINAS NOVAS",
        "estado": "MINAS GERAIS",
        "bioma": "Cerrado",
        "periodo": "junho de 2026",
        "sinal_publico": "foco de calor observado",
        "evidence_class": "sinal forte"
      }
    },
    {
      "type": "Feature",
      "geometry": {
        "type": "Point",
        "coordinates": [
          -54.7345,
          -12.5107
        ]
      },
      "properties": {
        "municipio": "FELIZ NATAL",
        "estado": "MATO GROSSO",
        "bioma": "Amazônia",
        "periodo": "junho de 2026",
        "sinal_publico": "foco de calor observado",
        "evidence_class": "sinal forte"
      }
    },
    {
      "type": "Feature",
      "geometry": {
        "type": "Point",
        "coordinates": [
          -58.5038,
          -12.4272
        ]
      },
      "properties": {
        "municipio": "SAPEZAL",
        "estado": "MATO GROSSO",
        "bioma": "Cerrado",
        "periodo": "junho de 2026",
        "sinal_publico": "foco de calor observado",
        "evidence_class": "sinal forte"
      }
    },
    {
      "type": "Feature",
      "geometry": {
        "type": "Point",
        "coordinates": [
          -58.484,
          -12.4274
        ]
      },
      "properties": {
        "municipio": "SAPEZAL",
        "estado": "MATO GROSSO",
        "bioma": "Cerrado",
        "periodo": "junho de 2026",
        "sinal_publico": "foco de calor observado",
        "evidence_class": "sinal forte"
      }
    },
    {
      "type": "Feature",
      "geometry": {
        "type": "Point",
        "coordinates": [
          -52.8076,
          -11.5496
        ]
      },
      "properties": {
        "municipio": "SÃO FÉLIX DO ARAGUAIA",
        "estado": "MATO GROSSO",
        "bioma": "Amazônia",
        "periodo": "junho de 2026",
        "sinal_publico": "foco de calor observado",
        "evidence_class": "sinal forte"
      }
    },
    {
      "type": "Feature",
      "geometry": {
        "type": "Point",
        "coordinates": [
          -58.4612,
          -12.4656
        ]
      },
      "properties": {
        "municipio": "SAPEZAL",
        "estado": "MATO GROSSO",
        "bioma": "Cerrado",
        "periodo": "junho de 2026",
        "sinal_publico": "foco de calor observado",
        "evidence_class": "sinal forte"
      }
    },
    {
      "type": "Feature",
      "geometry": {
        "type": "Point",
        "coordinates": [
          -58.4033,
          -12.4473
        ]
      },
      "properties": {
        "municipio": "BRASNORTE",
        "estado": "MATO GROSSO",
        "bioma": "Cerrado",
        "periodo": "junho de 2026",
        "sinal_publico": "foco de calor observado",
        "evidence_class": "sinal forte"
      }
    },
    {
      "type": "Feature",
      "geometry": {
        "type": "Point",
        "coordinates": [
          -54.7321,
          -12.739
        ]
      },
      "properties": {
        "municipio": "NOVA UBIRATÃ",
        "estado": "MATO GROSSO",
        "bioma": "Amazônia",
        "periodo": "junho de 2026",
        "sinal_publico": "foco de calor observado",
        "evidence_class": "sinal forte"
      }
    },
    {
      "type": "Feature",
      "geometry": {
        "type": "Point",
        "coordinates": [
          -52.8076,
          -11.5496
        ]
      },
      "properties": {
        "municipio": "SÃO FÉLIX DO ARAGUAIA",
        "estado": "MATO GROSSO",
        "bioma": "Amazônia",
        "periodo": "junho de 2026",
        "sinal_publico": "foco de calor observado",
        "evidence_class": "sinal forte"
      }
    },
    {
      "type": "Feature",
      "geometry": {
        "type": "Point",
        "coordinates": [
          -57.2672,
          -12.2327
        ]
      },
      "properties": {
        "municipio": "NOVA MARINGÁ",
        "estado": "MATO GROSSO",
        "bioma": "Amazônia",
        "periodo": "junho de 2026",
        "sinal_publico": "foco de calor observado",
        "evidence_class": "sinal forte"
      }
    },
    {
      "type": "Feature",
      "geometry": {
        "type": "Point",
        "coordinates": [
          -42.643,
          -17.3041
        ]
      },
      "properties": {
        "municipio": "MINAS NOVAS",
        "estado": "MINAS GERAIS",
        "bioma": "Cerrado",
        "periodo": "junho de 2026",
        "sinal_publico": "foco de calor observado",
        "evidence_class": "sinal forte"
      }
    },
    {
      "type": "Feature",
      "geometry": {
        "type": "Point",
        "coordinates": [
          -50.2704,
          -9.5248
        ]
      },
      "properties": {
        "municipio": "SANTANA DO ARAGUAIA",
        "estado": "PARÁ",
        "bioma": "Amazônia",
        "periodo": "junho de 2026",
        "sinal_publico": "foco de calor observado",
        "evidence_class": "sinal forte"
      }
    },
    {
      "type": "Feature",
      "geometry": {
        "type": "Point",
        "coordinates": [
          -55.3283,
          -11.6123
        ]
      },
      "properties": {
        "municipio": "SINOP",
        "estado": "MATO GROSSO",
        "bioma": "Amazônia",
        "periodo": "junho de 2026",
        "sinal_publico": "foco de calor observado",
        "evidence_class": "sinal forte"
      }
    },
    {
      "type": "Feature",
      "geometry": {
        "type": "Point",
        "coordinates": [
          -52.7867,
          -11.5499
        ]
      },
      "properties": {
        "municipio": "SÃO FÉLIX DO ARAGUAIA",
        "estado": "MATO GROSSO",
        "bioma": "Amazônia",
        "periodo": "junho de 2026",
        "sinal_publico": "foco de calor observado",
        "evidence_class": "sinal forte"
      }
    },
    {
      "type": "Feature",
      "geometry": {
        "type": "Point",
        "coordinates": [
          -58.4033,
          -12.4473
        ]
      },
      "properties": {
        "municipio": "BRASNORTE",
        "estado": "MATO GROSSO",
        "bioma": "Cerrado",
        "periodo": "junho de 2026",
        "sinal_publico": "foco de calor observado",
        "evidence_class": "sinal forte"
      }
    },
    {
      "type": "Feature",
      "geometry": {
        "type": "Point",
        "coordinates": [
          -55.3283,
          -11.6123
        ]
      },
      "properties": {
        "municipio": "SINOP",
        "estado": "MATO GROSSO",
        "bioma": "Amazônia",
        "periodo": "junho de 2026",
        "sinal_publico": "foco de calor observado",
        "evidence_class": "sinal forte"
      }
    },
    {
      "type": "Feature",
      "geometry": {
        "type": "Point",
        "coordinates": [
          -58.4231,
          -12.4471
        ]
      },
      "properties": {
        "municipio": "BRASNORTE",
        "estado": "MATO GROSSO",
        "bioma": "Cerrado",
        "periodo": "junho de 2026",
        "sinal_publico": "foco de calor observado",
        "evidence_class": "sinal forte"
      }
    },
    {
      "type": "Feature",
      "geometry": {
        "type": "Point",
        "coordinates": [
          -58.4627,
          -12.4466
        ]
      },
      "properties": {
        "municipio": "SAPEZAL",
        "estado": "MATO GROSSO",
        "bioma": "Cerrado",
        "periodo": "junho de 2026",
        "sinal_publico": "foco de calor observado",
        "evidence_class": "sinal forte"
      }
    },
    {
      "type": "Feature",
      "geometry": {
        "type": "Point",
        "coordinates": [
          -57.8329,
          -11.886
        ]
      },
      "properties": {
        "municipio": "JUARA",
        "estado": "MATO GROSSO",
        "bioma": "Amazônia",
        "periodo": "junho de 2026",
        "sinal_publico": "foco de calor observado",
        "evidence_class": "sinal forte"
      }
    },
    {
      "type": "Feature",
      "geometry": {
        "type": "Point",
        "coordinates": [
          -47.0362,
          -10.9882
        ]
      },
      "properties": {
        "municipio": "PONTE ALTA DO TOCANTINS",
        "estado": "TOCANTINS",
        "bioma": "Cerrado",
        "periodo": "junho de 2026",
        "sinal_publico": "foco de calor observado",
        "evidence_class": "sinal forte"
      }
    },
    {
      "type": "Feature",
      "geometry": {
        "type": "Point",
        "coordinates": [
          -52.7867,
          -11.5499
        ]
      },
      "properties": {
        "municipio": "SÃO FÉLIX DO ARAGUAIA",
        "estado": "MATO GROSSO",
        "bioma": "Amazônia",
        "periodo": "junho de 2026",
        "sinal_publico": "foco de calor observado",
        "evidence_class": "sinal forte"
      }
    },
    {
      "type": "Feature",
      "geometry": {
        "type": "Point",
        "coordinates": [
          -58.4048,
          -12.4283
        ]
      },
      "properties": {
        "municipio": "BRASNORTE",
        "estado": "MATO GROSSO",
        "bioma": "Cerrado",
        "periodo": "junho de 2026",
        "sinal_publico": "foco de calor observado",
        "evidence_class": "sinal forte"
      }
    },
    {
      "type": "Feature",
      "geometry": {
        "type": "Point",
        "coordinates": [
          -49.51655,
          -16.5269
        ]
      },
      "properties": {
        "municipio": "TRINDADE",
        "estado": "GOIÁS",
        "bioma": "Cerrado",
        "periodo": "junho de 2026",
        "sinal_publico": "foco de calor observado",
        "evidence_class": "sinal forte"
      }
    },
    {
      "type": "Feature",
      "geometry": {
        "type": "Point",
        "coordinates": [
          -58.484,
          -12.4274
        ]
      },
      "properties": {
        "municipio": "SAPEZAL",
        "estado": "MATO GROSSO",
        "bioma": "Cerrado",
        "periodo": "junho de 2026",
        "sinal_publico": "foco de calor observado",
        "evidence_class": "sinal forte"
      }
    },
    {
      "type": "Feature",
      "geometry": {
        "type": "Point",
        "coordinates": [
          -53.76513,
          -10.85501
        ]
      },
      "properties": {
        "municipio": "MARCELÂNDIA",
        "estado": "MATO GROSSO",
        "bioma": "Amazônia",
        "periodo": "junho de 2026",
        "sinal_publico": "foco de calor observado",
        "evidence_class": "sinal forte"
      }
    },
    {
      "type": "Feature",
      "geometry": {
        "type": "Point",
        "coordinates": [
          -52.8057,
          -11.5686
        ]
      },
      "properties": {
        "municipio": "SÃO FÉLIX DO ARAGUAIA",
        "estado": "MATO GROSSO",
        "bioma": "Amazônia",
        "periodo": "junho de 2026",
        "sinal_publico": "foco de calor observado",
        "evidence_class": "sinal forte"
      }
    },
    {
      "type": "Feature",
      "geometry": {
        "type": "Point",
        "coordinates": [
          -58.4825,
          -12.4464
        ]
      },
      "properties": {
        "municipio": "SAPEZAL",
        "estado": "MATO GROSSO",
        "bioma": "Cerrado",
        "periodo": "junho de 2026",
        "sinal_publico": "foco de calor observado",
        "evidence_class": "sinal forte"
      }
    },
    {
      "type": "Feature",
      "geometry": {
        "type": "Point",
        "coordinates": [
          -55.3283,
          -11.6123
        ]
      },
      "properties": {
        "municipio": "SINOP",
        "estado": "MATO GROSSO",
        "bioma": "Amazônia",
        "periodo": "junho de 2026",
        "sinal_publico": "foco de calor observado",
        "evidence_class": "sinal forte"
      }
    },
    {
      "type": "Feature",
      "geometry": {
        "type": "Point",
        "coordinates": [
          -54.7531,
          -12.5294
        ]
      },
      "properties": {
        "municipio": "FELIZ NATAL",
        "estado": "MATO GROSSO",
        "bioma": "Amazônia",
        "periodo": "junho de 2026",
        "sinal_publico": "foco de calor observado",
        "evidence_class": "sinal forte"
      }
    },
    {
      "type": "Feature",
      "geometry": {
        "type": "Point",
        "coordinates": [
          -50.6074,
          -9.0887
        ]
      },
      "properties": {
        "municipio": "SANTANA DO ARAGUAIA",
        "estado": "PARÁ",
        "bioma": "Amazônia",
        "periodo": "junho de 2026",
        "sinal_publico": "foco de calor observado",
        "evidence_class": "sinal forte"
      }
    },
    {
      "type": "Feature",
      "geometry": {
        "type": "Point",
        "coordinates": [
          -52.7867,
          -11.5499
        ]
      },
      "properties": {
        "municipio": "SÃO FÉLIX DO ARAGUAIA",
        "estado": "MATO GROSSO",
        "bioma": "Amazônia",
        "periodo": "junho de 2026",
        "sinal_publico": "foco de calor observado",
        "evidence_class": "sinal forte"
      }
    },
    {
      "type": "Feature",
      "geometry": {
        "type": "Point",
        "coordinates": [
          -61.4225,
          -8.4163
        ]
      },
      "properties": {
        "municipio": "NOVO ARIPUANÃ",
        "estado": "AMAZONAS",
        "bioma": "Amazônia",
        "periodo": "junho de 2026",
        "sinal_publico": "foco de calor observado",
        "evidence_class": "sinal forte"
      }
    },
    {
      "type": "Feature",
      "geometry": {
        "type": "Point",
        "coordinates": [
          -58.4825,
          -12.4464
        ]
      },
      "properties": {
        "municipio": "SAPEZAL",
        "estado": "MATO GROSSO",
        "bioma": "Cerrado",
        "periodo": "junho de 2026",
        "sinal_publico": "foco de calor observado",
        "evidence_class": "sinal forte"
      }
    },
    {
      "type": "Feature",
      "geometry": {
        "type": "Point",
        "coordinates": [
          -52.7867,
          -11.5499
        ]
      },
      "properties": {
        "municipio": "SÃO FÉLIX DO ARAGUAIA",
        "estado": "MATO GROSSO",
        "bioma": "Amazônia",
        "periodo": "junho de 2026",
        "sinal_publico": "foco de calor observado",
        "evidence_class": "sinal forte"
      }
    },
    {
      "type": "Feature",
      "geometry": {
        "type": "Point",
        "coordinates": [
          -52.8076,
          -11.5496
        ]
      },
      "properties": {
        "municipio": "SÃO FÉLIX DO ARAGUAIA",
        "estado": "MATO GROSSO",
        "bioma": "Amazônia",
        "periodo": "junho de 2026",
        "sinal_publico": "foco de calor observado",
        "evidence_class": "sinal forte"
      }
    },
    {
      "type": "Feature",
      "geometry": {
        "type": "Point",
        "coordinates": [
          -58.43249,
          -12.45059
        ]
      },
      "properties": {
        "municipio": "BRASNORTE",
        "estado": "MATO GROSSO",
        "bioma": "Cerrado",
        "periodo": "junho de 2026",
        "sinal_publico": "foco de calor observado",
        "evidence_class": "sinal forte"
      }
    },
    {
      "type": "Feature",
      "geometry": {
        "type": "Point",
        "coordinates": [
          -52.7848,
          -11.5688
        ]
      },
      "properties": {
        "municipio": "SÃO FÉLIX DO ARAGUAIA",
        "estado": "MATO GROSSO",
        "bioma": "Amazônia",
        "periodo": "junho de 2026",
        "sinal_publico": "foco de calor observado",
        "evidence_class": "sinal forte"
      }
    },
    {
      "type": "Feature",
      "geometry": {
        "type": "Point",
        "coordinates": [
          -58.4033,
          -12.4473
        ]
      },
      "properties": {
        "municipio": "BRASNORTE",
        "estado": "MATO GROSSO",
        "bioma": "Cerrado",
        "periodo": "junho de 2026",
        "sinal_publico": "foco de calor observado",
        "evidence_class": "sinal forte"
      }
    },
    {
      "type": "Feature",
      "geometry": {
        "type": "Point",
        "coordinates": [
          -58.481,
          -12.4654
        ]
      },
      "properties": {
        "municipio": "SAPEZAL",
        "estado": "MATO GROSSO",
        "bioma": "Cerrado",
        "periodo": "junho de 2026",
        "sinal_publico": "foco de calor observado",
        "evidence_class": "sinal forte"
      }
    },
    {
      "type": "Feature",
      "geometry": {
        "type": "Point",
        "coordinates": [
          -57.813,
          -11.8862
        ]
      },
      "properties": {
        "municipio": "JUARA",
        "estado": "MATO GROSSO",
        "bioma": "Amazônia",
        "periodo": "junho de 2026",
        "sinal_publico": "foco de calor observado",
        "evidence_class": "sinal forte"
      }
    },
    {
      "type": "Feature",
      "geometry": {
        "type": "Point",
        "coordinates": [
          -57.2672,
          -12.2327
        ]
      },
      "properties": {
        "municipio": "NOVA MARINGÁ",
        "estado": "MATO GROSSO",
        "bioma": "Amazônia",
        "periodo": "junho de 2026",
        "sinal_publico": "foco de calor observado",
        "evidence_class": "sinal forte"
      }
    },
    {
      "type": "Feature",
      "geometry": {
        "type": "Point",
        "coordinates": [
          -46.2863,
          -12.5103
        ]
      },
      "properties": {
        "municipio": "TAGUATINGA",
        "estado": "TOCANTINS",
        "bioma": "Cerrado",
        "periodo": "junho de 2026",
        "sinal_publico": "foco de calor observado",
        "evidence_class": "sinal forte"
      }
    },
    {
      "type": "Feature",
      "geometry": {
        "type": "Point",
        "coordinates": [
          -52.7867,
          -11.5499
        ]
      },
      "properties": {
        "municipio": "SÃO FÉLIX DO ARAGUAIA",
        "estado": "MATO GROSSO",
        "bioma": "Amazônia",
        "periodo": "junho de 2026",
        "sinal_publico": "foco de calor observado",
        "evidence_class": "sinal forte"
      }
    },
    {
      "type": "Feature",
      "geometry": {
        "type": "Point",
        "coordinates": [
          -52.8057,
          -11.5686
        ]
      },
      "properties": {
        "municipio": "SÃO FÉLIX DO ARAGUAIA",
        "estado": "MATO GROSSO",
        "bioma": "Amazônia",
        "periodo": "junho de 2026",
        "sinal_publico": "foco de calor observado",
        "evidence_class": "sinal forte"
      }
    },
    {
      "type": "Feature",
      "geometry": {
        "type": "Point",
        "coordinates": [
          -58.481,
          -12.4654
        ]
      },
      "properties": {
        "municipio": "SAPEZAL",
        "estado": "MATO GROSSO",
        "bioma": "Cerrado",
        "periodo": "junho de 2026",
        "sinal_publico": "foco de calor observado",
        "evidence_class": "sinal forte"
      }
    },
    {
      "type": "Feature",
      "geometry": {
        "type": "Point",
        "coordinates": [
          -47.0139,
          -10.9886
        ]
      },
      "properties": {
        "municipio": "PONTE ALTA DO TOCANTINS",
        "estado": "TOCANTINS",
        "bioma": "Cerrado",
        "periodo": "junho de 2026",
        "sinal_publico": "foco de calor observado",
        "evidence_class": "sinal forte"
      }
    },
    {
      "type": "Feature",
      "geometry": {
        "type": "Point",
        "coordinates": [
          -58.4048,
          -12.4283
        ]
      },
      "properties": {
        "municipio": "BRASNORTE",
        "estado": "MATO GROSSO",
        "bioma": "Cerrado",
        "periodo": "junho de 2026",
        "sinal_publico": "foco de calor observado",
        "evidence_class": "sinal forte"
      }
    },
    {
      "type": "Feature",
      "geometry": {
        "type": "Point",
        "coordinates": [
          -58.4048,
          -12.4283
        ]
      },
      "properties": {
        "municipio": "BRASNORTE",
        "estado": "MATO GROSSO",
        "bioma": "Cerrado",
        "periodo": "junho de 2026",
        "sinal_publico": "foco de calor observado",
        "evidence_class": "sinal forte"
      }
    },
    {
      "type": "Feature",
      "geometry": {
        "type": "Point",
        "coordinates": [
          -54.7321,
          -12.739
        ]
      },
      "properties": {
        "municipio": "NOVA UBIRATÃ",
        "estado": "MATO GROSSO",
        "bioma": "Amazônia",
        "periodo": "junho de 2026",
        "sinal_publico": "foco de calor observado",
        "evidence_class": "sinal forte"
      }
    },
    {
      "type": "Feature",
      "geometry": {
        "type": "Point",
        "coordinates": [
          -54.7321,
          -12.739
        ]
      },
      "properties": {
        "municipio": "NOVA UBIRATÃ",
        "estado": "MATO GROSSO",
        "bioma": "Amazônia",
        "periodo": "junho de 2026",
        "sinal_publico": "foco de calor observado",
        "evidence_class": "sinal forte"
      }
    },
    {
      "type": "Feature",
      "geometry": {
        "type": "Point",
        "coordinates": [
          -58.7958,
          -14.3861
        ]
      },
      "properties": {
        "municipio": "TANGARÁ DA SERRA",
        "estado": "MATO GROSSO",
        "bioma": "Cerrado",
        "periodo": "junho de 2026",
        "sinal_publico": "foco de calor observado",
        "evidence_class": "sinal forte"
      }
    },
    {
      "type": "Feature",
      "geometry": {
        "type": "Point",
        "coordinates": [
          -42.643,
          -17.3041
        ]
      },
      "properties": {
        "municipio": "MINAS NOVAS",
        "estado": "MINAS GERAIS",
        "bioma": "Cerrado",
        "periodo": "junho de 2026",
        "sinal_publico": "foco de calor observado",
        "evidence_class": "sinal forte"
      }
    },
    {
      "type": "Feature",
      "geometry": {
        "type": "Point",
        "coordinates": [
          -52.7848,
          -11.5688
        ]
      },
      "properties": {
        "municipio": "SÃO FÉLIX DO ARAGUAIA",
        "estado": "MATO GROSSO",
        "bioma": "Amazônia",
        "periodo": "junho de 2026",
        "sinal_publico": "foco de calor observado",
        "evidence_class": "sinal forte"
      }
    },
    {
      "type": "Feature",
      "geometry": {
        "type": "Point",
        "coordinates": [
          -58.4033,
          -12.4473
        ]
      },
      "properties": {
        "municipio": "BRASNORTE",
        "estado": "MATO GROSSO",
        "bioma": "Cerrado",
        "periodo": "junho de 2026",
        "sinal_publico": "foco de calor observado",
        "evidence_class": "sinal forte"
      }
    },
    {
      "type": "Feature",
      "geometry": {
        "type": "Point",
        "coordinates": [
          -50.2704,
          -9.5248
        ]
      },
      "properties": {
        "municipio": "SANTANA DO ARAGUAIA",
        "estado": "PARÁ",
        "bioma": "Amazônia",
        "periodo": "junho de 2026",
        "sinal_publico": "foco de calor observado",
        "evidence_class": "sinal forte"
      }
    },
    {
      "type": "Feature",
      "geometry": {
        "type": "Point",
        "coordinates": [
          -52.8076,
          -11.5496
        ]
      },
      "properties": {
        "municipio": "SÃO FÉLIX DO ARAGUAIA",
        "estado": "MATO GROSSO",
        "bioma": "Amazônia",
        "periodo": "junho de 2026",
        "sinal_publico": "foco de calor observado",
        "evidence_class": "sinal forte"
      }
    },
    {
      "type": "Feature",
      "geometry": {
        "type": "Point",
        "coordinates": [
          -42.643,
          -17.3041
        ]
      },
      "properties": {
        "municipio": "MINAS NOVAS",
        "estado": "MINAS GERAIS",
        "bioma": "Cerrado",
        "periodo": "junho de 2026",
        "sinal_publico": "foco de calor observado",
        "evidence_class": "sinal forte"
      }
    },
    {
      "type": "Feature",
      "geometry": {
        "type": "Point",
        "coordinates": [
          -57.2672,
          -12.2327
        ]
      },
      "properties": {
        "municipio": "NOVA MARINGÁ",
        "estado": "MATO GROSSO",
        "bioma": "Amazônia",
        "periodo": "junho de 2026",
        "sinal_publico": "foco de calor observado",
        "evidence_class": "sinal forte"
      }
    },
    {
      "type": "Feature",
      "geometry": {
        "type": "Point",
        "coordinates": [
          -58.4231,
          -12.4471
        ]
      },
      "properties": {
        "municipio": "BRASNORTE",
        "estado": "MATO GROSSO",
        "bioma": "Cerrado",
        "periodo": "junho de 2026",
        "sinal_publico": "foco de calor observado",
        "evidence_class": "sinal forte"
      }
    },
    {
      "type": "Feature",
      "geometry": {
        "type": "Point",
        "coordinates": [
          -52.8265,
          -11.5683
        ]
      },
      "properties": {
        "municipio": "SÃO FÉLIX DO ARAGUAIA",
        "estado": "MATO GROSSO",
        "bioma": "Amazônia",
        "periodo": "junho de 2026",
        "sinal_publico": "foco de calor observado",
        "evidence_class": "sinal forte"
      }
    },
    {
      "type": "Feature",
      "geometry": {
        "type": "Point",
        "coordinates": [
          -52.7887,
          -11.5309
        ]
      },
      "properties": {
        "municipio": "SÃO FÉLIX DO ARAGUAIA",
        "estado": "MATO GROSSO",
        "bioma": "Amazônia",
        "periodo": "junho de 2026",
        "sinal_publico": "foco de calor observado",
        "evidence_class": "sinal forte"
      }
    },
    {
      "type": "Feature",
      "geometry": {
        "type": "Point",
        "coordinates": [
          -52.8076,
          -11.5496
        ]
      },
      "properties": {
        "municipio": "SÃO FÉLIX DO ARAGUAIA",
        "estado": "MATO GROSSO",
        "bioma": "Amazônia",
        "periodo": "junho de 2026",
        "sinal_publico": "foco de calor observado",
        "evidence_class": "sinal forte"
      }
    },
    {
      "type": "Feature",
      "geometry": {
        "type": "Point",
        "coordinates": [
          -54.7341,
          -12.7199
        ]
      },
      "properties": {
        "municipio": "NOVA UBIRATÃ",
        "estado": "MATO GROSSO",
        "bioma": "Amazônia",
        "periodo": "junho de 2026",
        "sinal_publico": "foco de calor observado",
        "evidence_class": "sinal forte"
      }
    },
    {
      "type": "Feature",
      "geometry": {
        "type": "Point",
        "coordinates": [
          -57.2688,
          -12.2138
        ]
      },
      "properties": {
        "municipio": "NOVA MARINGÁ",
        "estado": "MATO GROSSO",
        "bioma": "Amazônia",
        "periodo": "junho de 2026",
        "sinal_publico": "foco de calor observado",
        "evidence_class": "sinal forte"
      }
    },
    {
      "type": "Feature",
      "geometry": {
        "type": "Point",
        "coordinates": [
          -45.36124,
          -12.00461
        ]
      },
      "properties": {
        "municipio": "BARREIRAS",
        "estado": "BAHIA",
        "bioma": "Cerrado",
        "periodo": "junho de 2026",
        "sinal_publico": "foco de calor observado",
        "evidence_class": "sinal forte"
      }
    },
    {
      "type": "Feature",
      "geometry": {
        "type": "Point",
        "coordinates": [
          -47.0362,
          -10.9882
        ]
      },
      "properties": {
        "municipio": "PONTE ALTA DO TOCANTINS",
        "estado": "TOCANTINS",
        "bioma": "Cerrado",
        "periodo": "junho de 2026",
        "sinal_publico": "foco de calor observado",
        "evidence_class": "sinal forte"
      }
    },
    {
      "type": "Feature",
      "geometry": {
        "type": "Point",
        "coordinates": [
          -52.7867,
          -11.5499
        ]
      },
      "properties": {
        "municipio": "SÃO FÉLIX DO ARAGUAIA",
        "estado": "MATO GROSSO",
        "bioma": "Amazônia",
        "periodo": "junho de 2026",
        "sinal_publico": "foco de calor observado",
        "evidence_class": "sinal forte"
      }
    },
    {
      "type": "Feature",
      "geometry": {
        "type": "Point",
        "coordinates": [
          -52.8076,
          -11.5496
        ]
      },
      "properties": {
        "municipio": "SÃO FÉLIX DO ARAGUAIA",
        "estado": "MATO GROSSO",
        "bioma": "Amazônia",
        "periodo": "junho de 2026",
        "sinal_publico": "foco de calor observado",
        "evidence_class": "sinal forte"
      }
    },
    {
      "type": "Feature",
      "geometry": {
        "type": "Point",
        "coordinates": [
          -42.643,
          -17.3041
        ]
      },
      "properties": {
        "municipio": "MINAS NOVAS",
        "estado": "MINAS GERAIS",
        "bioma": "Cerrado",
        "periodo": "junho de 2026",
        "sinal_publico": "foco de calor observado",
        "evidence_class": "sinal forte"
      }
    },
    {
      "type": "Feature",
      "geometry": {
        "type": "Point",
        "coordinates": [
          -58.4612,
          -12.4656
        ]
      },
      "properties": {
        "municipio": "SAPEZAL",
        "estado": "MATO GROSSO",
        "bioma": "Cerrado",
        "periodo": "junho de 2026",
        "sinal_publico": "foco de calor observado",
        "evidence_class": "sinal forte"
      }
    },
    {
      "type": "Feature",
      "geometry": {
        "type": "Point",
        "coordinates": [
          -57.2688,
          -12.2138
        ]
      },
      "properties": {
        "municipio": "NOVA MARINGÁ",
        "estado": "MATO GROSSO",
        "bioma": "Amazônia",
        "periodo": "junho de 2026",
        "sinal_publico": "foco de calor observado",
        "evidence_class": "sinal forte"
      }
    },
    {
      "type": "Feature",
      "geometry": {
        "type": "Point",
        "coordinates": [
          -52.8057,
          -11.5686
        ]
      },
      "properties": {
        "municipio": "SÃO FÉLIX DO ARAGUAIA",
        "estado": "MATO GROSSO",
        "bioma": "Amazônia",
        "periodo": "junho de 2026",
        "sinal_publico": "foco de calor observado",
        "evidence_class": "sinal forte"
      }
    },
    {
      "type": "Feature",
      "geometry": {
        "type": "Point",
        "coordinates": [
          -58.4048,
          -12.4283
        ]
      },
      "properties": {
        "municipio": "BRASNORTE",
        "estado": "MATO GROSSO",
        "bioma": "Cerrado",
        "periodo": "junho de 2026",
        "sinal_publico": "foco de calor observado",
        "evidence_class": "sinal forte"
      }
    },
    {
      "type": "Feature",
      "geometry": {
        "type": "Point",
        "coordinates": [
          -58.4825,
          -12.4464
        ]
      },
      "properties": {
        "municipio": "SAPEZAL",
        "estado": "MATO GROSSO",
        "bioma": "Cerrado",
        "periodo": "junho de 2026",
        "sinal_publico": "foco de calor observado",
        "evidence_class": "sinal forte"
      }
    },
    {
      "type": "Feature",
      "geometry": {
        "type": "Point",
        "coordinates": [
          -50.6058,
          -9.1075
        ]
      },
      "properties": {
        "municipio": "SANTANA DO ARAGUAIA",
        "estado": "PARÁ",
        "bioma": "Amazônia",
        "periodo": "junho de 2026",
        "sinal_publico": "foco de calor observado",
        "evidence_class": "sinal forte"
      }
    },
    {
      "type": "Feature",
      "geometry": {
        "type": "Point",
        "coordinates": [
          -58.4612,
          -12.4656
        ]
      },
      "properties": {
        "municipio": "SAPEZAL",
        "estado": "MATO GROSSO",
        "bioma": "Cerrado",
        "periodo": "junho de 2026",
        "sinal_publico": "foco de calor observado",
        "evidence_class": "sinal forte"
      }
    },
    {
      "type": "Feature",
      "geometry": {
        "type": "Point",
        "coordinates": [
          -52.8095,
          -11.5306
        ]
      },
      "properties": {
        "municipio": "SÃO FÉLIX DO ARAGUAIA",
        "estado": "MATO GROSSO",
        "bioma": "Amazônia",
        "periodo": "junho de 2026",
        "sinal_publico": "foco de calor observado",
        "evidence_class": "sinal forte"
      }
    },
    {
      "type": "Feature",
      "geometry": {
        "type": "Point",
        "coordinates": [
          -47.0338,
          -11.0073
        ]
      },
      "properties": {
        "municipio": "PONTE ALTA DO TOCANTINS",
        "estado": "TOCANTINS",
        "bioma": "Cerrado",
        "periodo": "junho de 2026",
        "sinal_publico": "foco de calor observado",
        "evidence_class": "sinal forte"
      }
    },
    {
      "type": "Feature",
      "geometry": {
        "type": "Point",
        "coordinates": [
          -52.8076,
          -11.5496
        ]
      },
      "properties": {
        "municipio": "SÃO FÉLIX DO ARAGUAIA",
        "estado": "MATO GROSSO",
        "bioma": "Amazônia",
        "periodo": "junho de 2026",
        "sinal_publico": "foco de calor observado",
        "evidence_class": "sinal forte"
      }
    },
    {
      "type": "Feature",
      "geometry": {
        "type": "Point",
        "coordinates": [
          -52.7848,
          -11.5688
        ]
      },
      "properties": {
        "municipio": "SÃO FÉLIX DO ARAGUAIA",
        "estado": "MATO GROSSO",
        "bioma": "Amazônia",
        "periodo": "junho de 2026",
        "sinal_publico": "foco de calor observado",
        "evidence_class": "sinal forte"
      }
    },
    {
      "type": "Feature",
      "geometry": {
        "type": "Point",
        "coordinates": [
          -57.2688,
          -12.2138
        ]
      },
      "properties": {
        "municipio": "NOVA MARINGÁ",
        "estado": "MATO GROSSO",
        "bioma": "Amazônia",
        "periodo": "junho de 2026",
        "sinal_publico": "foco de calor observado",
        "evidence_class": "sinal forte"
      }
    },
    {
      "type": "Feature",
      "geometry": {
        "type": "Point",
        "coordinates": [
          -55.3283,
          -11.6123
        ]
      },
      "properties": {
        "municipio": "SINOP",
        "estado": "MATO GROSSO",
        "bioma": "Amazônia",
        "periodo": "junho de 2026",
        "sinal_publico": "foco de calor observado",
        "evidence_class": "sinal forte"
      }
    },
    {
      "type": "Feature",
      "geometry": {
        "type": "Point",
        "coordinates": [
          -57.2888,
          -12.2136
        ]
      },
      "properties": {
        "municipio": "NOVA MARINGÁ",
        "estado": "MATO GROSSO",
        "bioma": "Amazônia",
        "periodo": "junho de 2026",
        "sinal_publico": "foco de calor observado",
        "evidence_class": "sinal forte"
      }
    },
    {
      "type": "Feature",
      "geometry": {
        "type": "Point",
        "coordinates": [
          -58.9937,
          -14.173
        ]
      },
      "properties": {
        "municipio": "TANGARÁ DA SERRA",
        "estado": "MATO GROSSO",
        "bioma": "Cerrado",
        "periodo": "junho de 2026",
        "sinal_publico": "foco de calor observado",
        "evidence_class": "sinal forte"
      }
    },
    {
      "type": "Feature",
      "geometry": {
        "type": "Point",
        "coordinates": [
          -58.9738,
          -14.1732
        ]
      },
      "properties": {
        "municipio": "TANGARÁ DA SERRA",
        "estado": "MATO GROSSO",
        "bioma": "Cerrado",
        "periodo": "junho de 2026",
        "sinal_publico": "foco de calor observado",
        "evidence_class": "sinal forte"
      }
    },
    {
      "type": "Feature",
      "geometry": {
        "type": "Point",
        "coordinates": [
          -57.2672,
          -12.2327
        ]
      },
      "properties": {
        "municipio": "NOVA MARINGÁ",
        "estado": "MATO GROSSO",
        "bioma": "Amazônia",
        "periodo": "junho de 2026",
        "sinal_publico": "foco de calor observado",
        "evidence_class": "sinal forte"
      }
    },
    {
      "type": "Feature",
      "geometry": {
        "type": "Point",
        "coordinates": [
          -58.4048,
          -12.4283
        ]
      },
      "properties": {
        "municipio": "BRASNORTE",
        "estado": "MATO GROSSO",
        "bioma": "Cerrado",
        "periodo": "junho de 2026",
        "sinal_publico": "foco de calor observado",
        "evidence_class": "sinal forte"
      }
    },
    {
      "type": "Feature",
      "geometry": {
        "type": "Point",
        "coordinates": [
          -46.2863,
          -12.5103
        ]
      },
      "properties": {
        "municipio": "TAGUATINGA",
        "estado": "TOCANTINS",
        "bioma": "Cerrado",
        "periodo": "junho de 2026",
        "sinal_publico": "foco de calor observado",
        "evidence_class": "sinal forte"
      }
    },
    {
      "type": "Feature",
      "geometry": {
        "type": "Point",
        "coordinates": [
          -58.4627,
          -12.4466
        ]
      },
      "properties": {
        "municipio": "SAPEZAL",
        "estado": "MATO GROSSO",
        "bioma": "Cerrado",
        "periodo": "junho de 2026",
        "sinal_publico": "foco de calor observado",
        "evidence_class": "sinal forte"
      }
    },
    {
      "type": "Feature",
      "geometry": {
        "type": "Point",
        "coordinates": [
          -58.9937,
          -14.173
        ]
      },
      "properties": {
        "municipio": "TANGARÁ DA SERRA",
        "estado": "MATO GROSSO",
        "bioma": "Cerrado",
        "periodo": "junho de 2026",
        "sinal_publico": "foco de calor observado",
        "evidence_class": "sinal forte"
      }
    },
    {
      "type": "Feature",
      "geometry": {
        "type": "Point",
        "coordinates": [
          -52.7867,
          -11.5499
        ]
      },
      "properties": {
        "municipio": "SÃO FÉLIX DO ARAGUAIA",
        "estado": "MATO GROSSO",
        "bioma": "Amazônia",
        "periodo": "junho de 2026",
        "sinal_publico": "foco de calor observado",
        "evidence_class": "sinal forte"
      }
    },
    {
      "type": "Feature",
      "geometry": {
        "type": "Point",
        "coordinates": [
          -54.7345,
          -12.5107
        ]
      },
      "properties": {
        "municipio": "FELIZ NATAL",
        "estado": "MATO GROSSO",
        "bioma": "Amazônia",
        "periodo": "junho de 2026",
        "sinal_publico": "foco de calor observado",
        "evidence_class": "sinal forte"
      }
    },
    {
      "type": "Feature",
      "geometry": {
        "type": "Point",
        "coordinates": [
          -52.8095,
          -11.5306
        ]
      },
      "properties": {
        "municipio": "SÃO FÉLIX DO ARAGUAIA",
        "estado": "MATO GROSSO",
        "bioma": "Amazônia",
        "periodo": "junho de 2026",
        "sinal_publico": "foco de calor observado",
        "evidence_class": "sinal forte"
      }
    },
    {
      "type": "Feature",
      "geometry": {
        "type": "Point",
        "coordinates": [
          -52.78161,
          -11.54316
        ]
      },
      "properties": {
        "municipio": "SÃO FÉLIX DO ARAGUAIA",
        "estado": "MATO GROSSO",
        "bioma": "Amazônia",
        "periodo": "junho de 2026",
        "sinal_publico": "foco de calor observado",
        "evidence_class": "sinal forte"
      }
    },
    {
      "type": "Feature",
      "geometry": {
        "type": "Point",
        "coordinates": [
          -46.9738,
          -10.9511
        ]
      },
      "properties": {
        "municipio": "PONTE ALTA DO TOCANTINS",
        "estado": "TOCANTINS",
        "bioma": "Cerrado",
        "periodo": "junho de 2026",
        "sinal_publico": "foco de calor observado",
        "evidence_class": "sinal forte"
      }
    },
    {
      "type": "Feature",
      "geometry": {
        "type": "Point",
        "coordinates": [
          -58.4612,
          -12.4656
        ]
      },
      "properties": {
        "municipio": "SAPEZAL",
        "estado": "MATO GROSSO",
        "bioma": "Cerrado",
        "periodo": "junho de 2026",
        "sinal_publico": "foco de calor observado",
        "evidence_class": "sinal forte"
      }
    },
    {
      "type": "Feature",
      "geometry": {
        "type": "Point",
        "coordinates": [
          -58.4825,
          -12.4464
        ]
      },
      "properties": {
        "municipio": "SAPEZAL",
        "estado": "MATO GROSSO",
        "bioma": "Cerrado",
        "periodo": "junho de 2026",
        "sinal_publico": "foco de calor observado",
        "evidence_class": "sinal forte"
      }
    },
    {
      "type": "Feature",
      "geometry": {
        "type": "Point",
        "coordinates": [
          -57.4299,
          -14.2118
        ]
      },
      "properties": {
        "municipio": "NOVA MARILÂNDIA",
        "estado": "MATO GROSSO",
        "bioma": "Amazônia",
        "periodo": "junho de 2026",
        "sinal_publico": "foco de calor observado",
        "evidence_class": "sinal forte"
      }
    },
    {
      "type": "Feature",
      "geometry": {
        "type": "Point",
        "coordinates": [
          -58.4033,
          -12.4473
        ]
      },
      "properties": {
        "municipio": "BRASNORTE",
        "estado": "MATO GROSSO",
        "bioma": "Cerrado",
        "periodo": "junho de 2026",
        "sinal_publico": "foco de calor observado",
        "evidence_class": "sinal forte"
      }
    },
    {
      "type": "Feature",
      "geometry": {
        "type": "Point",
        "coordinates": [
          -54.7341,
          -12.7199
        ]
      },
      "properties": {
        "municipio": "NOVA UBIRATÃ",
        "estado": "MATO GROSSO",
        "bioma": "Amazônia",
        "periodo": "junho de 2026",
        "sinal_publico": "foco de calor observado",
        "evidence_class": "sinal forte"
      }
    },
    {
      "type": "Feature",
      "geometry": {
        "type": "Point",
        "coordinates": [
          -57.2872,
          -12.2325
        ]
      },
      "properties": {
        "municipio": "NOVA MARINGÁ",
        "estado": "MATO GROSSO",
        "bioma": "Amazônia",
        "periodo": "junho de 2026",
        "sinal_publico": "foco de calor observado",
        "evidence_class": "sinal forte"
      }
    },
    {
      "type": "Feature",
      "geometry": {
        "type": "Point",
        "coordinates": [
          -59.1244,
          -14.4971
        ]
      },
      "properties": {
        "municipio": "CONQUISTA D'OESTE",
        "estado": "MATO GROSSO",
        "bioma": "Cerrado",
        "periodo": "junho de 2026",
        "sinal_publico": "foco de calor observado",
        "evidence_class": "sinal forte"
      }
    },
    {
      "type": "Feature",
      "geometry": {
        "type": "Point",
        "coordinates": [
          -57.82704,
          -11.88259
        ]
      },
      "properties": {
        "municipio": "JUARA",
        "estado": "MATO GROSSO",
        "bioma": "Amazônia",
        "periodo": "junho de 2026",
        "sinal_publico": "foco de calor observado",
        "evidence_class": "sinal forte"
      }
    },
    {
      "type": "Feature",
      "geometry": {
        "type": "Point",
        "coordinates": [
          -58.4048,
          -12.4283
        ]
      },
      "properties": {
        "municipio": "BRASNORTE",
        "estado": "MATO GROSSO",
        "bioma": "Cerrado",
        "periodo": "junho de 2026",
        "sinal_publico": "foco de calor observado",
        "evidence_class": "sinal forte"
      }
    },
    {
      "type": "Feature",
      "geometry": {
        "type": "Point",
        "coordinates": [
          -57.83095,
          -11.88691
        ]
      },
      "properties": {
        "municipio": "JUARA",
        "estado": "MATO GROSSO",
        "bioma": "Amazônia",
        "periodo": "junho de 2026",
        "sinal_publico": "foco de calor observado",
        "evidence_class": "sinal forte"
      }
    },
    {
      "type": "Feature",
      "geometry": {
        "type": "Point",
        "coordinates": [
          -54.7345,
          -12.5107
        ]
      },
      "properties": {
        "municipio": "FELIZ NATAL",
        "estado": "MATO GROSSO",
        "bioma": "Amazônia",
        "periodo": "junho de 2026",
        "sinal_publico": "foco de calor observado",
        "evidence_class": "sinal forte"
      }
    },
    {
      "type": "Feature",
      "geometry": {
        "type": "Point",
        "coordinates": [
          -57.2872,
          -12.2325
        ]
      },
      "properties": {
        "municipio": "NOVA MARINGÁ",
        "estado": "MATO GROSSO",
        "bioma": "Amazônia",
        "periodo": "junho de 2026",
        "sinal_publico": "foco de calor observado",
        "evidence_class": "sinal forte"
      }
    },
    {
      "type": "Feature",
      "geometry": {
        "type": "Point",
        "coordinates": [
          -52.8095,
          -11.5306
        ]
      },
      "properties": {
        "municipio": "SÃO FÉLIX DO ARAGUAIA",
        "estado": "MATO GROSSO",
        "bioma": "Amazônia",
        "periodo": "junho de 2026",
        "sinal_publico": "foco de calor observado",
        "evidence_class": "sinal forte"
      }
    },
    {
      "type": "Feature",
      "geometry": {
        "type": "Point",
        "coordinates": [
          -58.4231,
          -12.4471
        ]
      },
      "properties": {
        "municipio": "BRASNORTE",
        "estado": "MATO GROSSO",
        "bioma": "Cerrado",
        "periodo": "junho de 2026",
        "sinal_publico": "foco de calor observado",
        "evidence_class": "sinal forte"
      }
    },
    {
      "type": "Feature",
      "geometry": {
        "type": "Point",
        "coordinates": [
          -54.7345,
          -12.5107
        ]
      },
      "properties": {
        "municipio": "FELIZ NATAL",
        "estado": "MATO GROSSO",
        "bioma": "Amazônia",
        "periodo": "junho de 2026",
        "sinal_publico": "foco de calor observado",
        "evidence_class": "sinal forte"
      }
    },
    {
      "type": "Feature",
      "geometry": {
        "type": "Point",
        "coordinates": [
          -58.4231,
          -12.4471
        ]
      },
      "properties": {
        "municipio": "BRASNORTE",
        "estado": "MATO GROSSO",
        "bioma": "Cerrado",
        "periodo": "junho de 2026",
        "sinal_publico": "foco de calor observado",
        "evidence_class": "sinal forte"
      }
    },
    {
      "type": "Feature",
      "geometry": {
        "type": "Point",
        "coordinates": [
          -52.8057,
          -11.5686
        ]
      },
      "properties": {
        "municipio": "SÃO FÉLIX DO ARAGUAIA",
        "estado": "MATO GROSSO",
        "bioma": "Amazônia",
        "periodo": "junho de 2026",
        "sinal_publico": "foco de calor observado",
        "evidence_class": "sinal forte"
      }
    },
    {
      "type": "Feature",
      "geometry": {
        "type": "Point",
        "coordinates": [
          -58.7428,
          -14.3101
        ]
      },
      "properties": {
        "municipio": "TANGARÁ DA SERRA",
        "estado": "MATO GROSSO",
        "bioma": "Cerrado",
        "periodo": "junho de 2026",
        "sinal_publico": "foco de calor observado",
        "evidence_class": "sinal forte"
      }
    },
    {
      "type": "Feature",
      "geometry": {
        "type": "Point",
        "coordinates": [
          -58.7428,
          -14.3101
        ]
      },
      "properties": {
        "municipio": "TANGARÁ DA SERRA",
        "estado": "MATO GROSSO",
        "bioma": "Cerrado",
        "periodo": "junho de 2026",
        "sinal_publico": "foco de calor observado",
        "evidence_class": "sinal forte"
      }
    },
    {
      "type": "Feature",
      "geometry": {
        "type": "Point",
        "coordinates": [
          -58.4048,
          -12.4283
        ]
      },
      "properties": {
        "municipio": "BRASNORTE",
        "estado": "MATO GROSSO",
        "bioma": "Cerrado",
        "periodo": "junho de 2026",
        "sinal_publico": "foco de calor observado",
        "evidence_class": "sinal forte"
      }
    },
    {
      "type": "Feature",
      "geometry": {
        "type": "Point",
        "coordinates": [
          -54.7321,
          -12.739
        ]
      },
      "properties": {
        "municipio": "NOVA UBIRATÃ",
        "estado": "MATO GROSSO",
        "bioma": "Amazônia",
        "periodo": "junho de 2026",
        "sinal_publico": "foco de calor observado",
        "evidence_class": "sinal forte"
      }
    },
    {
      "type": "Feature",
      "geometry": {
        "type": "Point",
        "coordinates": [
          -58.484,
          -12.4274
        ]
      },
      "properties": {
        "municipio": "SAPEZAL",
        "estado": "MATO GROSSO",
        "bioma": "Cerrado",
        "periodo": "junho de 2026",
        "sinal_publico": "foco de calor observado",
        "evidence_class": "sinal forte"
      }
    },
    {
      "type": "Feature",
      "geometry": {
        "type": "Point",
        "coordinates": [
          -57.2888,
          -12.2136
        ]
      },
      "properties": {
        "municipio": "NOVA MARINGÁ",
        "estado": "MATO GROSSO",
        "bioma": "Amazônia",
        "periodo": "junho de 2026",
        "sinal_publico": "foco de calor observado",
        "evidence_class": "sinal forte"
      }
    },
    {
      "type": "Feature",
      "geometry": {
        "type": "Point",
        "coordinates": [
          -47.2277,
          -22.3096
        ]
      },
      "properties": {
        "municipio": "ARARAS",
        "estado": "SÃO PAULO",
        "bioma": "Cerrado",
        "periodo": "junho de 2026",
        "sinal_publico": "foco de calor observado",
        "evidence_class": "sinal forte"
      }
    },
    {
      "type": "Feature",
      "geometry": {
        "type": "Point",
        "coordinates": [
          -48.3439,
          -22.5661
        ]
      },
      "properties": {
        "municipio": "DOIS CÓRREGOS",
        "estado": "SÃO PAULO",
        "bioma": "Cerrado",
        "periodo": "junho de 2026",
        "sinal_publico": "foco de calor observado",
        "evidence_class": "sinal forte"
      }
    },
    {
      "type": "Feature",
      "geometry": {
        "type": "Point",
        "coordinates": [
          -52.7867,
          -11.5499
        ]
      },
      "properties": {
        "municipio": "SÃO FÉLIX DO ARAGUAIA",
        "estado": "MATO GROSSO",
        "bioma": "Amazônia",
        "periodo": "junho de 2026",
        "sinal_publico": "foco de calor observado",
        "evidence_class": "sinal forte"
      }
    },
    {
      "type": "Feature",
      "geometry": {
        "type": "Point",
        "coordinates": [
          -59.3975,
          -14.0917
        ]
      },
      "properties": {
        "municipio": "NOVA LACERDA",
        "estado": "MATO GROSSO",
        "bioma": "Cerrado",
        "periodo": "junho de 2026",
        "sinal_publico": "foco de calor observado",
        "evidence_class": "sinal forte"
      }
    },
    {
      "type": "Feature",
      "geometry": {
        "type": "Point",
        "coordinates": [
          -52.7848,
          -11.5688
        ]
      },
      "properties": {
        "municipio": "SÃO FÉLIX DO ARAGUAIA",
        "estado": "MATO GROSSO",
        "bioma": "Amazônia",
        "periodo": "junho de 2026",
        "sinal_publico": "foco de calor observado",
        "evidence_class": "sinal forte"
      }
    },
    {
      "type": "Feature",
      "geometry": {
        "type": "Point",
        "coordinates": [
          -45.7418,
          -8.9985
        ]
      },
      "properties": {
        "municipio": "SANTA FILOMENA",
        "estado": "PIAUÍ",
        "bioma": "Cerrado",
        "periodo": "junho de 2026",
        "sinal_publico": "foco de calor observado",
        "evidence_class": "sinal forte"
      }
    },
    {
      "type": "Feature",
      "geometry": {
        "type": "Point",
        "coordinates": [
          -54.20201,
          -12.73915
        ]
      },
      "properties": {
        "municipio": "PARANATINGA",
        "estado": "MATO GROSSO",
        "bioma": "Amazônia",
        "periodo": "junho de 2026",
        "sinal_publico": "foco de calor observado",
        "evidence_class": "sinal forte"
      }
    },
    {
      "type": "Feature",
      "geometry": {
        "type": "Point",
        "coordinates": [
          -52.7867,
          -11.5499
        ]
      },
      "properties": {
        "municipio": "SÃO FÉLIX DO ARAGUAIA",
        "estado": "MATO GROSSO",
        "bioma": "Amazônia",
        "periodo": "junho de 2026",
        "sinal_publico": "foco de calor observado",
        "evidence_class": "sinal forte"
      }
    },
    {
      "type": "Feature",
      "geometry": {
        "type": "Point",
        "coordinates": [
          -51.9966,
          -12.0923
        ]
      },
      "properties": {
        "municipio": "BOM JESUS DO ARAGUAIA",
        "estado": "MATO GROSSO",
        "bioma": "Amazônia",
        "periodo": "junho de 2026",
        "sinal_publico": "foco de calor observado",
        "evidence_class": "sinal forte"
      }
    },
    {
      "type": "Feature",
      "geometry": {
        "type": "Point",
        "coordinates": [
          -47.94115,
          -6.8477
        ]
      },
      "properties": {
        "municipio": "WANDERLÂNDIA",
        "estado": "TOCANTINS",
        "bioma": "Cerrado",
        "periodo": "junho de 2026",
        "sinal_publico": "foco de calor observado",
        "evidence_class": "sinal forte"
      }
    },
    {
      "type": "Feature",
      "geometry": {
        "type": "Point",
        "coordinates": [
          -47.94034,
          -6.85246
        ]
      },
      "properties": {
        "municipio": "WANDERLÂNDIA",
        "estado": "TOCANTINS",
        "bioma": "Cerrado",
        "periodo": "junho de 2026",
        "sinal_publico": "foco de calor observado",
        "evidence_class": "sinal forte"
      }
    },
    {
      "type": "Feature",
      "geometry": {
        "type": "Point",
        "coordinates": [
          -47.93616,
          -6.84686
        ]
      },
      "properties": {
        "municipio": "WANDERLÂNDIA",
        "estado": "TOCANTINS",
        "bioma": "Cerrado",
        "periodo": "junho de 2026",
        "sinal_publico": "foco de calor observado",
        "evidence_class": "sinal forte"
      }
    },
    {
      "type": "Feature",
      "geometry": {
        "type": "Point",
        "coordinates": [
          -58.4048,
          -12.4283
        ]
      },
      "properties": {
        "municipio": "BRASNORTE",
        "estado": "MATO GROSSO",
        "bioma": "Cerrado",
        "periodo": "junho de 2026",
        "sinal_publico": "foco de calor observado",
        "evidence_class": "sinal forte"
      }
    },
    {
      "type": "Feature",
      "geometry": {
        "type": "Point",
        "coordinates": [
          -46.2863,
          -12.5103
        ]
      },
      "properties": {
        "municipio": "TAGUATINGA",
        "estado": "TOCANTINS",
        "bioma": "Cerrado",
        "periodo": "junho de 2026",
        "sinal_publico": "foco de calor observado",
        "evidence_class": "sinal forte"
      }
    },
    {
      "type": "Feature",
      "geometry": {
        "type": "Point",
        "coordinates": [
          -50.2491,
          -9.5251
        ]
      },
      "properties": {
        "municipio": "SANTANA DO ARAGUAIA",
        "estado": "PARÁ",
        "bioma": "Amazônia",
        "periodo": "junho de 2026",
        "sinal_publico": "foco de calor observado",
        "evidence_class": "sinal forte"
      }
    },
    {
      "type": "Feature",
      "geometry": {
        "type": "Point",
        "coordinates": [
          -54.19572,
          -12.74072
        ]
      },
      "properties": {
        "municipio": "PARANATINGA",
        "estado": "MATO GROSSO",
        "bioma": "Amazônia",
        "periodo": "junho de 2026",
        "sinal_publico": "foco de calor observado",
        "evidence_class": "sinal forte"
      }
    },
    {
      "type": "Feature",
      "geometry": {
        "type": "Point",
        "coordinates": [
          -54.1988,
          -12.7272
        ]
      },
      "properties": {
        "municipio": "PARANATINGA",
        "estado": "MATO GROSSO",
        "bioma": "Amazônia",
        "periodo": "junho de 2026",
        "sinal_publico": "foco de calor observado",
        "evidence_class": "sinal forte"
      }
    },
    {
      "type": "Feature",
      "geometry": {
        "type": "Point",
        "coordinates": [
          -52.81435,
          -11.56558
        ]
      },
      "properties": {
        "municipio": "SÃO FÉLIX DO ARAGUAIA",
        "estado": "MATO GROSSO",
        "bioma": "Amazônia",
        "periodo": "junho de 2026",
        "sinal_publico": "foco de calor observado",
        "evidence_class": "sinal forte"
      }
    },
    {
      "type": "Feature",
      "geometry": {
        "type": "Point",
        "coordinates": [
          -58.4231,
          -12.4471
        ]
      },
      "properties": {
        "municipio": "BRASNORTE",
        "estado": "MATO GROSSO",
        "bioma": "Cerrado",
        "periodo": "junho de 2026",
        "sinal_publico": "foco de calor observado",
        "evidence_class": "sinal forte"
      }
    },
    {
      "type": "Feature",
      "geometry": {
        "type": "Point",
        "coordinates": [
          -55.3283,
          -11.6123
        ]
      },
      "properties": {
        "municipio": "SINOP",
        "estado": "MATO GROSSO",
        "bioma": "Amazônia",
        "periodo": "junho de 2026",
        "sinal_publico": "foco de calor observado",
        "evidence_class": "sinal forte"
      }
    },
    {
      "type": "Feature",
      "geometry": {
        "type": "Point",
        "coordinates": [
          -54.1988,
          -12.7272
        ]
      },
      "properties": {
        "municipio": "PARANATINGA",
        "estado": "MATO GROSSO",
        "bioma": "Amazônia",
        "periodo": "junho de 2026",
        "sinal_publico": "foco de calor observado",
        "evidence_class": "sinal forte"
      }
    },
    {
      "type": "Feature",
      "geometry": {
        "type": "Point",
        "coordinates": [
          -46.2863,
          -12.5103
        ]
      },
      "properties": {
        "municipio": "TAGUATINGA",
        "estado": "TOCANTINS",
        "bioma": "Cerrado",
        "periodo": "junho de 2026",
        "sinal_publico": "foco de calor observado",
        "evidence_class": "sinal forte"
      }
    },
    {
      "type": "Feature",
      "geometry": {
        "type": "Point",
        "coordinates": [
          -58.675,
          -14.6179
        ]
      },
      "properties": {
        "municipio": "TANGARÁ DA SERRA",
        "estado": "MATO GROSSO",
        "bioma": "Cerrado",
        "periodo": "junho de 2026",
        "sinal_publico": "foco de calor observado",
        "evidence_class": "sinal forte"
      }
    },
    {
      "type": "Feature",
      "geometry": {
        "type": "Point",
        "coordinates": [
          -58.4048,
          -12.4283
        ]
      },
      "properties": {
        "municipio": "BRASNORTE",
        "estado": "MATO GROSSO",
        "bioma": "Cerrado",
        "periodo": "junho de 2026",
        "sinal_publico": "foco de calor observado",
        "evidence_class": "sinal forte"
      }
    },
    {
      "type": "Feature",
      "geometry": {
        "type": "Point",
        "coordinates": [
          -58.4825,
          -12.4464
        ]
      },
      "properties": {
        "municipio": "SAPEZAL",
        "estado": "MATO GROSSO",
        "bioma": "Cerrado",
        "periodo": "junho de 2026",
        "sinal_publico": "foco de calor observado",
        "evidence_class": "sinal forte"
      }
    },
    {
      "type": "Feature",
      "geometry": {
        "type": "Point",
        "coordinates": [
          -52.7848,
          -11.5688
        ]
      },
      "properties": {
        "municipio": "SÃO FÉLIX DO ARAGUAIA",
        "estado": "MATO GROSSO",
        "bioma": "Amazônia",
        "periodo": "junho de 2026",
        "sinal_publico": "foco de calor observado",
        "evidence_class": "sinal forte"
      }
    },
    {
      "type": "Feature",
      "geometry": {
        "type": "Point",
        "coordinates": [
          -45.7418,
          -8.9985
        ]
      },
      "properties": {
        "municipio": "SANTA FILOMENA",
        "estado": "PIAUÍ",
        "bioma": "Cerrado",
        "periodo": "junho de 2026",
        "sinal_publico": "foco de calor observado",
        "evidence_class": "sinal forte"
      }
    },
    {
      "type": "Feature",
      "geometry": {
        "type": "Point",
        "coordinates": [
          -46.9939,
          -10.9698
        ]
      },
      "properties": {
        "municipio": "PONTE ALTA DO TOCANTINS",
        "estado": "TOCANTINS",
        "bioma": "Cerrado",
        "periodo": "junho de 2026",
        "sinal_publico": "foco de calor observado",
        "evidence_class": "sinal forte"
      }
    },
    {
      "type": "Feature",
      "geometry": {
        "type": "Point",
        "coordinates": [
          -57.2904,
          -12.1946
        ]
      },
      "properties": {
        "municipio": "NOVA MARINGÁ",
        "estado": "MATO GROSSO",
        "bioma": "Amazônia",
        "periodo": "junho de 2026",
        "sinal_publico": "foco de calor observado",
        "evidence_class": "sinal forte"
      }
    },
    {
      "type": "Feature",
      "geometry": {
        "type": "Point",
        "coordinates": [
          -54.7531,
          -12.5294
        ]
      },
      "properties": {
        "municipio": "FELIZ NATAL",
        "estado": "MATO GROSSO",
        "bioma": "Amazônia",
        "periodo": "junho de 2026",
        "sinal_publico": "foco de calor observado",
        "evidence_class": "sinal forte"
      }
    },
    {
      "type": "Feature",
      "geometry": {
        "type": "Point",
        "coordinates": [
          -57.2872,
          -12.2325
        ]
      },
      "properties": {
        "municipio": "NOVA MARINGÁ",
        "estado": "MATO GROSSO",
        "bioma": "Amazônia",
        "periodo": "junho de 2026",
        "sinal_publico": "foco de calor observado",
        "evidence_class": "sinal forte"
      }
    },
    {
      "type": "Feature",
      "geometry": {
        "type": "Point",
        "coordinates": [
          -54.1988,
          -12.7272
        ]
      },
      "properties": {
        "municipio": "PARANATINGA",
        "estado": "MATO GROSSO",
        "bioma": "Amazônia",
        "periodo": "junho de 2026",
        "sinal_publico": "foco de calor observado",
        "evidence_class": "sinal forte"
      }
    },
    {
      "type": "Feature",
      "geometry": {
        "type": "Point",
        "coordinates": [
          -58.4033,
          -12.4473
        ]
      },
      "properties": {
        "municipio": "BRASNORTE",
        "estado": "MATO GROSSO",
        "bioma": "Cerrado",
        "periodo": "junho de 2026",
        "sinal_publico": "foco de calor observado",
        "evidence_class": "sinal forte"
      }
    },
    {
      "type": "Feature",
      "geometry": {
        "type": "Point",
        "coordinates": [
          -58.4231,
          -12.4471
        ]
      },
      "properties": {
        "municipio": "BRASNORTE",
        "estado": "MATO GROSSO",
        "bioma": "Cerrado",
        "periodo": "junho de 2026",
        "sinal_publico": "foco de calor observado",
        "evidence_class": "sinal forte"
      }
    },
    {
      "type": "Feature",
      "geometry": {
        "type": "Point",
        "coordinates": [
          -45.7418,
          -8.9985
        ]
      },
      "properties": {
        "municipio": "SANTA FILOMENA",
        "estado": "PIAUÍ",
        "bioma": "Cerrado",
        "periodo": "junho de 2026",
        "sinal_publico": "foco de calor observado",
        "evidence_class": "sinal forte"
      }
    },
    {
      "type": "Feature",
      "geometry": {
        "type": "Point",
        "coordinates": [
          -52.7887,
          -11.5309
        ]
      },
      "properties": {
        "municipio": "SÃO FÉLIX DO ARAGUAIA",
        "estado": "MATO GROSSO",
        "bioma": "Amazônia",
        "periodo": "junho de 2026",
        "sinal_publico": "foco de calor observado",
        "evidence_class": "sinal forte"
      }
    },
    {
      "type": "Feature",
      "geometry": {
        "type": "Point",
        "coordinates": [
          -48.3439,
          -22.5661
        ]
      },
      "properties": {
        "municipio": "DOIS CÓRREGOS",
        "estado": "SÃO PAULO",
        "bioma": "Cerrado",
        "periodo": "junho de 2026",
        "sinal_publico": "foco de calor observado",
        "evidence_class": "sinal forte"
      }
    },
    {
      "type": "Feature",
      "geometry": {
        "type": "Point",
        "coordinates": [
          -54.73427,
          -12.52508
        ]
      },
      "properties": {
        "municipio": "FELIZ NATAL",
        "estado": "MATO GROSSO",
        "bioma": "Amazônia",
        "periodo": "junho de 2026",
        "sinal_publico": "foco de calor observado",
        "evidence_class": "sinal forte"
      }
    },
    {
      "type": "Feature",
      "geometry": {
        "type": "Point",
        "coordinates": [
          -57.8344,
          -11.8671
        ]
      },
      "properties": {
        "municipio": "JUARA",
        "estado": "MATO GROSSO",
        "bioma": "Amazônia",
        "periodo": "junho de 2026",
        "sinal_publico": "foco de calor observado",
        "evidence_class": "sinal forte"
      }
    },
    {
      "type": "Feature",
      "geometry": {
        "type": "Point",
        "coordinates": [
          -58.675,
          -14.6179
        ]
      },
      "properties": {
        "municipio": "TANGARÁ DA SERRA",
        "estado": "MATO GROSSO",
        "bioma": "Cerrado",
        "periodo": "junho de 2026",
        "sinal_publico": "foco de calor observado",
        "evidence_class": "sinal forte"
      }
    },
    {
      "type": "Feature",
      "geometry": {
        "type": "Point",
        "coordinates": [
          -58.484,
          -12.4274
        ]
      },
      "properties": {
        "municipio": "SAPEZAL",
        "estado": "MATO GROSSO",
        "bioma": "Cerrado",
        "periodo": "junho de 2026",
        "sinal_publico": "foco de calor observado",
        "evidence_class": "sinal forte"
      }
    },
    {
      "type": "Feature",
      "geometry": {
        "type": "Point",
        "coordinates": [
          -49.7628,
          -18.2761
        ]
      },
      "properties": {
        "municipio": "ITUMBIARA",
        "estado": "GOIÁS",
        "bioma": "Cerrado",
        "periodo": "junho de 2026",
        "sinal_publico": "foco de calor observado",
        "evidence_class": "sinal forte"
      }
    },
    {
      "type": "Feature",
      "geometry": {
        "type": "Point",
        "coordinates": [
          -58.47142,
          -12.45722
        ]
      },
      "properties": {
        "municipio": "SAPEZAL",
        "estado": "MATO GROSSO",
        "bioma": "Cerrado",
        "periodo": "junho de 2026",
        "sinal_publico": "foco de calor observado",
        "evidence_class": "sinal forte"
      }
    },
    {
      "type": "Feature",
      "geometry": {
        "type": "Point",
        "coordinates": [
          -58.4757,
          -12.45773
        ]
      },
      "properties": {
        "municipio": "SAPEZAL",
        "estado": "MATO GROSSO",
        "bioma": "Cerrado",
        "periodo": "junho de 2026",
        "sinal_publico": "foco de calor observado",
        "evidence_class": "sinal forte"
      }
    },
    {
      "type": "Feature",
      "geometry": {
        "type": "Point",
        "coordinates": [
          -59.3777,
          -14.0919
        ]
      },
      "properties": {
        "municipio": "NOVA LACERDA",
        "estado": "MATO GROSSO",
        "bioma": "Cerrado",
        "periodo": "junho de 2026",
        "sinal_publico": "foco de calor observado",
        "evidence_class": "sinal forte"
      }
    },
    {
      "type": "Feature",
      "geometry": {
        "type": "Point",
        "coordinates": [
          -58.4231,
          -12.4471
        ]
      },
      "properties": {
        "municipio": "BRASNORTE",
        "estado": "MATO GROSSO",
        "bioma": "Cerrado",
        "periodo": "junho de 2026",
        "sinal_publico": "foco de calor observado",
        "evidence_class": "sinal forte"
      }
    },
    {
      "type": "Feature",
      "geometry": {
        "type": "Point",
        "coordinates": [
          -59.3777,
          -14.0919
        ]
      },
      "properties": {
        "municipio": "NOVA LACERDA",
        "estado": "MATO GROSSO",
        "bioma": "Cerrado",
        "periodo": "junho de 2026",
        "sinal_publico": "foco de calor observado",
        "evidence_class": "sinal forte"
      }
    },
    {
      "type": "Feature",
      "geometry": {
        "type": "Point",
        "coordinates": [
          -54.1988,
          -12.7272
        ]
      },
      "properties": {
        "municipio": "PARANATINGA",
        "estado": "MATO GROSSO",
        "bioma": "Amazônia",
        "periodo": "junho de 2026",
        "sinal_publico": "foco de calor observado",
        "evidence_class": "sinal forte"
      }
    },
    {
      "type": "Feature",
      "geometry": {
        "type": "Point",
        "coordinates": [
          -61.4599,
          -8.4345
        ]
      },
      "properties": {
        "municipio": "NOVO ARIPUANÃ",
        "estado": "AMAZONAS",
        "bioma": "Amazônia",
        "periodo": "junho de 2026",
        "sinal_publico": "foco de calor observado",
        "evidence_class": "sinal forte"
      }
    },
    {
      "type": "Feature",
      "geometry": {
        "type": "Point",
        "coordinates": [
          -50.2491,
          -9.5251
        ]
      },
      "properties": {
        "municipio": "SANTANA DO ARAGUAIA",
        "estado": "PARÁ",
        "bioma": "Amazônia",
        "periodo": "junho de 2026",
        "sinal_publico": "foco de calor observado",
        "evidence_class": "sinal forte"
      }
    },
    {
      "type": "Feature",
      "geometry": {
        "type": "Point",
        "coordinates": [
          -58.4033,
          -12.4473
        ]
      },
      "properties": {
        "municipio": "BRASNORTE",
        "estado": "MATO GROSSO",
        "bioma": "Cerrado",
        "periodo": "junho de 2026",
        "sinal_publico": "foco de calor observado",
        "evidence_class": "sinal forte"
      }
    },
    {
      "type": "Feature",
      "geometry": {
        "type": "Point",
        "coordinates": [
          -57.813,
          -11.8862
        ]
      },
      "properties": {
        "municipio": "JUARA",
        "estado": "MATO GROSSO",
        "bioma": "Amazônia",
        "periodo": "junho de 2026",
        "sinal_publico": "foco de calor observado",
        "evidence_class": "sinal forte"
      }
    },
    {
      "type": "Feature",
      "geometry": {
        "type": "Point",
        "coordinates": [
          -61.459,
          -8.4531
        ]
      },
      "properties": {
        "municipio": "NOVO ARIPUANÃ",
        "estado": "AMAZONAS",
        "bioma": "Amazônia",
        "periodo": "junho de 2026",
        "sinal_publico": "foco de calor observado",
        "evidence_class": "sinal forte"
      }
    },
    {
      "type": "Feature",
      "geometry": {
        "type": "Point",
        "coordinates": [
          -58.4825,
          -12.4464
        ]
      },
      "properties": {
        "municipio": "SAPEZAL",
        "estado": "MATO GROSSO",
        "bioma": "Cerrado",
        "periodo": "junho de 2026",
        "sinal_publico": "foco de calor observado",
        "evidence_class": "sinal forte"
      }
    },
    {
      "type": "Feature",
      "geometry": {
        "type": "Point",
        "coordinates": [
          -52.8076,
          -11.5496
        ]
      },
      "properties": {
        "municipio": "SÃO FÉLIX DO ARAGUAIA",
        "estado": "MATO GROSSO",
        "bioma": "Amazônia",
        "periodo": "junho de 2026",
        "sinal_publico": "foco de calor observado",
        "evidence_class": "sinal forte"
      }
    },
    {
      "type": "Feature",
      "geometry": {
        "type": "Point",
        "coordinates": [
          -50.6058,
          -9.1075
        ]
      },
      "properties": {
        "municipio": "SANTANA DO ARAGUAIA",
        "estado": "PARÁ",
        "bioma": "Amazônia",
        "periodo": "junho de 2026",
        "sinal_publico": "foco de calor observado",
        "evidence_class": "sinal forte"
      }
    },
    {
      "type": "Feature",
      "geometry": {
        "type": "Point",
        "coordinates": [
          -57.2872,
          -12.2325
        ]
      },
      "properties": {
        "municipio": "NOVA MARINGÁ",
        "estado": "MATO GROSSO",
        "bioma": "Amazônia",
        "periodo": "junho de 2026",
        "sinal_publico": "foco de calor observado",
        "evidence_class": "sinal forte"
      }
    },
    {
      "type": "Feature",
      "geometry": {
        "type": "Point",
        "coordinates": [
          -55.33866,
          -11.61302
        ]
      },
      "properties": {
        "municipio": "SINOP",
        "estado": "MATO GROSSO",
        "bioma": "Amazônia",
        "periodo": "junho de 2026",
        "sinal_publico": "foco de calor observado",
        "evidence_class": "sinal forte"
      }
    },
    {
      "type": "Feature",
      "geometry": {
        "type": "Point",
        "coordinates": [
          -52.8076,
          -11.5496
        ]
      },
      "properties": {
        "municipio": "SÃO FÉLIX DO ARAGUAIA",
        "estado": "MATO GROSSO",
        "bioma": "Amazônia",
        "periodo": "junho de 2026",
        "sinal_publico": "foco de calor observado",
        "evidence_class": "sinal forte"
      }
    },
    {
      "type": "Feature",
      "geometry": {
        "type": "Point",
        "coordinates": [
          -52.7848,
          -11.5688
        ]
      },
      "properties": {
        "municipio": "SÃO FÉLIX DO ARAGUAIA",
        "estado": "MATO GROSSO",
        "bioma": "Amazônia",
        "periodo": "junho de 2026",
        "sinal_publico": "foco de calor observado",
        "evidence_class": "sinal forte"
      }
    },
    {
      "type": "Feature",
      "geometry": {
        "type": "Point",
        "coordinates": [
          -58.4048,
          -12.4283
        ]
      },
      "properties": {
        "municipio": "BRASNORTE",
        "estado": "MATO GROSSO",
        "bioma": "Cerrado",
        "periodo": "junho de 2026",
        "sinal_publico": "foco de calor observado",
        "evidence_class": "sinal forte"
      }
    },
    {
      "type": "Feature",
      "geometry": {
        "type": "Point",
        "coordinates": [
          -57.813,
          -11.8862
        ]
      },
      "properties": {
        "municipio": "JUARA",
        "estado": "MATO GROSSO",
        "bioma": "Amazônia",
        "periodo": "junho de 2026",
        "sinal_publico": "foco de calor observado",
        "evidence_class": "sinal forte"
      }
    },
    {
      "type": "Feature",
      "geometry": {
        "type": "Point",
        "coordinates": [
          -42.643,
          -17.3041
        ]
      },
      "properties": {
        "municipio": "MINAS NOVAS",
        "estado": "MINAS GERAIS",
        "bioma": "Cerrado",
        "periodo": "junho de 2026",
        "sinal_publico": "foco de calor observado",
        "evidence_class": "sinal forte"
      }
    },
    {
      "type": "Feature",
      "geometry": {
        "type": "Point",
        "coordinates": [
          -59.1443,
          -14.4969
        ]
      },
      "properties": {
        "municipio": "CONQUISTA D'OESTE",
        "estado": "MATO GROSSO",
        "bioma": "Cerrado",
        "periodo": "junho de 2026",
        "sinal_publico": "foco de calor observado",
        "evidence_class": "sinal forte"
      }
    },
    {
      "type": "Feature",
      "geometry": {
        "type": "Point",
        "coordinates": [
          -52.7848,
          -11.5688
        ]
      },
      "properties": {
        "municipio": "SÃO FÉLIX DO ARAGUAIA",
        "estado": "MATO GROSSO",
        "bioma": "Amazônia",
        "periodo": "junho de 2026",
        "sinal_publico": "foco de calor observado",
        "evidence_class": "sinal forte"
      }
    },
    {
      "type": "Feature",
      "geometry": {
        "type": "Point",
        "coordinates": [
          -52.8057,
          -11.5686
        ]
      },
      "properties": {
        "municipio": "SÃO FÉLIX DO ARAGUAIA",
        "estado": "MATO GROSSO",
        "bioma": "Amazônia",
        "periodo": "junho de 2026",
        "sinal_publico": "foco de calor observado",
        "evidence_class": "sinal forte"
      }
    },
    {
      "type": "Feature",
      "geometry": {
        "type": "Point",
        "coordinates": [
          -54.7321,
          -12.739
        ]
      },
      "properties": {
        "municipio": "NOVA UBIRATÃ",
        "estado": "MATO GROSSO",
        "bioma": "Amazônia",
        "periodo": "junho de 2026",
        "sinal_publico": "foco de calor observado",
        "evidence_class": "sinal forte"
      }
    },
    {
      "type": "Feature",
      "geometry": {
        "type": "Point",
        "coordinates": [
          -51.9966,
          -12.0923
        ]
      },
      "properties": {
        "municipio": "BOM JESUS DO ARAGUAIA",
        "estado": "MATO GROSSO",
        "bioma": "Amazônia",
        "periodo": "junho de 2026",
        "sinal_publico": "foco de calor observado",
        "evidence_class": "sinal forte"
      }
    },
    {
      "type": "Feature",
      "geometry": {
        "type": "Point",
        "coordinates": [
          -50.4751,
          -17.7827
        ]
      },
      "properties": {
        "municipio": "SANTA HELENA DE GOIÁS",
        "estado": "GOIÁS",
        "bioma": "Cerrado",
        "periodo": "junho de 2026",
        "sinal_publico": "foco de calor observado",
        "evidence_class": "sinal forte"
      }
    },
    {
      "type": "Feature",
      "geometry": {
        "type": "Point",
        "coordinates": [
          -46.7155,
          -10.689
        ]
      },
      "properties": {
        "municipio": "MATEIROS",
        "estado": "TOCANTINS",
        "bioma": "Cerrado",
        "periodo": "junho de 2026",
        "sinal_publico": "foco de calor observado",
        "evidence_class": "sinal forte"
      }
    },
    {
      "type": "Feature",
      "geometry": {
        "type": "Point",
        "coordinates": [
          -58.4612,
          -12.4656
        ]
      },
      "properties": {
        "municipio": "SAPEZAL",
        "estado": "MATO GROSSO",
        "bioma": "Cerrado",
        "periodo": "junho de 2026",
        "sinal_publico": "foco de calor observado",
        "evidence_class": "sinal forte"
      }
    },
    {
      "type": "Feature",
      "geometry": {
        "type": "Point",
        "coordinates": [
          -46.9266,
          -10.9709
        ]
      },
      "properties": {
        "municipio": "PONTE ALTA DO TOCANTINS",
        "estado": "TOCANTINS",
        "bioma": "Cerrado",
        "periodo": "junho de 2026",
        "sinal_publico": "foco de calor observado",
        "evidence_class": "sinal forte"
      }
    },
    {
      "type": "Feature",
      "geometry": {
        "type": "Point",
        "coordinates": [
          -52.7867,
          -11.5499
        ]
      },
      "properties": {
        "municipio": "SÃO FÉLIX DO ARAGUAIA",
        "estado": "MATO GROSSO",
        "bioma": "Amazônia",
        "periodo": "junho de 2026",
        "sinal_publico": "foco de calor observado",
        "evidence_class": "sinal forte"
      }
    },
    {
      "type": "Feature",
      "geometry": {
        "type": "Point",
        "coordinates": [
          -55.3486,
          -11.612
        ]
      },
      "properties": {
        "municipio": "SINOP",
        "estado": "MATO GROSSO",
        "bioma": "Amazônia",
        "periodo": "junho de 2026",
        "sinal_publico": "foco de calor observado",
        "evidence_class": "sinal forte"
      }
    },
    {
      "type": "Feature",
      "geometry": {
        "type": "Point",
        "coordinates": [
          -54.116,
          -12.3289
        ]
      },
      "properties": {
        "municipio": "NOVA UBIRATÃ",
        "estado": "MATO GROSSO",
        "bioma": "Amazônia",
        "periodo": "junho de 2026",
        "sinal_publico": "foco de calor observado",
        "evidence_class": "sinal forte"
      }
    },
    {
      "type": "Feature",
      "geometry": {
        "type": "Point",
        "coordinates": [
          -55.3486,
          -11.612
        ]
      },
      "properties": {
        "municipio": "SINOP",
        "estado": "MATO GROSSO",
        "bioma": "Amazônia",
        "periodo": "junho de 2026",
        "sinal_publico": "foco de calor observado",
        "evidence_class": "sinal forte"
      }
    },
    {
      "type": "Feature",
      "geometry": {
        "type": "Point",
        "coordinates": [
          -46.4791,
          -10.0474
        ]
      },
      "properties": {
        "municipio": "SÃO FÉLIX DO TOCANTINS",
        "estado": "TOCANTINS",
        "bioma": "Cerrado",
        "periodo": "junho de 2026",
        "sinal_publico": "foco de calor observado",
        "evidence_class": "sinal forte"
      }
    },
    {
      "type": "Feature",
      "geometry": {
        "type": "Point",
        "coordinates": [
          -58.481,
          -12.4654
        ]
      },
      "properties": {
        "municipio": "SAPEZAL",
        "estado": "MATO GROSSO",
        "bioma": "Cerrado",
        "periodo": "junho de 2026",
        "sinal_publico": "foco de calor observado",
        "evidence_class": "sinal forte"
      }
    },
    {
      "type": "Feature",
      "geometry": {
        "type": "Point",
        "coordinates": [
          -52.7848,
          -11.5688
        ]
      },
      "properties": {
        "municipio": "SÃO FÉLIX DO ARAGUAIA",
        "estado": "MATO GROSSO",
        "bioma": "Amazônia",
        "periodo": "junho de 2026",
        "sinal_publico": "foco de calor observado",
        "evidence_class": "sinal forte"
      }
    },
    {
      "type": "Feature",
      "geometry": {
        "type": "Point",
        "coordinates": [
          -54.7326,
          -12.5297
        ]
      },
      "properties": {
        "municipio": "FELIZ NATAL",
        "estado": "MATO GROSSO",
        "bioma": "Amazônia",
        "periodo": "junho de 2026",
        "sinal_publico": "foco de calor observado",
        "evidence_class": "sinal forte"
      }
    },
    {
      "type": "Feature",
      "geometry": {
        "type": "Point",
        "coordinates": [
          -58.5023,
          -12.4462
        ]
      },
      "properties": {
        "municipio": "SAPEZAL",
        "estado": "MATO GROSSO",
        "bioma": "Cerrado",
        "periodo": "junho de 2026",
        "sinal_publico": "foco de calor observado",
        "evidence_class": "sinal forte"
      }
    },
    {
      "type": "Feature",
      "geometry": {
        "type": "Point",
        "coordinates": [
          -55.1121,
          -10.3336
        ]
      },
      "properties": {
        "municipio": "TERRA NOVA DO NORTE",
        "estado": "MATO GROSSO",
        "bioma": "Amazônia",
        "periodo": "junho de 2026",
        "sinal_publico": "foco de calor observado",
        "evidence_class": "sinal forte"
      }
    },
    {
      "type": "Feature",
      "geometry": {
        "type": "Point",
        "coordinates": [
          -52.8057,
          -11.5686
        ]
      },
      "properties": {
        "municipio": "SÃO FÉLIX DO ARAGUAIA",
        "estado": "MATO GROSSO",
        "bioma": "Amazônia",
        "periodo": "junho de 2026",
        "sinal_publico": "foco de calor observado",
        "evidence_class": "sinal forte"
      }
    },
    {
      "type": "Feature",
      "geometry": {
        "type": "Point",
        "coordinates": [
          -54.1988,
          -12.7272
        ]
      },
      "properties": {
        "municipio": "PARANATINGA",
        "estado": "MATO GROSSO",
        "bioma": "Amazônia",
        "periodo": "junho de 2026",
        "sinal_publico": "foco de calor observado",
        "evidence_class": "sinal forte"
      }
    },
    {
      "type": "Feature",
      "geometry": {
        "type": "Point",
        "coordinates": [
          -59.3363,
          -10.031
        ]
      },
      "properties": {
        "municipio": "ARIPUANÃ",
        "estado": "MATO GROSSO",
        "bioma": "Amazônia",
        "periodo": "junho de 2026",
        "sinal_publico": "foco de calor observado",
        "evidence_class": "sinal forte"
      }
    },
    {
      "type": "Feature",
      "geometry": {
        "type": "Point",
        "coordinates": [
          -53.7425,
          -10.8573
        ]
      },
      "properties": {
        "municipio": "MARCELÂNDIA",
        "estado": "MATO GROSSO",
        "bioma": "Amazônia",
        "periodo": "junho de 2026",
        "sinal_publico": "foco de calor observado",
        "evidence_class": "sinal forte"
      }
    },
    {
      "type": "Feature",
      "geometry": {
        "type": "Point",
        "coordinates": [
          -52.8284,
          -11.5493
        ]
      },
      "properties": {
        "municipio": "SÃO FÉLIX DO ARAGUAIA",
        "estado": "MATO GROSSO",
        "bioma": "Amazônia",
        "periodo": "junho de 2026",
        "sinal_publico": "foco de calor observado",
        "evidence_class": "sinal forte"
      }
    },
    {
      "type": "Feature",
      "geometry": {
        "type": "Point",
        "coordinates": [
          -57.4299,
          -14.2118
        ]
      },
      "properties": {
        "municipio": "NOVA MARILÂNDIA",
        "estado": "MATO GROSSO",
        "bioma": "Amazônia",
        "periodo": "junho de 2026",
        "sinal_publico": "foco de calor observado",
        "evidence_class": "sinal forte"
      }
    },
    {
      "type": "Feature",
      "geometry": {
        "type": "Point",
        "coordinates": [
          -50.6286,
          -9.0885
        ]
      },
      "properties": {
        "municipio": "SANTANA DO ARAGUAIA",
        "estado": "PARÁ",
        "bioma": "Amazônia",
        "periodo": "junho de 2026",
        "sinal_publico": "foco de calor observado",
        "evidence_class": "sinal forte"
      }
    },
    {
      "type": "Feature",
      "geometry": {
        "type": "Point",
        "coordinates": [
          -52.7848,
          -11.5688
        ]
      },
      "properties": {
        "municipio": "SÃO FÉLIX DO ARAGUAIA",
        "estado": "MATO GROSSO",
        "bioma": "Amazônia",
        "periodo": "junho de 2026",
        "sinal_publico": "foco de calor observado",
        "evidence_class": "sinal forte"
      }
    },
    {
      "type": "Feature",
      "geometry": {
        "type": "Point",
        "coordinates": [
          -57.2904,
          -12.1946
        ]
      },
      "properties": {
        "municipio": "NOVA MARINGÁ",
        "estado": "MATO GROSSO",
        "bioma": "Amazônia",
        "periodo": "junho de 2026",
        "sinal_publico": "foco de calor observado",
        "evidence_class": "sinal forte"
      }
    },
    {
      "type": "Feature",
      "geometry": {
        "type": "Point",
        "coordinates": [
          -58.4642,
          -12.4277
        ]
      },
      "properties": {
        "municipio": "SAPEZAL",
        "estado": "MATO GROSSO",
        "bioma": "Cerrado",
        "periodo": "junho de 2026",
        "sinal_publico": "foco de calor observado",
        "evidence_class": "sinal forte"
      }
    },
    {
      "type": "Feature",
      "geometry": {
        "type": "Point",
        "coordinates": [
          -47.0139,
          -10.9886
        ]
      },
      "properties": {
        "municipio": "PONTE ALTA DO TOCANTINS",
        "estado": "TOCANTINS",
        "bioma": "Cerrado",
        "periodo": "junho de 2026",
        "sinal_publico": "foco de calor observado",
        "evidence_class": "sinal forte"
      }
    },
    {
      "type": "Feature",
      "geometry": {
        "type": "Point",
        "coordinates": [
          -51.9966,
          -12.0923
        ]
      },
      "properties": {
        "municipio": "BOM JESUS DO ARAGUAIA",
        "estado": "MATO GROSSO",
        "bioma": "Amazônia",
        "periodo": "junho de 2026",
        "sinal_publico": "foco de calor observado",
        "evidence_class": "sinal forte"
      }
    },
    {
      "type": "Feature",
      "geometry": {
        "type": "Point",
        "coordinates": [
          -58.4231,
          -12.4471
        ]
      },
      "properties": {
        "municipio": "BRASNORTE",
        "estado": "MATO GROSSO",
        "bioma": "Cerrado",
        "periodo": "junho de 2026",
        "sinal_publico": "foco de calor observado",
        "evidence_class": "sinal forte"
      }
    },
    {
      "type": "Feature",
      "geometry": {
        "type": "Point",
        "coordinates": [
          -58.5038,
          -12.4272
        ]
      },
      "properties": {
        "municipio": "SAPEZAL",
        "estado": "MATO GROSSO",
        "bioma": "Cerrado",
        "periodo": "junho de 2026",
        "sinal_publico": "foco de calor observado",
        "evidence_class": "sinal forte"
      }
    },
    {
      "type": "Feature",
      "geometry": {
        "type": "Point",
        "coordinates": [
          -58.9738,
          -14.1732
        ]
      },
      "properties": {
        "municipio": "TANGARÁ DA SERRA",
        "estado": "MATO GROSSO",
        "bioma": "Cerrado",
        "periodo": "junho de 2026",
        "sinal_publico": "foco de calor observado",
        "evidence_class": "sinal forte"
      }
    },
    {
      "type": "Feature",
      "geometry": {
        "type": "Point",
        "coordinates": [
          -58.4048,
          -12.4283
        ]
      },
      "properties": {
        "municipio": "BRASNORTE",
        "estado": "MATO GROSSO",
        "bioma": "Cerrado",
        "periodo": "junho de 2026",
        "sinal_publico": "foco de calor observado",
        "evidence_class": "sinal forte"
      }
    },
    {
      "type": "Feature",
      "geometry": {
        "type": "Point",
        "coordinates": [
          -54.7326,
          -12.5297
        ]
      },
      "properties": {
        "municipio": "FELIZ NATAL",
        "estado": "MATO GROSSO",
        "bioma": "Amazônia",
        "periodo": "junho de 2026",
        "sinal_publico": "foco de calor observado",
        "evidence_class": "sinal forte"
      }
    },
    {
      "type": "Feature",
      "geometry": {
        "type": "Point",
        "coordinates": [
          -59.3363,
          -10.031
        ]
      },
      "properties": {
        "municipio": "ARIPUANÃ",
        "estado": "MATO GROSSO",
        "bioma": "Amazônia",
        "periodo": "junho de 2026",
        "sinal_publico": "foco de calor observado",
        "evidence_class": "sinal forte"
      }
    },
    {
      "type": "Feature",
      "geometry": {
        "type": "Point",
        "coordinates": [
          -47.0139,
          -10.9886
        ]
      },
      "properties": {
        "municipio": "PONTE ALTA DO TOCANTINS",
        "estado": "TOCANTINS",
        "bioma": "Cerrado",
        "periodo": "junho de 2026",
        "sinal_publico": "foco de calor observado",
        "evidence_class": "sinal forte"
      }
    },
    {
      "type": "Feature",
      "geometry": {
        "type": "Point",
        "coordinates": [
          -58.4612,
          -12.4656
        ]
      },
      "properties": {
        "municipio": "SAPEZAL",
        "estado": "MATO GROSSO",
        "bioma": "Cerrado",
        "periodo": "junho de 2026",
        "sinal_publico": "foco de calor observado",
        "evidence_class": "sinal forte"
      }
    },
    {
      "type": "Feature",
      "geometry": {
        "type": "Point",
        "coordinates": [
          -48.33221,
          -8.72715
        ]
      },
      "properties": {
        "municipio": "GUARAÍ",
        "estado": "TOCANTINS",
        "bioma": "Cerrado",
        "periodo": "junho de 2026",
        "sinal_publico": "foco de calor observado",
        "evidence_class": "sinal forte"
      }
    },
    {
      "type": "Feature",
      "geometry": {
        "type": "Point",
        "coordinates": [
          -52.7867,
          -11.5499
        ]
      },
      "properties": {
        "municipio": "SÃO FÉLIX DO ARAGUAIA",
        "estado": "MATO GROSSO",
        "bioma": "Amazônia",
        "periodo": "junho de 2026",
        "sinal_publico": "foco de calor observado",
        "evidence_class": "sinal forte"
      }
    },
    {
      "type": "Feature",
      "geometry": {
        "type": "Point",
        "coordinates": [
          -52.7867,
          -11.5499
        ]
      },
      "properties": {
        "municipio": "SÃO FÉLIX DO ARAGUAIA",
        "estado": "MATO GROSSO",
        "bioma": "Amazônia",
        "periodo": "junho de 2026",
        "sinal_publico": "foco de calor observado",
        "evidence_class": "sinal forte"
      }
    },
    {
      "type": "Feature",
      "geometry": {
        "type": "Point",
        "coordinates": [
          -55.1844,
          -11.6329
        ]
      },
      "properties": {
        "municipio": "CLÁUDIA",
        "estado": "MATO GROSSO",
        "bioma": "Amazônia",
        "periodo": "junho de 2026",
        "sinal_publico": "foco de calor observado",
        "evidence_class": "sinal forte"
      }
    },
    {
      "type": "Feature",
      "geometry": {
        "type": "Point",
        "coordinates": [
          -58.484,
          -12.4274
        ]
      },
      "properties": {
        "municipio": "SAPEZAL",
        "estado": "MATO GROSSO",
        "bioma": "Cerrado",
        "periodo": "junho de 2026",
        "sinal_publico": "foco de calor observado",
        "evidence_class": "sinal forte"
      }
    },
    {
      "type": "Feature",
      "geometry": {
        "type": "Point",
        "coordinates": [
          -54.7321,
          -12.739
        ]
      },
      "properties": {
        "municipio": "NOVA UBIRATÃ",
        "estado": "MATO GROSSO",
        "bioma": "Amazônia",
        "periodo": "junho de 2026",
        "sinal_publico": "foco de calor observado",
        "evidence_class": "sinal forte"
      }
    },
    {
      "type": "Feature",
      "geometry": {
        "type": "Point",
        "coordinates": [
          -57.8344,
          -11.8671
        ]
      },
      "properties": {
        "municipio": "JUARA",
        "estado": "MATO GROSSO",
        "bioma": "Amazônia",
        "periodo": "junho de 2026",
        "sinal_publico": "foco de calor observado",
        "evidence_class": "sinal forte"
      }
    },
    {
      "type": "Feature",
      "geometry": {
        "type": "Point",
        "coordinates": [
          -46.2863,
          -12.5103
        ]
      },
      "properties": {
        "municipio": "TAGUATINGA",
        "estado": "TOCANTINS",
        "bioma": "Cerrado",
        "periodo": "junho de 2026",
        "sinal_publico": "foco de calor observado",
        "evidence_class": "sinal forte"
      }
    },
    {
      "type": "Feature",
      "geometry": {
        "type": "Point",
        "coordinates": [
          -55.3283,
          -11.6123
        ]
      },
      "properties": {
        "municipio": "SINOP",
        "estado": "MATO GROSSO",
        "bioma": "Amazônia",
        "periodo": "junho de 2026",
        "sinal_publico": "foco de calor observado",
        "evidence_class": "sinal forte"
      }
    },
    {
      "type": "Feature",
      "geometry": {
        "type": "Point",
        "coordinates": [
          -57.8329,
          -11.886
        ]
      },
      "properties": {
        "municipio": "JUARA",
        "estado": "MATO GROSSO",
        "bioma": "Amazônia",
        "periodo": "junho de 2026",
        "sinal_publico": "foco de calor observado",
        "evidence_class": "sinal forte"
      }
    },
    {
      "type": "Feature",
      "geometry": {
        "type": "Point",
        "coordinates": [
          -57.2888,
          -12.2136
        ]
      },
      "properties": {
        "municipio": "NOVA MARINGÁ",
        "estado": "MATO GROSSO",
        "bioma": "Amazônia",
        "periodo": "junho de 2026",
        "sinal_publico": "foco de calor observado",
        "evidence_class": "sinal forte"
      }
    },
    {
      "type": "Feature",
      "geometry": {
        "type": "Point",
        "coordinates": [
          -45.56178,
          -14.38075
        ]
      },
      "properties": {
        "municipio": "JABORANDI",
        "estado": "BAHIA",
        "bioma": "Cerrado",
        "periodo": "junho de 2026",
        "sinal_publico": "foco de calor observado",
        "evidence_class": "sinal forte"
      }
    },
    {
      "type": "Feature",
      "geometry": {
        "type": "Point",
        "coordinates": [
          -54.7326,
          -12.5297
        ]
      },
      "properties": {
        "municipio": "FELIZ NATAL",
        "estado": "MATO GROSSO",
        "bioma": "Amazônia",
        "periodo": "junho de 2026",
        "sinal_publico": "foco de calor observado",
        "evidence_class": "sinal forte"
      }
    },
    {
      "type": "Feature",
      "geometry": {
        "type": "Point",
        "coordinates": [
          -45.34912,
          -11.99833
        ]
      },
      "properties": {
        "municipio": "BARREIRAS",
        "estado": "BAHIA",
        "bioma": "Cerrado",
        "periodo": "junho de 2026",
        "sinal_publico": "foco de calor observado",
        "evidence_class": "sinal forte"
      }
    },
    {
      "type": "Feature",
      "geometry": {
        "type": "Point",
        "coordinates": [
          -52.8057,
          -11.5686
        ]
      },
      "properties": {
        "municipio": "SÃO FÉLIX DO ARAGUAIA",
        "estado": "MATO GROSSO",
        "bioma": "Amazônia",
        "periodo": "junho de 2026",
        "sinal_publico": "foco de calor observado",
        "evidence_class": "sinal forte"
      }
    },
    {
      "type": "Feature",
      "geometry": {
        "type": "Point",
        "coordinates": [
          -55.3283,
          -11.6123
        ]
      },
      "properties": {
        "municipio": "SINOP",
        "estado": "MATO GROSSO",
        "bioma": "Amazônia",
        "periodo": "junho de 2026",
        "sinal_publico": "foco de calor observado",
        "evidence_class": "sinal forte"
      }
    },
    {
      "type": "Feature",
      "geometry": {
        "type": "Point",
        "coordinates": [
          -54.7341,
          -12.7199
        ]
      },
      "properties": {
        "municipio": "NOVA UBIRATÃ",
        "estado": "MATO GROSSO",
        "bioma": "Amazônia",
        "periodo": "junho de 2026",
        "sinal_publico": "foco de calor observado",
        "evidence_class": "sinal forte"
      }
    },
    {
      "type": "Feature",
      "geometry": {
        "type": "Point",
        "coordinates": [
          -58.4612,
          -12.4656
        ]
      },
      "properties": {
        "municipio": "SAPEZAL",
        "estado": "MATO GROSSO",
        "bioma": "Cerrado",
        "periodo": "junho de 2026",
        "sinal_publico": "foco de calor observado",
        "evidence_class": "sinal forte"
      }
    },
    {
      "type": "Feature",
      "geometry": {
        "type": "Point",
        "coordinates": [
          -58.9124,
          -14.1931
        ]
      },
      "properties": {
        "municipio": "TANGARÁ DA SERRA",
        "estado": "MATO GROSSO",
        "bioma": "Cerrado",
        "periodo": "junho de 2026",
        "sinal_publico": "foco de calor observado",
        "evidence_class": "sinal forte"
      }
    },
    {
      "type": "Feature",
      "geometry": {
        "type": "Point",
        "coordinates": [
          -57.42852,
          -14.21545
        ]
      },
      "properties": {
        "municipio": "NOVA MARILÂNDIA",
        "estado": "MATO GROSSO",
        "bioma": "Amazônia",
        "periodo": "junho de 2026",
        "sinal_publico": "foco de calor observado",
        "evidence_class": "sinal forte"
      }
    },
    {
      "type": "Feature",
      "geometry": {
        "type": "Point",
        "coordinates": [
          -58.4612,
          -12.4656
        ]
      },
      "properties": {
        "municipio": "SAPEZAL",
        "estado": "MATO GROSSO",
        "bioma": "Cerrado",
        "periodo": "junho de 2026",
        "sinal_publico": "foco de calor observado",
        "evidence_class": "sinal forte"
      }
    },
    {
      "type": "Feature",
      "geometry": {
        "type": "Point",
        "coordinates": [
          -58.9705,
          -14.2115
        ]
      },
      "properties": {
        "municipio": "TANGARÁ DA SERRA",
        "estado": "MATO GROSSO",
        "bioma": "Cerrado",
        "periodo": "junho de 2026",
        "sinal_publico": "foco de calor observado",
        "evidence_class": "sinal forte"
      }
    },
    {
      "type": "Feature",
      "geometry": {
        "type": "Point",
        "coordinates": [
          -55.33,
          -11.5933
        ]
      },
      "properties": {
        "municipio": "SINOP",
        "estado": "MATO GROSSO",
        "bioma": "Amazônia",
        "periodo": "junho de 2026",
        "sinal_publico": "foco de calor observado",
        "evidence_class": "sinal forte"
      }
    },
    {
      "type": "Feature",
      "geometry": {
        "type": "Point",
        "coordinates": [
          -43.05544,
          -4.62783
        ]
      },
      "properties": {
        "municipio": "CAXIAS",
        "estado": "MARANHÃO",
        "bioma": "Cerrado",
        "periodo": "junho de 2026",
        "sinal_publico": "foco de calor observado",
        "evidence_class": "sinal forte"
      }
    },
    {
      "type": "Feature",
      "geometry": {
        "type": "Point",
        "coordinates": [
          -51.9966,
          -12.0923
        ]
      },
      "properties": {
        "municipio": "BOM JESUS DO ARAGUAIA",
        "estado": "MATO GROSSO",
        "bioma": "Amazônia",
        "periodo": "junho de 2026",
        "sinal_publico": "foco de calor observado",
        "evidence_class": "sinal forte"
      }
    },
    {
      "type": "Feature",
      "geometry": {
        "type": "Point",
        "coordinates": [
          -52.7867,
          -11.5499
        ]
      },
      "properties": {
        "municipio": "SÃO FÉLIX DO ARAGUAIA",
        "estado": "MATO GROSSO",
        "bioma": "Amazônia",
        "periodo": "junho de 2026",
        "sinal_publico": "foco de calor observado",
        "evidence_class": "sinal forte"
      }
    },
    {
      "type": "Feature",
      "geometry": {
        "type": "Point",
        "coordinates": [
          -54.7321,
          -12.739
        ]
      },
      "properties": {
        "municipio": "NOVA UBIRATÃ",
        "estado": "MATO GROSSO",
        "bioma": "Amazônia",
        "periodo": "junho de 2026",
        "sinal_publico": "foco de calor observado",
        "evidence_class": "sinal forte"
      }
    },
    {
      "type": "Feature",
      "geometry": {
        "type": "Point",
        "coordinates": [
          -46.2863,
          -12.5103
        ]
      },
      "properties": {
        "municipio": "TAGUATINGA",
        "estado": "TOCANTINS",
        "bioma": "Cerrado",
        "periodo": "junho de 2026",
        "sinal_publico": "foco de calor observado",
        "evidence_class": "sinal forte"
      }
    },
    {
      "type": "Feature",
      "geometry": {
        "type": "Point",
        "coordinates": [
          -58.4642,
          -12.4277
        ]
      },
      "properties": {
        "municipio": "SAPEZAL",
        "estado": "MATO GROSSO",
        "bioma": "Cerrado",
        "periodo": "junho de 2026",
        "sinal_publico": "foco de calor observado",
        "evidence_class": "sinal forte"
      }
    },
    {
      "type": "Feature",
      "geometry": {
        "type": "Point",
        "coordinates": [
          -58.4048,
          -12.4283
        ]
      },
      "properties": {
        "municipio": "BRASNORTE",
        "estado": "MATO GROSSO",
        "bioma": "Cerrado",
        "periodo": "junho de 2026",
        "sinal_publico": "foco de calor observado",
        "evidence_class": "sinal forte"
      }
    },
    {
      "type": "Feature",
      "geometry": {
        "type": "Point",
        "coordinates": [
          -52.8057,
          -11.5686
        ]
      },
      "properties": {
        "municipio": "SÃO FÉLIX DO ARAGUAIA",
        "estado": "MATO GROSSO",
        "bioma": "Amazônia",
        "periodo": "junho de 2026",
        "sinal_publico": "foco de calor observado",
        "evidence_class": "sinal forte"
      }
    },
    {
      "type": "Feature",
      "geometry": {
        "type": "Point",
        "coordinates": [
          -46.4791,
          -10.0474
        ]
      },
      "properties": {
        "municipio": "SÃO FÉLIX DO TOCANTINS",
        "estado": "TOCANTINS",
        "bioma": "Cerrado",
        "periodo": "junho de 2026",
        "sinal_publico": "foco de calor observado",
        "evidence_class": "sinal forte"
      }
    },
    {
      "type": "Feature",
      "geometry": {
        "type": "Point",
        "coordinates": [
          -45.7418,
          -8.9985
        ]
      },
      "properties": {
        "municipio": "SANTA FILOMENA",
        "estado": "PIAUÍ",
        "bioma": "Cerrado",
        "periodo": "junho de 2026",
        "sinal_publico": "foco de calor observado",
        "evidence_class": "sinal forte"
      }
    },
    {
      "type": "Feature",
      "geometry": {
        "type": "Point",
        "coordinates": [
          -59.3777,
          -14.0919
        ]
      },
      "properties": {
        "municipio": "NOVA LACERDA",
        "estado": "MATO GROSSO",
        "bioma": "Cerrado",
        "periodo": "junho de 2026",
        "sinal_publico": "foco de calor observado",
        "evidence_class": "sinal forte"
      }
    },
    {
      "type": "Feature",
      "geometry": {
        "type": "Point",
        "coordinates": [
          -57.43026,
          -14.20584
        ]
      },
      "properties": {
        "municipio": "NOVA MARILÂNDIA",
        "estado": "MATO GROSSO",
        "bioma": "Amazônia",
        "periodo": "junho de 2026",
        "sinal_publico": "foco de calor observado",
        "evidence_class": "sinal forte"
      }
    },
    {
      "type": "Feature",
      "geometry": {
        "type": "Point",
        "coordinates": [
          -45.7418,
          -8.9985
        ]
      },
      "properties": {
        "municipio": "SANTA FILOMENA",
        "estado": "PIAUÍ",
        "bioma": "Cerrado",
        "periodo": "junho de 2026",
        "sinal_publico": "foco de calor observado",
        "evidence_class": "sinal forte"
      }
    },
    {
      "type": "Feature",
      "geometry": {
        "type": "Point",
        "coordinates": [
          -52.9959,
          -12.7253
        ]
      },
      "properties": {
        "municipio": "GAÚCHA DO NORTE",
        "estado": "MATO GROSSO",
        "bioma": "Amazônia",
        "periodo": "junho de 2026",
        "sinal_publico": "foco de calor observado",
        "evidence_class": "sinal forte"
      }
    },
    {
      "type": "Feature",
      "geometry": {
        "type": "Point",
        "coordinates": [
          -52.8284,
          -11.5493
        ]
      },
      "properties": {
        "municipio": "SÃO FÉLIX DO ARAGUAIA",
        "estado": "MATO GROSSO",
        "bioma": "Amazônia",
        "periodo": "junho de 2026",
        "sinal_publico": "foco de calor observado",
        "evidence_class": "sinal forte"
      }
    },
    {
      "type": "Feature",
      "geometry": {
        "type": "Point",
        "coordinates": [
          -54.7321,
          -12.739
        ]
      },
      "properties": {
        "municipio": "NOVA UBIRATÃ",
        "estado": "MATO GROSSO",
        "bioma": "Amazônia",
        "periodo": "junho de 2026",
        "sinal_publico": "foco de calor observado",
        "evidence_class": "sinal forte"
      }
    },
    {
      "type": "Feature",
      "geometry": {
        "type": "Point",
        "coordinates": [
          -45.7418,
          -8.9985
        ]
      },
      "properties": {
        "municipio": "SANTA FILOMENA",
        "estado": "PIAUÍ",
        "bioma": "Cerrado",
        "periodo": "junho de 2026",
        "sinal_publico": "foco de calor observado",
        "evidence_class": "sinal forte"
      }
    },
    {
      "type": "Feature",
      "geometry": {
        "type": "Point",
        "coordinates": [
          -52.8076,
          -11.5496
        ]
      },
      "properties": {
        "municipio": "SÃO FÉLIX DO ARAGUAIA",
        "estado": "MATO GROSSO",
        "bioma": "Amazônia",
        "periodo": "junho de 2026",
        "sinal_publico": "foco de calor observado",
        "evidence_class": "sinal forte"
      }
    },
    {
      "type": "Feature",
      "geometry": {
        "type": "Point",
        "coordinates": [
          -52.8057,
          -11.5686
        ]
      },
      "properties": {
        "municipio": "SÃO FÉLIX DO ARAGUAIA",
        "estado": "MATO GROSSO",
        "bioma": "Amazônia",
        "periodo": "junho de 2026",
        "sinal_publico": "foco de calor observado",
        "evidence_class": "sinal forte"
      }
    },
    {
      "type": "Feature",
      "geometry": {
        "type": "Point",
        "coordinates": [
          -58.4048,
          -12.4283
        ]
      },
      "properties": {
        "municipio": "BRASNORTE",
        "estado": "MATO GROSSO",
        "bioma": "Cerrado",
        "periodo": "junho de 2026",
        "sinal_publico": "foco de calor observado",
        "evidence_class": "sinal forte"
      }
    },
    {
      "type": "Feature",
      "geometry": {
        "type": "Point",
        "coordinates": [
          -46.9939,
          -10.9698
        ]
      },
      "properties": {
        "municipio": "PONTE ALTA DO TOCANTINS",
        "estado": "TOCANTINS",
        "bioma": "Cerrado",
        "periodo": "junho de 2026",
        "sinal_publico": "foco de calor observado",
        "evidence_class": "sinal forte"
      }
    },
    {
      "type": "Feature",
      "geometry": {
        "type": "Point",
        "coordinates": [
          -58.9124,
          -14.1931
        ]
      },
      "properties": {
        "municipio": "TANGARÁ DA SERRA",
        "estado": "MATO GROSSO",
        "bioma": "Cerrado",
        "periodo": "junho de 2026",
        "sinal_publico": "foco de calor observado",
        "evidence_class": "sinal forte"
      }
    },
    {
      "type": "Feature",
      "geometry": {
        "type": "Point",
        "coordinates": [
          -58.4033,
          -12.4473
        ]
      },
      "properties": {
        "municipio": "BRASNORTE",
        "estado": "MATO GROSSO",
        "bioma": "Cerrado",
        "periodo": "junho de 2026",
        "sinal_publico": "foco de calor observado",
        "evidence_class": "sinal forte"
      }
    },
    {
      "type": "Feature",
      "geometry": {
        "type": "Point",
        "coordinates": [
          -51.9966,
          -12.0923
        ]
      },
      "properties": {
        "municipio": "BOM JESUS DO ARAGUAIA",
        "estado": "MATO GROSSO",
        "bioma": "Amazônia",
        "periodo": "junho de 2026",
        "sinal_publico": "foco de calor observado",
        "evidence_class": "sinal forte"
      }
    },
    {
      "type": "Feature",
      "geometry": {
        "type": "Point",
        "coordinates": [
          -57.4299,
          -14.2118
        ]
      },
      "properties": {
        "municipio": "NOVA MARILÂNDIA",
        "estado": "MATO GROSSO",
        "bioma": "Amazônia",
        "periodo": "junho de 2026",
        "sinal_publico": "foco de calor observado",
        "evidence_class": "sinal forte"
      }
    },
    {
      "type": "Feature",
      "geometry": {
        "type": "Point",
        "coordinates": [
          -55.3283,
          -11.6123
        ]
      },
      "properties": {
        "municipio": "SINOP",
        "estado": "MATO GROSSO",
        "bioma": "Amazônia",
        "periodo": "junho de 2026",
        "sinal_publico": "foco de calor observado",
        "evidence_class": "sinal forte"
      }
    },
    {
      "type": "Feature",
      "geometry": {
        "type": "Point",
        "coordinates": [
          -59.376,
          -14.111
        ]
      },
      "properties": {
        "municipio": "NOVA LACERDA",
        "estado": "MATO GROSSO",
        "bioma": "Cerrado",
        "periodo": "junho de 2026",
        "sinal_publico": "foco de calor observado",
        "evidence_class": "sinal forte"
      }
    },
    {
      "type": "Feature",
      "geometry": {
        "type": "Point",
        "coordinates": [
          -57.2672,
          -12.2327
        ]
      },
      "properties": {
        "municipio": "NOVA MARINGÁ",
        "estado": "MATO GROSSO",
        "bioma": "Amazônia",
        "periodo": "junho de 2026",
        "sinal_publico": "foco de calor observado",
        "evidence_class": "sinal forte"
      }
    },
    {
      "type": "Feature",
      "geometry": {
        "type": "Point",
        "coordinates": [
          -52.7867,
          -11.5499
        ]
      },
      "properties": {
        "municipio": "SÃO FÉLIX DO ARAGUAIA",
        "estado": "MATO GROSSO",
        "bioma": "Amazônia",
        "periodo": "junho de 2026",
        "sinal_publico": "foco de calor observado",
        "evidence_class": "sinal forte"
      }
    },
    {
      "type": "Feature",
      "geometry": {
        "type": "Point",
        "coordinates": [
          -54.73442,
          -12.52825
        ]
      },
      "properties": {
        "municipio": "FELIZ NATAL",
        "estado": "MATO GROSSO",
        "bioma": "Amazônia",
        "periodo": "junho de 2026",
        "sinal_publico": "foco de calor observado",
        "evidence_class": "sinal forte"
      }
    },
    {
      "type": "Feature",
      "geometry": {
        "type": "Point",
        "coordinates": [
          -54.73962,
          -12.52883
        ]
      },
      "properties": {
        "municipio": "FELIZ NATAL",
        "estado": "MATO GROSSO",
        "bioma": "Amazônia",
        "periodo": "junho de 2026",
        "sinal_publico": "foco de calor observado",
        "evidence_class": "sinal forte"
      }
    },
    {
      "type": "Feature",
      "geometry": {
        "type": "Point",
        "coordinates": [
          -54.7321,
          -12.739
        ]
      },
      "properties": {
        "municipio": "NOVA UBIRATÃ",
        "estado": "MATO GROSSO",
        "bioma": "Amazônia",
        "periodo": "junho de 2026",
        "sinal_publico": "foco de calor observado",
        "evidence_class": "sinal forte"
      }
    },
    {
      "type": "Feature",
      "geometry": {
        "type": "Point",
        "coordinates": [
          -58.2365,
          -16.5973
        ]
      },
      "properties": {
        "municipio": "CÁCERES",
        "estado": "MATO GROSSO",
        "bioma": "Pantanal",
        "periodo": "junho de 2026",
        "sinal_publico": "foco de calor observado",
        "evidence_class": "sinal forte"
      }
    },
    {
      "type": "Feature",
      "geometry": {
        "type": "Point",
        "coordinates": [
          -53.0495,
          -23.7261
        ]
      },
      "properties": {
        "municipio": "CRUZEIRO DO OESTE",
        "estado": "PARANÁ",
        "bioma": "Mata Atlântica",
        "periodo": "junho de 2026",
        "sinal_publico": "foco de calor observado",
        "evidence_class": "sinal forte"
      }
    },
    {
      "type": "Feature",
      "geometry": {
        "type": "Point",
        "coordinates": [
          -59.3363,
          -10.031
        ]
      },
      "properties": {
        "municipio": "ARIPUANÃ",
        "estado": "MATO GROSSO",
        "bioma": "Amazônia",
        "periodo": "junho de 2026",
        "sinal_publico": "foco de calor observado",
        "evidence_class": "sinal forte"
      }
    },
    {
      "type": "Feature",
      "geometry": {
        "type": "Point",
        "coordinates": [
          -52.9707,
          -12.7638
        ]
      },
      "properties": {
        "municipio": "GAÚCHA DO NORTE",
        "estado": "MATO GROSSO",
        "bioma": "Amazônia",
        "periodo": "junho de 2026",
        "sinal_publico": "foco de calor observado",
        "evidence_class": "sinal forte"
      }
    },
    {
      "type": "Feature",
      "geometry": {
        "type": "Point",
        "coordinates": [
          -58.4612,
          -12.4656
        ]
      },
      "properties": {
        "municipio": "SAPEZAL",
        "estado": "MATO GROSSO",
        "bioma": "Cerrado",
        "periodo": "junho de 2026",
        "sinal_publico": "foco de calor observado",
        "evidence_class": "sinal forte"
      }
    },
    {
      "type": "Feature",
      "geometry": {
        "type": "Point",
        "coordinates": [
          -47.0338,
          -11.0073
        ]
      },
      "properties": {
        "municipio": "PONTE ALTA DO TOCANTINS",
        "estado": "TOCANTINS",
        "bioma": "Cerrado",
        "periodo": "junho de 2026",
        "sinal_publico": "foco de calor observado",
        "evidence_class": "sinal forte"
      }
    },
    {
      "type": "Feature",
      "geometry": {
        "type": "Point",
        "coordinates": [
          -46.2863,
          -12.5103
        ]
      },
      "properties": {
        "municipio": "TAGUATINGA",
        "estado": "TOCANTINS",
        "bioma": "Cerrado",
        "periodo": "junho de 2026",
        "sinal_publico": "foco de calor observado",
        "evidence_class": "sinal forte"
      }
    },
    {
      "type": "Feature",
      "geometry": {
        "type": "Point",
        "coordinates": [
          -51.9966,
          -12.0923
        ]
      },
      "properties": {
        "municipio": "BOM JESUS DO ARAGUAIA",
        "estado": "MATO GROSSO",
        "bioma": "Amazônia",
        "periodo": "junho de 2026",
        "sinal_publico": "foco de calor observado",
        "evidence_class": "sinal forte"
      }
    },
    {
      "type": "Feature",
      "geometry": {
        "type": "Point",
        "coordinates": [
          -58.8925,
          -14.1933
        ]
      },
      "properties": {
        "municipio": "TANGARÁ DA SERRA",
        "estado": "MATO GROSSO",
        "bioma": "Cerrado",
        "periodo": "junho de 2026",
        "sinal_publico": "foco de calor observado",
        "evidence_class": "sinal forte"
      }
    },
    {
      "type": "Feature",
      "geometry": {
        "type": "Point",
        "coordinates": [
          -46.2863,
          -12.5103
        ]
      },
      "properties": {
        "municipio": "TAGUATINGA",
        "estado": "TOCANTINS",
        "bioma": "Cerrado",
        "periodo": "junho de 2026",
        "sinal_publico": "foco de calor observado",
        "evidence_class": "sinal forte"
      }
    },
    {
      "type": "Feature",
      "geometry": {
        "type": "Point",
        "coordinates": [
          -52.7867,
          -11.5499
        ]
      },
      "properties": {
        "municipio": "SÃO FÉLIX DO ARAGUAIA",
        "estado": "MATO GROSSO",
        "bioma": "Amazônia",
        "periodo": "junho de 2026",
        "sinal_publico": "foco de calor observado",
        "evidence_class": "sinal forte"
      }
    },
    {
      "type": "Feature",
      "geometry": {
        "type": "Point",
        "coordinates": [
          -58.2365,
          -16.5973
        ]
      },
      "properties": {
        "municipio": "CÁCERES",
        "estado": "MATO GROSSO",
        "bioma": "Pantanal",
        "periodo": "junho de 2026",
        "sinal_publico": "foco de calor observado",
        "evidence_class": "sinal forte"
      }
    },
    {
      "type": "Feature",
      "geometry": {
        "type": "Point",
        "coordinates": [
          -58.4612,
          -12.4656
        ]
      },
      "properties": {
        "municipio": "SAPEZAL",
        "estado": "MATO GROSSO",
        "bioma": "Cerrado",
        "periodo": "junho de 2026",
        "sinal_publico": "foco de calor observado",
        "evidence_class": "sinal forte"
      }
    },
    {
      "type": "Feature",
      "geometry": {
        "type": "Point",
        "coordinates": [
          -58.4284,
          -14.2565
        ]
      },
      "properties": {
        "municipio": "TANGARÁ DA SERRA",
        "estado": "MATO GROSSO",
        "bioma": "Cerrado",
        "periodo": "junho de 2026",
        "sinal_publico": "foco de calor observado",
        "evidence_class": "sinal forte"
      }
    },
    {
      "type": "Feature",
      "geometry": {
        "type": "Point",
        "coordinates": [
          -52.7887,
          -11.5309
        ]
      },
      "properties": {
        "municipio": "SÃO FÉLIX DO ARAGUAIA",
        "estado": "MATO GROSSO",
        "bioma": "Amazônia",
        "periodo": "junho de 2026",
        "sinal_publico": "foco de calor observado",
        "evidence_class": "sinal forte"
      }
    },
    {
      "type": "Feature",
      "geometry": {
        "type": "Point",
        "coordinates": [
          -59.7434,
          -16.0127
        ]
      },
      "properties": {
        "municipio": "PONTES E LACERDA",
        "estado": "MATO GROSSO",
        "bioma": "Amazônia",
        "periodo": "junho de 2026",
        "sinal_publico": "foco de calor observado",
        "evidence_class": "sinal forte"
      }
    },
    {
      "type": "Feature",
      "geometry": {
        "type": "Point",
        "coordinates": [
          -53.0495,
          -23.7261
        ]
      },
      "properties": {
        "municipio": "CRUZEIRO DO OESTE",
        "estado": "PARANÁ",
        "bioma": "Mata Atlântica",
        "periodo": "junho de 2026",
        "sinal_publico": "foco de calor observado",
        "evidence_class": "sinal forte"
      }
    },
    {
      "type": "Feature",
      "geometry": {
        "type": "Point",
        "coordinates": [
          -46.2863,
          -12.5103
        ]
      },
      "properties": {
        "municipio": "TAGUATINGA",
        "estado": "TOCANTINS",
        "bioma": "Cerrado",
        "periodo": "junho de 2026",
        "sinal_publico": "foco de calor observado",
        "evidence_class": "sinal forte"
      }
    },
    {
      "type": "Feature",
      "geometry": {
        "type": "Point",
        "coordinates": [
          -58.4231,
          -12.4471
        ]
      },
      "properties": {
        "municipio": "BRASNORTE",
        "estado": "MATO GROSSO",
        "bioma": "Cerrado",
        "periodo": "junho de 2026",
        "sinal_publico": "foco de calor observado",
        "evidence_class": "sinal forte"
      }
    },
    {
      "type": "Feature",
      "geometry": {
        "type": "Point",
        "coordinates": [
          -57.2888,
          -12.2136
        ]
      },
      "properties": {
        "municipio": "NOVA MARINGÁ",
        "estado": "MATO GROSSO",
        "bioma": "Amazônia",
        "periodo": "junho de 2026",
        "sinal_publico": "foco de calor observado",
        "evidence_class": "sinal forte"
      }
    },
    {
      "type": "Feature",
      "geometry": {
        "type": "Point",
        "coordinates": [
          -55.3283,
          -11.6123
        ]
      },
      "properties": {
        "municipio": "SINOP",
        "estado": "MATO GROSSO",
        "bioma": "Amazônia",
        "periodo": "junho de 2026",
        "sinal_publico": "foco de calor observado",
        "evidence_class": "sinal forte"
      }
    },
    {
      "type": "Feature",
      "geometry": {
        "type": "Point",
        "coordinates": [
          -58.5023,
          -12.4462
        ]
      },
      "properties": {
        "municipio": "SAPEZAL",
        "estado": "MATO GROSSO",
        "bioma": "Cerrado",
        "periodo": "junho de 2026",
        "sinal_publico": "foco de calor observado",
        "evidence_class": "sinal forte"
      }
    },
    {
      "type": "Feature",
      "geometry": {
        "type": "Point",
        "coordinates": [
          -51.9966,
          -12.0923
        ]
      },
      "properties": {
        "municipio": "BOM JESUS DO ARAGUAIA",
        "estado": "MATO GROSSO",
        "bioma": "Amazônia",
        "periodo": "junho de 2026",
        "sinal_publico": "foco de calor observado",
        "evidence_class": "sinal forte"
      }
    },
    {
      "type": "Feature",
      "geometry": {
        "type": "Point",
        "coordinates": [
          -54.7326,
          -12.5297
        ]
      },
      "properties": {
        "municipio": "FELIZ NATAL",
        "estado": "MATO GROSSO",
        "bioma": "Amazônia",
        "periodo": "junho de 2026",
        "sinal_publico": "foco de calor observado",
        "evidence_class": "sinal forte"
      }
    },
    {
      "type": "Feature",
      "geometry": {
        "type": "Point",
        "coordinates": [
          -54.7321,
          -12.739
        ]
      },
      "properties": {
        "municipio": "NOVA UBIRATÃ",
        "estado": "MATO GROSSO",
        "bioma": "Amazônia",
        "periodo": "junho de 2026",
        "sinal_publico": "foco de calor observado",
        "evidence_class": "sinal forte"
      }
    },
    {
      "type": "Feature",
      "geometry": {
        "type": "Point",
        "coordinates": [
          -47.88461,
          -6.05119
        ]
      },
      "properties": {
        "municipio": "CACHOEIRINHA",
        "estado": "TOCANTINS",
        "bioma": "Cerrado",
        "periodo": "junho de 2026",
        "sinal_publico": "foco de calor observado",
        "evidence_class": "sinal forte"
      }
    },
    {
      "type": "Feature",
      "geometry": {
        "type": "Point",
        "coordinates": [
          -57.2888,
          -12.2136
        ]
      },
      "properties": {
        "municipio": "NOVA MARINGÁ",
        "estado": "MATO GROSSO",
        "bioma": "Amazônia",
        "periodo": "junho de 2026",
        "sinal_publico": "foco de calor observado",
        "evidence_class": "sinal forte"
      }
    },
    {
      "type": "Feature",
      "geometry": {
        "type": "Point",
        "coordinates": [
          -53.5407,
          -19.7513
        ]
      },
      "properties": {
        "municipio": "CAMAPUÃ",
        "estado": "MATO GROSSO DO SUL",
        "bioma": "Cerrado",
        "periodo": "junho de 2026",
        "sinal_publico": "foco de calor observado",
        "evidence_class": "sinal forte"
      }
    },
    {
      "type": "Feature",
      "geometry": {
        "type": "Point",
        "coordinates": [
          -57.2872,
          -12.2325
        ]
      },
      "properties": {
        "municipio": "NOVA MARINGÁ",
        "estado": "MATO GROSSO",
        "bioma": "Amazônia",
        "periodo": "junho de 2026",
        "sinal_publico": "foco de calor observado",
        "evidence_class": "sinal forte"
      }
    },
    {
      "type": "Feature",
      "geometry": {
        "type": "Point",
        "coordinates": [
          -47.94632,
          -6.85493
        ]
      },
      "properties": {
        "municipio": "WANDERLÂNDIA",
        "estado": "TOCANTINS",
        "bioma": "Cerrado",
        "periodo": "junho de 2026",
        "sinal_publico": "foco de calor observado",
        "evidence_class": "sinal forte"
      }
    },
    {
      "type": "Feature",
      "geometry": {
        "type": "Point",
        "coordinates": [
          -58.481,
          -12.4654
        ]
      },
      "properties": {
        "municipio": "SAPEZAL",
        "estado": "MATO GROSSO",
        "bioma": "Cerrado",
        "periodo": "junho de 2026",
        "sinal_publico": "foco de calor observado",
        "evidence_class": "sinal forte"
      }
    },
    {
      "type": "Feature",
      "geometry": {
        "type": "Point",
        "coordinates": [
          -57.2888,
          -12.2136
        ]
      },
      "properties": {
        "municipio": "NOVA MARINGÁ",
        "estado": "MATO GROSSO",
        "bioma": "Amazônia",
        "periodo": "junho de 2026",
        "sinal_publico": "foco de calor observado",
        "evidence_class": "sinal forte"
      }
    },
    {
      "type": "Feature",
      "geometry": {
        "type": "Point",
        "coordinates": [
          -59.376,
          -14.111
        ]
      },
      "properties": {
        "municipio": "NOVA LACERDA",
        "estado": "MATO GROSSO",
        "bioma": "Cerrado",
        "periodo": "junho de 2026",
        "sinal_publico": "foco de calor observado",
        "evidence_class": "sinal forte"
      }
    },
    {
      "type": "Feature",
      "geometry": {
        "type": "Point",
        "coordinates": [
          -54.1969,
          -12.7463
        ]
      },
      "properties": {
        "municipio": "PARANATINGA",
        "estado": "MATO GROSSO",
        "bioma": "Amazônia",
        "periodo": "junho de 2026",
        "sinal_publico": "foco de calor observado",
        "evidence_class": "sinal forte"
      }
    },
    {
      "type": "Feature",
      "geometry": {
        "type": "Point",
        "coordinates": [
          -57.813,
          -11.8862
        ]
      },
      "properties": {
        "municipio": "JUARA",
        "estado": "MATO GROSSO",
        "bioma": "Amazônia",
        "periodo": "junho de 2026",
        "sinal_publico": "foco de calor observado",
        "evidence_class": "sinal forte"
      }
    },
    {
      "type": "Feature",
      "geometry": {
        "type": "Point",
        "coordinates": [
          -54.1988,
          -12.7272
        ]
      },
      "properties": {
        "municipio": "PARANATINGA",
        "estado": "MATO GROSSO",
        "bioma": "Amazônia",
        "periodo": "junho de 2026",
        "sinal_publico": "foco de calor observado",
        "evidence_class": "sinal forte"
      }
    },
    {
      "type": "Feature",
      "geometry": {
        "type": "Point",
        "coordinates": [
          -58.46609,
          -12.46339
        ]
      },
      "properties": {
        "municipio": "SAPEZAL",
        "estado": "MATO GROSSO",
        "bioma": "Cerrado",
        "periodo": "junho de 2026",
        "sinal_publico": "foco de calor observado",
        "evidence_class": "sinal forte"
      }
    },
    {
      "type": "Feature",
      "geometry": {
        "type": "Point",
        "coordinates": [
          -52.77382,
          -11.54908
        ]
      },
      "properties": {
        "municipio": "SÃO FÉLIX DO ARAGUAIA",
        "estado": "MATO GROSSO",
        "bioma": "Amazônia",
        "periodo": "junho de 2026",
        "sinal_publico": "foco de calor observado",
        "evidence_class": "sinal forte"
      }
    },
    {
      "type": "Feature",
      "geometry": {
        "type": "Point",
        "coordinates": [
          -42.643,
          -17.3041
        ]
      },
      "properties": {
        "municipio": "MINAS NOVAS",
        "estado": "MINAS GERAIS",
        "bioma": "Cerrado",
        "periodo": "junho de 2026",
        "sinal_publico": "foco de calor observado",
        "evidence_class": "sinal forte"
      }
    },
    {
      "type": "Feature",
      "geometry": {
        "type": "Point",
        "coordinates": [
          -47.0139,
          -10.9886
        ]
      },
      "properties": {
        "municipio": "PONTE ALTA DO TOCANTINS",
        "estado": "TOCANTINS",
        "bioma": "Cerrado",
        "periodo": "junho de 2026",
        "sinal_publico": "foco de calor observado",
        "evidence_class": "sinal forte"
      }
    },
    {
      "type": "Feature",
      "geometry": {
        "type": "Point",
        "coordinates": [
          -54.0983,
          -10.7777
        ]
      },
      "properties": {
        "municipio": "MARCELÂNDIA",
        "estado": "MATO GROSSO",
        "bioma": "Amazônia",
        "periodo": "junho de 2026",
        "sinal_publico": "foco de calor observado",
        "evidence_class": "sinal forte"
      }
    },
    {
      "type": "Feature",
      "geometry": {
        "type": "Point",
        "coordinates": [
          -52.7867,
          -11.5499
        ]
      },
      "properties": {
        "municipio": "SÃO FÉLIX DO ARAGUAIA",
        "estado": "MATO GROSSO",
        "bioma": "Amazônia",
        "periodo": "junho de 2026",
        "sinal_publico": "foco de calor observado",
        "evidence_class": "sinal forte"
      }
    },
    {
      "type": "Feature",
      "geometry": {
        "type": "Point",
        "coordinates": [
          -57.4299,
          -14.2118
        ]
      },
      "properties": {
        "municipio": "NOVA MARILÂNDIA",
        "estado": "MATO GROSSO",
        "bioma": "Amazônia",
        "periodo": "junho de 2026",
        "sinal_publico": "foco de calor observado",
        "evidence_class": "sinal forte"
      }
    },
    {
      "type": "Feature",
      "geometry": {
        "type": "Point",
        "coordinates": [
          -52.7867,
          -11.5499
        ]
      },
      "properties": {
        "municipio": "SÃO FÉLIX DO ARAGUAIA",
        "estado": "MATO GROSSO",
        "bioma": "Amazônia",
        "periodo": "junho de 2026",
        "sinal_publico": "foco de calor observado",
        "evidence_class": "sinal forte"
      }
    },
    {
      "type": "Feature",
      "geometry": {
        "type": "Point",
        "coordinates": [
          -58.46122,
          -12.45962
        ]
      },
      "properties": {
        "municipio": "SAPEZAL",
        "estado": "MATO GROSSO",
        "bioma": "Cerrado",
        "periodo": "junho de 2026",
        "sinal_publico": "foco de calor observado",
        "evidence_class": "sinal forte"
      }
    },
    {
      "type": "Feature",
      "geometry": {
        "type": "Point",
        "coordinates": [
          -54.7321,
          -12.739
        ]
      },
      "properties": {
        "municipio": "NOVA UBIRATÃ",
        "estado": "MATO GROSSO",
        "bioma": "Amazônia",
        "periodo": "junho de 2026",
        "sinal_publico": "foco de calor observado",
        "evidence_class": "sinal forte"
      }
    },
    {
      "type": "Feature",
      "geometry": {
        "type": "Point",
        "coordinates": [
          -55.3486,
          -11.612
        ]
      },
      "properties": {
        "municipio": "SINOP",
        "estado": "MATO GROSSO",
        "bioma": "Amazônia",
        "periodo": "junho de 2026",
        "sinal_publico": "foco de calor observado",
        "evidence_class": "sinal forte"
      }
    },
    {
      "type": "Feature",
      "geometry": {
        "type": "Point",
        "coordinates": [
          -59.3777,
          -14.0919
        ]
      },
      "properties": {
        "municipio": "NOVA LACERDA",
        "estado": "MATO GROSSO",
        "bioma": "Cerrado",
        "periodo": "junho de 2026",
        "sinal_publico": "foco de calor observado",
        "evidence_class": "sinal forte"
      }
    },
    {
      "type": "Feature",
      "geometry": {
        "type": "Point",
        "coordinates": [
          -52.8095,
          -11.5306
        ]
      },
      "properties": {
        "municipio": "SÃO FÉLIX DO ARAGUAIA",
        "estado": "MATO GROSSO",
        "bioma": "Amazônia",
        "periodo": "junho de 2026",
        "sinal_publico": "foco de calor observado",
        "evidence_class": "sinal forte"
      }
    },
    {
      "type": "Feature",
      "geometry": {
        "type": "Point",
        "coordinates": [
          -58.4231,
          -12.4471
        ]
      },
      "properties": {
        "municipio": "BRASNORTE",
        "estado": "MATO GROSSO",
        "bioma": "Cerrado",
        "periodo": "junho de 2026",
        "sinal_publico": "foco de calor observado",
        "evidence_class": "sinal forte"
      }
    },
    {
      "type": "Feature",
      "geometry": {
        "type": "Point",
        "coordinates": [
          -59.3558,
          -10.0308
        ]
      },
      "properties": {
        "municipio": "ARIPUANÃ",
        "estado": "MATO GROSSO",
        "bioma": "Amazônia",
        "periodo": "junho de 2026",
        "sinal_publico": "foco de calor observado",
        "evidence_class": "sinal forte"
      }
    },
    {
      "type": "Feature",
      "geometry": {
        "type": "Point",
        "coordinates": [
          -58.4048,
          -12.4283
        ]
      },
      "properties": {
        "municipio": "BRASNORTE",
        "estado": "MATO GROSSO",
        "bioma": "Cerrado",
        "periodo": "junho de 2026",
        "sinal_publico": "foco de calor observado",
        "evidence_class": "sinal forte"
      }
    },
    {
      "type": "Feature",
      "geometry": {
        "type": "Point",
        "coordinates": [
          -55.3283,
          -11.6123
        ]
      },
      "properties": {
        "municipio": "SINOP",
        "estado": "MATO GROSSO",
        "bioma": "Amazônia",
        "periodo": "junho de 2026",
        "sinal_publico": "foco de calor observado",
        "evidence_class": "sinal forte"
      }
    },
    {
      "type": "Feature",
      "geometry": {
        "type": "Point",
        "coordinates": [
          -52.8057,
          -11.5686
        ]
      },
      "properties": {
        "municipio": "SÃO FÉLIX DO ARAGUAIA",
        "estado": "MATO GROSSO",
        "bioma": "Amazônia",
        "periodo": "junho de 2026",
        "sinal_publico": "foco de calor observado",
        "evidence_class": "sinal forte"
      }
    },
    {
      "type": "Feature",
      "geometry": {
        "type": "Point",
        "coordinates": [
          -54.1969,
          -12.7463
        ]
      },
      "properties": {
        "municipio": "PARANATINGA",
        "estado": "MATO GROSSO",
        "bioma": "Amazônia",
        "periodo": "junho de 2026",
        "sinal_publico": "foco de calor observado",
        "evidence_class": "sinal forte"
      }
    },
    {
      "type": "Feature",
      "geometry": {
        "type": "Point",
        "coordinates": [
          -52.7848,
          -11.5688
        ]
      },
      "properties": {
        "municipio": "SÃO FÉLIX DO ARAGUAIA",
        "estado": "MATO GROSSO",
        "bioma": "Amazônia",
        "periodo": "junho de 2026",
        "sinal_publico": "foco de calor observado",
        "evidence_class": "sinal forte"
      }
    },
    {
      "type": "Feature",
      "geometry": {
        "type": "Point",
        "coordinates": [
          -58.2365,
          -16.5973
        ]
      },
      "properties": {
        "municipio": "CÁCERES",
        "estado": "MATO GROSSO",
        "bioma": "Pantanal",
        "periodo": "junho de 2026",
        "sinal_publico": "foco de calor observado",
        "evidence_class": "sinal forte"
      }
    },
    {
      "type": "Feature",
      "geometry": {
        "type": "Point",
        "coordinates": [
          -57.2672,
          -12.2327
        ]
      },
      "properties": {
        "municipio": "NOVA MARINGÁ",
        "estado": "MATO GROSSO",
        "bioma": "Amazônia",
        "periodo": "junho de 2026",
        "sinal_publico": "foco de calor observado",
        "evidence_class": "sinal forte"
      }
    },
    {
      "type": "Feature",
      "geometry": {
        "type": "Point",
        "coordinates": [
          -54.1988,
          -12.7272
        ]
      },
      "properties": {
        "municipio": "PARANATINGA",
        "estado": "MATO GROSSO",
        "bioma": "Amazônia",
        "periodo": "junho de 2026",
        "sinal_publico": "foco de calor observado",
        "evidence_class": "sinal forte"
      }
    },
    {
      "type": "Feature",
      "geometry": {
        "type": "Point",
        "coordinates": [
          -58.4825,
          -12.4464
        ]
      },
      "properties": {
        "municipio": "SAPEZAL",
        "estado": "MATO GROSSO",
        "bioma": "Cerrado",
        "periodo": "junho de 2026",
        "sinal_publico": "foco de calor observado",
        "evidence_class": "sinal forte"
      }
    },
    {
      "type": "Feature",
      "geometry": {
        "type": "Point",
        "coordinates": [
          -57.4098,
          -14.2121
        ]
      },
      "properties": {
        "municipio": "NOVA MARILÂNDIA",
        "estado": "MATO GROSSO",
        "bioma": "Amazônia",
        "periodo": "junho de 2026",
        "sinal_publico": "foco de calor observado",
        "evidence_class": "sinal forte"
      }
    },
    {
      "type": "Feature",
      "geometry": {
        "type": "Point",
        "coordinates": [
          -45.7418,
          -8.9985
        ]
      },
      "properties": {
        "municipio": "SANTA FILOMENA",
        "estado": "PIAUÍ",
        "bioma": "Cerrado",
        "periodo": "junho de 2026",
        "sinal_publico": "foco de calor observado",
        "evidence_class": "sinal forte"
      }
    }
  ]
}
