{
  "type": "FeatureCollection",
  "features": [
    {
      "type": "Feature",
      "properties": {
        "municipio": "FORMOSA DO RIO PRETO",
        "estado": "BAHIA",
        "bioma": "Cerrado",
        "date": "2026-06-04",
        "dias_sem_chuva": 45.0,
        "precipitacao": 0.0,
        "risco_fogo": 1.0,
        "indice": 100.0,
        "classe": "ponto de atenção preventivo"
      },
      "geometry": {
        "type": "Point",
        "coordinates": [
          -45.62157,
          -10.98076
        ]
      }
    },
    {
      "type": "Feature",
      "properties": {
        "municipio": "FORMOSA DO RIO PRETO",
        "estado": "BAHIA",
        "bioma": "Cerrado",
        "date": "2026-06-04",
        "dias_sem_chuva": 45.0,
        "precipitacao": 0.0,
        "risco_fogo": 1.0,
        "indice": 100.0,
        "classe": "ponto de atenção preventivo"
      },
      "geometry": {
        "type": "Point",
        "coordinates": [
          -45.61814,
          -10.98608
        ]
      }
    },
    {
      "type": "Feature",
      "properties": {
        "municipio": "FORMOSA DO RIO PRETO",
        "estado": "BAHIA",
        "bioma": "Cerrado",
        "date": "2026-06-04",
        "dias_sem_chuva": 45.0,
        "precipitacao": 0.0,
        "risco_fogo": 1.0,
        "indice": 100.0,
        "classe": "ponto de atenção preventivo"
      },
      "geometry": {
        "type": "Point",
        "coordinates": [
          -45.61481,
          -10.98545
        ]
      }
    },
    {
      "type": "Feature",
      "properties": {
        "municipio": "FORMOSA DO RIO PRETO",
        "estado": "BAHIA",
        "bioma": "Cerrado",
        "date": "2026-06-04",
        "dias_sem_chuva": 45.0,
        "precipitacao": 0.06,
        "risco_fogo": 1.0,
        "indice": 100.0,
        "classe": "ponto de atenção preventivo"
      },
      "geometry": {
        "type": "Point",
        "coordinates": [
          -45.60723,
          -10.98937
        ]
      }
    },
    {
      "type": "Feature",
      "properties": {
        "municipio": "FORMOSA DO RIO PRETO",
        "estado": "BAHIA",
        "bioma": "Cerrado",
        "date": "2026-06-04",
        "dias_sem_chuva": 45.0,
        "precipitacao": 0.0,
        "risco_fogo": 1.0,
        "indice": 100.0,
        "classe": "ponto de atenção preventivo"
      },
      "geometry": {
        "type": "Point",
        "coordinates": [
          -45.62205,
          -10.98147
        ]
      }
    },
    {
      "type": "Feature",
      "properties": {
        "municipio": "FORMOSA DO RIO PRETO",
        "estado": "BAHIA",
        "bioma": "Cerrado",
        "date": "2026-06-04",
        "dias_sem_chuva": 45.0,
        "precipitacao": 0.0,
        "risco_fogo": 1.0,
        "indice": 100.0,
        "classe": "ponto de atenção preventivo"
      },
      "geometry": {
        "type": "Point",
        "coordinates": [
          -45.62488,
          -10.98136
        ]
      }
    },
    {
      "type": "Feature",
      "properties": {
        "municipio": "FORMOSA DO RIO PRETO",
        "estado": "BAHIA",
        "bioma": "Cerrado",
        "date": "2026-06-04",
        "dias_sem_chuva": 45.0,
        "precipitacao": 0.0,
        "risco_fogo": 1.0,
        "indice": 100.0,
        "classe": "ponto de atenção preventivo"
      },
      "geometry": {
        "type": "Point",
        "coordinates": [
          -45.61864,
          -10.98082
        ]
      }
    },
    {
      "type": "Feature",
      "properties": {
        "municipio": "FORMOSA DO RIO PRETO",
        "estado": "BAHIA",
        "bioma": "Cerrado",
        "date": "2026-06-04",
        "dias_sem_chuva": 45.0,
        "precipitacao": 0.0,
        "risco_fogo": 1.0,
        "indice": 100.0,
        "classe": "ponto de atenção preventivo"
      },
      "geometry": {
        "type": "Point",
        "coordinates": [
          -45.62534,
          -10.98209
        ]
      }
    },
    {
      "type": "Feature",
      "properties": {
        "municipio": "FORMOSA DO RIO PRETO",
        "estado": "BAHIA",
        "bioma": "Cerrado",
        "date": "2026-06-04",
        "dias_sem_chuva": 45.0,
        "precipitacao": 0.1,
        "risco_fogo": 1.0,
        "indice": 100.0,
        "classe": "ponto de atenção preventivo"
      },
      "geometry": {
        "type": "Point",
        "coordinates": [
          -45.60636,
          -10.99456
        ]
      }
    },
    {
      "type": "Feature",
      "properties": {
        "municipio": "ITAGUAÇU DA BAHIA",
        "estado": "BAHIA",
        "bioma": "Caatinga",
        "date": "2026-06-04",
        "dias_sem_chuva": 56.0,
        "precipitacao": 0.0,
        "risco_fogo": 1.0,
        "indice": 100.0,
        "classe": "ponto de atenção preventivo"
      },
      "geometry": {
        "type": "Point",
        "coordinates": [
          -42.14721,
          -10.67625
        ]
      }
    },
    {
      "type": "Feature",
      "properties": {
        "municipio": "FORMOSO",
        "estado": "MINAS GERAIS",
        "bioma": "Cerrado",
        "date": "2026-06-04",
        "dias_sem_chuva": 49.0,
        "precipitacao": 0.0,
        "risco_fogo": 1.0,
        "indice": 100.0,
        "classe": "ponto de atenção preventivo"
      },
      "geometry": {
        "type": "Point",
        "coordinates": [
          -46.28071,
          -15.2174
        ]
      }
    },
    {
      "type": "Feature",
      "properties": {
        "municipio": "FORMOSA DO RIO PRETO",
        "estado": "BAHIA",
        "bioma": "Cerrado",
        "date": "2026-06-04",
        "dias_sem_chuva": 45.0,
        "precipitacao": 0.1,
        "risco_fogo": 1.0,
        "indice": 100.0,
        "classe": "ponto de atenção preventivo"
      },
      "geometry": {
        "type": "Point",
        "coordinates": [
          -45.60283,
          -10.9939
        ]
      }
    },
    {
      "type": "Feature",
      "properties": {
        "municipio": "FORMOSA DO RIO PRETO",
        "estado": "BAHIA",
        "bioma": "Cerrado",
        "date": "2026-06-04",
        "dias_sem_chuva": 45.0,
        "precipitacao": 0.0,
        "risco_fogo": 1.0,
        "indice": 100.0,
        "classe": "ponto de atenção preventivo"
      },
      "geometry": {
        "type": "Point",
        "coordinates": [
          -45.61134,
          -10.98479
        ]
      }
    },
    {
      "type": "Feature",
      "properties": {
        "municipio": "UBERLÂNDIA",
        "estado": "MINAS GERAIS",
        "bioma": "Cerrado",
        "date": "2026-06-04",
        "dias_sem_chuva": 45.0,
        "precipitacao": 0.0,
        "risco_fogo": 1.0,
        "indice": 100.0,
        "classe": "ponto de atenção preventivo"
      },
      "geometry": {
        "type": "Point",
        "coordinates": [
          -48.35164,
          -18.92721
        ]
      }
    },
    {
      "type": "Feature",
      "properties": {
        "municipio": "FORMOSA DO RIO PRETO",
        "estado": "BAHIA",
        "bioma": "Cerrado",
        "date": "2026-06-04",
        "dias_sem_chuva": 45.0,
        "precipitacao": 0.1,
        "risco_fogo": 1.0,
        "indice": 100.0,
        "classe": "ponto de atenção preventivo"
      },
      "geometry": {
        "type": "Point",
        "coordinates": [
          -45.61019,
          -10.99979
        ]
      }
    },
    {
      "type": "Feature",
      "properties": {
        "municipio": "FORMOSO",
        "estado": "MINAS GERAIS",
        "bioma": "Cerrado",
        "date": "2026-06-04",
        "dias_sem_chuva": 50.0,
        "precipitacao": 0.0,
        "risco_fogo": 1.0,
        "indice": 100.0,
        "classe": "ponto de atenção preventivo"
      },
      "geometry": {
        "type": "Point",
        "coordinates": [
          -46.27756,
          -15.21885
        ]
      }
    },
    {
      "type": "Feature",
      "properties": {
        "municipio": "FORMOSA DO RIO PRETO",
        "estado": "BAHIA",
        "bioma": "Cerrado",
        "date": "2026-06-04",
        "dias_sem_chuva": 45.0,
        "precipitacao": 0.01,
        "risco_fogo": 1.0,
        "indice": 100.0,
        "classe": "ponto de atenção preventivo"
      },
      "geometry": {
        "type": "Point",
        "coordinates": [
          -45.61599,
          -10.98719
        ]
      }
    },
    {
      "type": "Feature",
      "properties": {
        "municipio": "FORMOSA DO RIO PRETO",
        "estado": "BAHIA",
        "bioma": "Cerrado",
        "date": "2026-06-04",
        "dias_sem_chuva": 45.0,
        "precipitacao": 0.02,
        "risco_fogo": 1.0,
        "indice": 100.0,
        "classe": "ponto de atenção preventivo"
      },
      "geometry": {
        "type": "Point",
        "coordinates": [
          -45.61544,
          -10.98871
        ]
      }
    },
    {
      "type": "Feature",
      "properties": {
        "municipio": "FORMOSA DO RIO PRETO",
        "estado": "BAHIA",
        "bioma": "Cerrado",
        "date": "2026-06-04",
        "dias_sem_chuva": 45.0,
        "precipitacao": 0.0,
        "risco_fogo": 1.0,
        "indice": 100.0,
        "classe": "ponto de atenção preventivo"
      },
      "geometry": {
        "type": "Point",
        "coordinates": [
          -45.6244,
          -10.98394
        ]
      }
    },
    {
      "type": "Feature",
      "properties": {
        "municipio": "FORMOSA DO RIO PRETO",
        "estado": "BAHIA",
        "bioma": "Cerrado",
        "date": "2026-06-04",
        "dias_sem_chuva": 45.0,
        "precipitacao": 0.1,
        "risco_fogo": 1.0,
        "indice": 100.0,
        "classe": "ponto de atenção preventivo"
      },
      "geometry": {
        "type": "Point",
        "coordinates": [
          -45.60722,
          -10.99993
        ]
      }
    },
    {
      "type": "Feature",
      "properties": {
        "municipio": "FORMOSA DO RIO PRETO",
        "estado": "BAHIA",
        "bioma": "Cerrado",
        "date": "2026-06-04",
        "dias_sem_chuva": 45.0,
        "precipitacao": 0.08,
        "risco_fogo": 1.0,
        "indice": 100.0,
        "classe": "ponto de atenção preventivo"
      },
      "geometry": {
        "type": "Point",
        "coordinates": [
          -45.60709,
          -10.99285
        ]
      }
    },
    {
      "type": "Feature",
      "properties": {
        "municipio": "FORMOSA DO RIO PRETO",
        "estado": "BAHIA",
        "bioma": "Cerrado",
        "date": "2026-06-04",
        "dias_sem_chuva": 45.0,
        "precipitacao": 0.0,
        "risco_fogo": 1.0,
        "indice": 100.0,
        "classe": "ponto de atenção preventivo"
      },
      "geometry": {
        "type": "Point",
        "coordinates": [
          -45.62862,
          -10.98212
        ]
      }
    },
    {
      "type": "Feature",
      "properties": {
        "municipio": "FORMOSA DO RIO PRETO",
        "estado": "BAHIA",
        "bioma": "Cerrado",
        "date": "2026-06-04",
        "dias_sem_chuva": 45.0,
        "precipitacao": 0.0,
        "risco_fogo": 1.0,
        "indice": 100.0,
        "classe": "ponto de atenção preventivo"
      },
      "geometry": {
        "type": "Point",
        "coordinates": [
          -45.62477,
          -10.98151
        ]
      }
    },
    {
      "type": "Feature",
      "properties": {
        "municipio": "FORMOSA DO RIO PRETO",
        "estado": "BAHIA",
        "bioma": "Cerrado",
        "date": "2026-06-04",
        "dias_sem_chuva": 45.0,
        "precipitacao": 0.06,
        "risco_fogo": 1.0,
        "indice": 100.0,
        "classe": "ponto de atenção preventivo"
      },
      "geometry": {
        "type": "Point",
        "coordinates": [
          -45.60765,
          -10.9894
        ]
      }
    },
    {
      "type": "Feature",
      "properties": {
        "municipio": "FORMOSO",
        "estado": "MINAS GERAIS",
        "bioma": "Cerrado",
        "date": "2026-06-04",
        "dias_sem_chuva": 50.0,
        "precipitacao": 0.0,
        "risco_fogo": 1.0,
        "indice": 100.0,
        "classe": "ponto de atenção preventivo"
      },
      "geometry": {
        "type": "Point",
        "coordinates": [
          -46.27149,
          -15.21832
        ]
      }
    },
    {
      "type": "Feature",
      "properties": {
        "municipio": "FORMOSA DO RIO PRETO",
        "estado": "BAHIA",
        "bioma": "Cerrado",
        "date": "2026-06-04",
        "dias_sem_chuva": 45.0,
        "precipitacao": 0.09,
        "risco_fogo": 1.0,
        "indice": 100.0,
        "classe": "ponto de atenção preventivo"
      },
      "geometry": {
        "type": "Point",
        "coordinates": [
          -45.60316,
          -10.99223
        ]
      }
    },
    {
      "type": "Feature",
      "properties": {
        "municipio": "FORMOSA DO RIO PRETO",
        "estado": "BAHIA",
        "bioma": "Cerrado",
        "date": "2026-06-04",
        "dias_sem_chuva": 45.0,
        "precipitacao": 0.01,
        "risco_fogo": 1.0,
        "indice": 100.0,
        "classe": "ponto de atenção preventivo"
      },
      "geometry": {
        "type": "Point",
        "coordinates": [
          -45.61212,
          -10.98657
        ]
      }
    },
    {
      "type": "Feature",
      "properties": {
        "municipio": "FORMOSO",
        "estado": "MINAS GERAIS",
        "bioma": "Cerrado",
        "date": "2026-06-04",
        "dias_sem_chuva": 50.0,
        "precipitacao": 0.0,
        "risco_fogo": 1.0,
        "indice": 100.0,
        "classe": "ponto de atenção preventivo"
      },
      "geometry": {
        "type": "Point",
        "coordinates": [
          -46.27694,
          -15.22396
        ]
      }
    },
    {
      "type": "Feature",
      "properties": {
        "municipio": "FORMOSA DO RIO PRETO",
        "estado": "BAHIA",
        "bioma": "Cerrado",
        "date": "2026-06-04",
        "dias_sem_chuva": 45.0,
        "precipitacao": 0.0,
        "risco_fogo": 1.0,
        "indice": 100.0,
        "classe": "ponto de atenção preventivo"
      },
      "geometry": {
        "type": "Point",
        "coordinates": [
          -45.62527,
          -10.97806
        ]
      }
    },
    {
      "type": "Feature",
      "properties": {
        "municipio": "FORMOSO",
        "estado": "MINAS GERAIS",
        "bioma": "Cerrado",
        "date": "2026-06-04",
        "dias_sem_chuva": 49.0,
        "precipitacao": 0.0,
        "risco_fogo": 1.0,
        "indice": 100.0,
        "classe": "ponto de atenção preventivo"
      },
      "geometry": {
        "type": "Point",
        "coordinates": [
          -46.28514,
          -15.22065
        ]
      }
    },
    {
      "type": "Feature",
      "properties": {
        "municipio": "FORMOSA DO RIO PRETO",
        "estado": "BAHIA",
        "bioma": "Cerrado",
        "date": "2026-06-04",
        "dias_sem_chuva": 45.0,
        "precipitacao": 0.0,
        "risco_fogo": 1.0,
        "indice": 100.0,
        "classe": "ponto de atenção preventivo"
      },
      "geometry": {
        "type": "Point",
        "coordinates": [
          -45.62049,
          -10.98346
        ]
      }
    },
    {
      "type": "Feature",
      "properties": {
        "municipio": "SÃO ROMÃO",
        "estado": "MINAS GERAIS",
        "bioma": "Cerrado",
        "date": "2026-06-04",
        "dias_sem_chuva": 54.0,
        "precipitacao": 0.0,
        "risco_fogo": 1.0,
        "indice": 100.0,
        "classe": "ponto de atenção preventivo"
      },
      "geometry": {
        "type": "Point",
        "coordinates": [
          -45.19699,
          -16.25695
        ]
      }
    },
    {
      "type": "Feature",
      "properties": {
        "municipio": "FORMOSA DO RIO PRETO",
        "estado": "BAHIA",
        "bioma": "Cerrado",
        "date": "2026-06-04",
        "dias_sem_chuva": 45.0,
        "precipitacao": 0.0,
        "risco_fogo": 1.0,
        "indice": 100.0,
        "classe": "ponto de atenção preventivo"
      },
      "geometry": {
        "type": "Point",
        "coordinates": [
          -45.63353,
          -10.99179
        ]
      }
    },
    {
      "type": "Feature",
      "properties": {
        "municipio": "FORMOSA DO RIO PRETO",
        "estado": "BAHIA",
        "bioma": "Cerrado",
        "date": "2026-06-04",
        "dias_sem_chuva": 45.0,
        "precipitacao": 0.09,
        "risco_fogo": 1.0,
        "indice": 100.0,
        "classe": "ponto de atenção preventivo"
      },
      "geometry": {
        "type": "Point",
        "coordinates": [
          -45.60352,
          -10.9931
        ]
      }
    },
    {
      "type": "Feature",
      "properties": {
        "municipio": "FORMOSA DO RIO PRETO",
        "estado": "BAHIA",
        "bioma": "Cerrado",
        "date": "2026-06-04",
        "dias_sem_chuva": 45.0,
        "precipitacao": 0.0,
        "risco_fogo": 1.0,
        "indice": 100.0,
        "classe": "ponto de atenção preventivo"
      },
      "geometry": {
        "type": "Point",
        "coordinates": [
          -45.61672,
          -10.983
        ]
      }
    },
    {
      "type": "Feature",
      "properties": {
        "municipio": "FORMOSA DO RIO PRETO",
        "estado": "BAHIA",
        "bioma": "Cerrado",
        "date": "2026-06-04",
        "dias_sem_chuva": 45.0,
        "precipitacao": 0.08,
        "risco_fogo": 1.0,
        "indice": 100.0,
        "classe": "ponto de atenção preventivo"
      },
      "geometry": {
        "type": "Point",
        "coordinates": [
          -45.61084,
          -10.99401
        ]
      }
    },
    {
      "type": "Feature",
      "properties": {
        "municipio": "FORMOSA DO RIO PRETO",
        "estado": "BAHIA",
        "bioma": "Cerrado",
        "date": "2026-06-04",
        "dias_sem_chuva": 45.0,
        "precipitacao": 0.03,
        "risco_fogo": 1.0,
        "indice": 100.0,
        "classe": "ponto de atenção preventivo"
      },
      "geometry": {
        "type": "Point",
        "coordinates": [
          -45.61161,
          -10.98824
        ]
      }
    },
    {
      "type": "Feature",
      "properties": {
        "municipio": "FORMOSA DO RIO PRETO",
        "estado": "BAHIA",
        "bioma": "Cerrado",
        "date": "2026-06-04",
        "dias_sem_chuva": 45.0,
        "precipitacao": 0.0,
        "risco_fogo": 1.0,
        "indice": 100.0,
        "classe": "ponto de atenção preventivo"
      },
      "geometry": {
        "type": "Point",
        "coordinates": [
          -45.61649,
          -10.98373
        ]
      }
    },
    {
      "type": "Feature",
      "properties": {
        "municipio": "FORMOSA DO RIO PRETO",
        "estado": "BAHIA",
        "bioma": "Cerrado",
        "date": "2026-06-04",
        "dias_sem_chuva": 45.0,
        "precipitacao": 0.0,
        "risco_fogo": 1.0,
        "indice": 100.0,
        "classe": "ponto de atenção preventivo"
      },
      "geometry": {
        "type": "Point",
        "coordinates": [
          -45.62552,
          -10.97821
        ]
      }
    },
    {
      "type": "Feature",
      "properties": {
        "municipio": "FORMOSA DO RIO PRETO",
        "estado": "BAHIA",
        "bioma": "Cerrado",
        "date": "2026-06-04",
        "dias_sem_chuva": 45.0,
        "precipitacao": 0.02,
        "risco_fogo": 1.0,
        "indice": 100.0,
        "classe": "ponto de atenção preventivo"
      },
      "geometry": {
        "type": "Point",
        "coordinates": [
          -45.61551,
          -10.98875
        ]
      }
    },
    {
      "type": "Feature",
      "properties": {
        "municipio": "ALTO PARNAÍBA",
        "estado": "MARANHÃO",
        "bioma": "Cerrado",
        "date": "2026-06-04",
        "dias_sem_chuva": 44.0,
        "precipitacao": 0.0,
        "risco_fogo": 1.0,
        "indice": 99.2,
        "classe": "ponto de atenção preventivo"
      },
      "geometry": {
        "type": "Point",
        "coordinates": [
          -46.00919,
          -9.06741
        ]
      }
    },
    {
      "type": "Feature",
      "properties": {
        "municipio": "ALTO PARNAÍBA",
        "estado": "MARANHÃO",
        "bioma": "Cerrado",
        "date": "2026-06-04",
        "dias_sem_chuva": 44.0,
        "precipitacao": 0.0,
        "risco_fogo": 1.0,
        "indice": 99.2,
        "classe": "ponto de atenção preventivo"
      },
      "geometry": {
        "type": "Point",
        "coordinates": [
          -46.01224,
          -9.06796
        ]
      }
    },
    {
      "type": "Feature",
      "properties": {
        "municipio": "SÃO FÉLIX DO TOCANTINS",
        "estado": "TOCANTINS",
        "bioma": "Cerrado",
        "date": "2026-06-04",
        "dias_sem_chuva": 44.0,
        "precipitacao": 0.0,
        "risco_fogo": 1.0,
        "indice": 99.2,
        "classe": "ponto de atenção preventivo"
      },
      "geometry": {
        "type": "Point",
        "coordinates": [
          -46.34607,
          -10.18674
        ]
      }
    },
    {
      "type": "Feature",
      "properties": {
        "municipio": "PARANÃ",
        "estado": "TOCANTINS",
        "bioma": "Cerrado",
        "date": "2026-06-04",
        "dias_sem_chuva": 44.0,
        "precipitacao": 0.0,
        "risco_fogo": 1.0,
        "indice": 99.2,
        "classe": "ponto de atenção preventivo"
      },
      "geometry": {
        "type": "Point",
        "coordinates": [
          -47.66351,
          -12.65697
        ]
      }
    },
    {
      "type": "Feature",
      "properties": {
        "municipio": "SÃO FÉLIX DO TOCANTINS",
        "estado": "TOCANTINS",
        "bioma": "Cerrado",
        "date": "2026-06-04",
        "dias_sem_chuva": 44.0,
        "precipitacao": 0.0,
        "risco_fogo": 1.0,
        "indice": 99.2,
        "classe": "ponto de atenção preventivo"
      },
      "geometry": {
        "type": "Point",
        "coordinates": [
          -46.34551,
          -10.19012
        ]
      }
    },
    {
      "type": "Feature",
      "properties": {
        "municipio": "SÃO FÉLIX DO TOCANTINS",
        "estado": "TOCANTINS",
        "bioma": "Cerrado",
        "date": "2026-06-04",
        "dias_sem_chuva": 44.0,
        "precipitacao": 0.0,
        "risco_fogo": 1.0,
        "indice": 99.2,
        "classe": "ponto de atenção preventivo"
      },
      "geometry": {
        "type": "Point",
        "coordinates": [
          -46.34495,
          -10.19351
        ]
      }
    },
    {
      "type": "Feature",
      "properties": {
        "municipio": "ALTO PARNAÍBA",
        "estado": "MARANHÃO",
        "bioma": "Cerrado",
        "date": "2026-06-04",
        "dias_sem_chuva": 44.0,
        "precipitacao": 0.0,
        "risco_fogo": 1.0,
        "indice": 99.2,
        "classe": "ponto de atenção preventivo"
      },
      "geometry": {
        "type": "Point",
        "coordinates": [
          -46.01047,
          -9.06639
        ]
      }
    },
    {
      "type": "Feature",
      "properties": {
        "municipio": "FORMOSA DO RIO PRETO",
        "estado": "BAHIA",
        "bioma": "Cerrado",
        "date": "2026-06-04",
        "dias_sem_chuva": 44.0,
        "precipitacao": 0.1,
        "risco_fogo": 1.0,
        "indice": 99.2,
        "classe": "ponto de atenção preventivo"
      },
      "geometry": {
        "type": "Point",
        "coordinates": [
          -45.60646,
          -10.99933
        ]
      }
    },
    {
      "type": "Feature",
      "properties": {
        "municipio": "FORMOSA DO RIO PRETO",
        "estado": "BAHIA",
        "bioma": "Cerrado",
        "date": "2026-06-04",
        "dias_sem_chuva": 44.0,
        "precipitacao": 0.09,
        "risco_fogo": 1.0,
        "indice": 99.2,
        "classe": "ponto de atenção preventivo"
      },
      "geometry": {
        "type": "Point",
        "coordinates": [
          -45.60715,
          -10.99355
        ]
      }
    },
    {
      "type": "Feature",
      "properties": {
        "municipio": "CHAPADA GAÚCHA",
        "estado": "MINAS GERAIS",
        "bioma": "Cerrado",
        "date": "2026-06-04",
        "dias_sem_chuva": 44.0,
        "precipitacao": 0.0,
        "risco_fogo": 1.0,
        "indice": 99.2,
        "classe": "ponto de atenção preventivo"
      },
      "geometry": {
        "type": "Point",
        "coordinates": [
          -45.3968,
          -15.51296
        ]
      }
    },
    {
      "type": "Feature",
      "properties": {
        "municipio": "SÃO FÉLIX DO TOCANTINS",
        "estado": "TOCANTINS",
        "bioma": "Cerrado",
        "date": "2026-06-04",
        "dias_sem_chuva": 43.0,
        "precipitacao": 0.0,
        "risco_fogo": 1.0,
        "indice": 98.4,
        "classe": "ponto de atenção preventivo"
      },
      "geometry": {
        "type": "Point",
        "coordinates": [
          -46.34992,
          -10.18323
        ]
      }
    },
    {
      "type": "Feature",
      "properties": {
        "municipio": "SANTA FILOMENA",
        "estado": "PIAUÍ",
        "bioma": "Cerrado",
        "date": "2026-06-04",
        "dias_sem_chuva": 43.0,
        "precipitacao": 0.0,
        "risco_fogo": 1.0,
        "indice": 98.4,
        "classe": "ponto de atenção preventivo"
      },
      "geometry": {
        "type": "Point",
        "coordinates": [
          -45.75829,
          -9.0137
        ]
      }
    },
    {
      "type": "Feature",
      "properties": {
        "municipio": "MATEIROS",
        "estado": "TOCANTINS",
        "bioma": "Cerrado",
        "date": "2026-06-04",
        "dias_sem_chuva": 43.0,
        "precipitacao": 0.0,
        "risco_fogo": 1.0,
        "indice": 98.4,
        "classe": "ponto de atenção preventivo"
      },
      "geometry": {
        "type": "Point",
        "coordinates": [
          -46.33637,
          -10.26674
        ]
      }
    },
    {
      "type": "Feature",
      "properties": {
        "municipio": "MATEIROS",
        "estado": "TOCANTINS",
        "bioma": "Cerrado",
        "date": "2026-06-04",
        "dias_sem_chuva": 43.0,
        "precipitacao": 0.0,
        "risco_fogo": 1.0,
        "indice": 98.4,
        "classe": "ponto de atenção preventivo"
      },
      "geometry": {
        "type": "Point",
        "coordinates": [
          -46.35259,
          -10.26943
        ]
      }
    },
    {
      "type": "Feature",
      "properties": {
        "municipio": "PARANÃ",
        "estado": "TOCANTINS",
        "bioma": "Cerrado",
        "date": "2026-06-04",
        "dias_sem_chuva": 43.0,
        "precipitacao": 0.0,
        "risco_fogo": 1.0,
        "indice": 98.4,
        "classe": "ponto de atenção preventivo"
      },
      "geometry": {
        "type": "Point",
        "coordinates": [
          -47.66775,
          -12.66209
        ]
      }
    },
    {
      "type": "Feature",
      "properties": {
        "municipio": "ITAUEIRA",
        "estado": "PIAUÍ",
        "bioma": "Cerrado",
        "date": "2026-06-04",
        "dias_sem_chuva": 43.0,
        "precipitacao": 0.0,
        "risco_fogo": 1.0,
        "indice": 98.4,
        "classe": "ponto de atenção preventivo"
      },
      "geometry": {
        "type": "Point",
        "coordinates": [
          -43.31799,
          -7.46877
        ]
      }
    },
    {
      "type": "Feature",
      "properties": {
        "municipio": "SÃO FÉLIX DO TOCANTINS",
        "estado": "TOCANTINS",
        "bioma": "Cerrado",
        "date": "2026-06-04",
        "dias_sem_chuva": 43.0,
        "precipitacao": 0.0,
        "risco_fogo": 1.0,
        "indice": 98.4,
        "classe": "ponto de atenção preventivo"
      },
      "geometry": {
        "type": "Point",
        "coordinates": [
          -46.35086,
          -10.17824
        ]
      }
    },
    {
      "type": "Feature",
      "properties": {
        "municipio": "SÃO FÉLIX DO TOCANTINS",
        "estado": "TOCANTINS",
        "bioma": "Cerrado",
        "date": "2026-06-04",
        "dias_sem_chuva": 43.0,
        "precipitacao": 0.0,
        "risco_fogo": 1.0,
        "indice": 98.4,
        "classe": "ponto de atenção preventivo"
      },
      "geometry": {
        "type": "Point",
        "coordinates": [
          -46.35174,
          -10.19805
        ]
      }
    },
    {
      "type": "Feature",
      "properties": {
        "municipio": "SÃO FÉLIX DO TOCANTINS",
        "estado": "TOCANTINS",
        "bioma": "Cerrado",
        "date": "2026-06-04",
        "dias_sem_chuva": 43.0,
        "precipitacao": 0.0,
        "risco_fogo": 1.0,
        "indice": 98.4,
        "classe": "ponto de atenção preventivo"
      },
      "geometry": {
        "type": "Point",
        "coordinates": [
          -46.35031,
          -10.18394
        ]
      }
    },
    {
      "type": "Feature",
      "properties": {
        "municipio": "BALSAS",
        "estado": "MARANHÃO",
        "bioma": "Cerrado",
        "date": "2026-06-04",
        "dias_sem_chuva": 43.0,
        "precipitacao": 0.0,
        "risco_fogo": 1.0,
        "indice": 98.4,
        "classe": "ponto de atenção preventivo"
      },
      "geometry": {
        "type": "Point",
        "coordinates": [
          -46.72451,
          -8.83046
        ]
      }
    },
    {
      "type": "Feature",
      "properties": {
        "municipio": "MATEIROS",
        "estado": "TOCANTINS",
        "bioma": "Cerrado",
        "date": "2026-06-04",
        "dias_sem_chuva": 43.0,
        "precipitacao": 0.0,
        "risco_fogo": 1.0,
        "indice": 98.4,
        "classe": "ponto de atenção preventivo"
      },
      "geometry": {
        "type": "Point",
        "coordinates": [
          -46.35439,
          -10.25785
        ]
      }
    },
    {
      "type": "Feature",
      "properties": {
        "municipio": "SANTA FILOMENA",
        "estado": "PIAUÍ",
        "bioma": "Cerrado",
        "date": "2026-06-04",
        "dias_sem_chuva": 43.0,
        "precipitacao": 0.0,
        "risco_fogo": 0.99,
        "indice": 97.9,
        "classe": "ponto de atenção preventivo"
      },
      "geometry": {
        "type": "Point",
        "coordinates": [
          -45.75727,
          -8.99892
        ]
      }
    },
    {
      "type": "Feature",
      "properties": {
        "municipio": "SANTA FILOMENA",
        "estado": "PIAUÍ",
        "bioma": "Cerrado",
        "date": "2026-06-04",
        "dias_sem_chuva": 43.0,
        "precipitacao": 0.0,
        "risco_fogo": 0.99,
        "indice": 97.9,
        "classe": "ponto de atenção preventivo"
      },
      "geometry": {
        "type": "Point",
        "coordinates": [
          -45.75892,
          -9.00801
        ]
      }
    },
    {
      "type": "Feature",
      "properties": {
        "municipio": "SANTA FILOMENA",
        "estado": "PIAUÍ",
        "bioma": "Cerrado",
        "date": "2026-06-04",
        "dias_sem_chuva": 43.0,
        "precipitacao": 0.0,
        "risco_fogo": 0.99,
        "indice": 97.9,
        "classe": "ponto de atenção preventivo"
      },
      "geometry": {
        "type": "Point",
        "coordinates": [
          -45.75222,
          -8.99558
        ]
      }
    },
    {
      "type": "Feature",
      "properties": {
        "municipio": "SANTA FILOMENA",
        "estado": "PIAUÍ",
        "bioma": "Cerrado",
        "date": "2026-06-04",
        "dias_sem_chuva": 43.0,
        "precipitacao": 0.0,
        "risco_fogo": 0.99,
        "indice": 97.9,
        "classe": "ponto de atenção preventivo"
      },
      "geometry": {
        "type": "Point",
        "coordinates": [
          -45.75284,
          -8.99317
        ]
      }
    },
    {
      "type": "Feature",
      "properties": {
        "municipio": "SANTA FILOMENA",
        "estado": "PIAUÍ",
        "bioma": "Cerrado",
        "date": "2026-06-04",
        "dias_sem_chuva": 43.0,
        "precipitacao": 0.0,
        "risco_fogo": 0.99,
        "indice": 97.9,
        "classe": "ponto de atenção preventivo"
      },
      "geometry": {
        "type": "Point",
        "coordinates": [
          -45.7515,
          -9.00126
        ]
      }
    },
    {
      "type": "Feature",
      "properties": {
        "municipio": "SANTA FILOMENA",
        "estado": "PIAUÍ",
        "bioma": "Cerrado",
        "date": "2026-06-04",
        "dias_sem_chuva": 43.0,
        "precipitacao": 0.0,
        "risco_fogo": 0.99,
        "indice": 97.9,
        "classe": "ponto de atenção preventivo"
      },
      "geometry": {
        "type": "Point",
        "coordinates": [
          -45.75621,
          -8.9961
        ]
      }
    },
    {
      "type": "Feature",
      "properties": {
        "municipio": "SANTA FILOMENA",
        "estado": "PIAUÍ",
        "bioma": "Cerrado",
        "date": "2026-06-04",
        "dias_sem_chuva": 43.0,
        "precipitacao": 0.0,
        "risco_fogo": 0.99,
        "indice": 97.9,
        "classe": "ponto de atenção preventivo"
      },
      "geometry": {
        "type": "Point",
        "coordinates": [
          -45.75251,
          -9.0041
        ]
      }
    },
    {
      "type": "Feature",
      "properties": {
        "municipio": "SANTA FILOMENA",
        "estado": "PIAUÍ",
        "bioma": "Cerrado",
        "date": "2026-06-04",
        "dias_sem_chuva": 43.0,
        "precipitacao": 0.0,
        "risco_fogo": 0.99,
        "indice": 97.9,
        "classe": "ponto de atenção preventivo"
      },
      "geometry": {
        "type": "Point",
        "coordinates": [
          -45.75589,
          -9.0103
        ]
      }
    },
    {
      "type": "Feature",
      "properties": {
        "municipio": "SANTA FILOMENA",
        "estado": "PIAUÍ",
        "bioma": "Cerrado",
        "date": "2026-06-04",
        "dias_sem_chuva": 43.0,
        "precipitacao": 0.0,
        "risco_fogo": 0.99,
        "indice": 97.9,
        "classe": "ponto de atenção preventivo"
      },
      "geometry": {
        "type": "Point",
        "coordinates": [
          -45.75229,
          -8.99667
        ]
      }
    },
    {
      "type": "Feature",
      "properties": {
        "municipio": "SANTA FILOMENA",
        "estado": "PIAUÍ",
        "bioma": "Cerrado",
        "date": "2026-06-04",
        "dias_sem_chuva": 43.0,
        "precipitacao": 0.0,
        "risco_fogo": 0.99,
        "indice": 97.9,
        "classe": "ponto de atenção preventivo"
      },
      "geometry": {
        "type": "Point",
        "coordinates": [
          -45.75654,
          -9.0046
        ]
      }
    },
    {
      "type": "Feature",
      "properties": {
        "municipio": "SANTA FILOMENA",
        "estado": "PIAUÍ",
        "bioma": "Cerrado",
        "date": "2026-06-04",
        "dias_sem_chuva": 43.0,
        "precipitacao": 0.0,
        "risco_fogo": 0.99,
        "indice": 97.9,
        "classe": "ponto de atenção preventivo"
      },
      "geometry": {
        "type": "Point",
        "coordinates": [
          -45.75618,
          -8.99729
        ]
      }
    },
    {
      "type": "Feature",
      "properties": {
        "municipio": "SANTA FILOMENA",
        "estado": "PIAUÍ",
        "bioma": "Cerrado",
        "date": "2026-06-04",
        "dias_sem_chuva": 43.0,
        "precipitacao": 0.0,
        "risco_fogo": 0.99,
        "indice": 97.9,
        "classe": "ponto de atenção preventivo"
      },
      "geometry": {
        "type": "Point",
        "coordinates": [
          -45.75562,
          -9.00078
        ]
      }
    },
    {
      "type": "Feature",
      "properties": {
        "municipio": "SANTA FILOMENA",
        "estado": "PIAUÍ",
        "bioma": "Cerrado",
        "date": "2026-06-04",
        "dias_sem_chuva": 43.0,
        "precipitacao": 0.0,
        "risco_fogo": 0.99,
        "indice": 97.9,
        "classe": "ponto de atenção preventivo"
      },
      "geometry": {
        "type": "Point",
        "coordinates": [
          -45.75505,
          -9.00428
        ]
      }
    },
    {
      "type": "Feature",
      "properties": {
        "municipio": "SANTA FILOMENA",
        "estado": "PIAUÍ",
        "bioma": "Cerrado",
        "date": "2026-06-04",
        "dias_sem_chuva": 43.0,
        "precipitacao": 0.0,
        "risco_fogo": 0.99,
        "indice": 97.9,
        "classe": "ponto de atenção preventivo"
      },
      "geometry": {
        "type": "Point",
        "coordinates": [
          -45.75548,
          -9.00178
        ]
      }
    },
    {
      "type": "Feature",
      "properties": {
        "municipio": "SANTA FILOMENA",
        "estado": "PIAUÍ",
        "bioma": "Cerrado",
        "date": "2026-06-04",
        "dias_sem_chuva": 43.0,
        "precipitacao": 0.0,
        "risco_fogo": 0.99,
        "indice": 97.9,
        "classe": "ponto de atenção preventivo"
      },
      "geometry": {
        "type": "Point",
        "coordinates": [
          -45.75322,
          -8.99842
        ]
      }
    },
    {
      "type": "Feature",
      "properties": {
        "municipio": "PARANÃ",
        "estado": "TOCANTINS",
        "bioma": "Cerrado",
        "date": "2026-06-04",
        "dias_sem_chuva": 42.0,
        "precipitacao": 0.0,
        "risco_fogo": 1.0,
        "indice": 97.7,
        "classe": "ponto de atenção preventivo"
      },
      "geometry": {
        "type": "Point",
        "coordinates": [
          -47.66497,
          -12.6685
        ]
      }
    },
    {
      "type": "Feature",
      "properties": {
        "municipio": "MATEIROS",
        "estado": "TOCANTINS",
        "bioma": "Cerrado",
        "date": "2026-06-04",
        "dias_sem_chuva": 42.0,
        "precipitacao": 0.0,
        "risco_fogo": 1.0,
        "indice": 97.7,
        "classe": "ponto de atenção preventivo"
      },
      "geometry": {
        "type": "Point",
        "coordinates": [
          -46.3242,
          -10.26974
        ]
      }
    },
    {
      "type": "Feature",
      "properties": {
        "municipio": "BALSAS",
        "estado": "MARANHÃO",
        "bioma": "Cerrado",
        "date": "2026-06-04",
        "dias_sem_chuva": 42.0,
        "precipitacao": 0.0,
        "risco_fogo": 1.0,
        "indice": 97.7,
        "classe": "ponto de atenção preventivo"
      },
      "geometry": {
        "type": "Point",
        "coordinates": [
          -46.71869,
          -8.82941
        ]
      }
    },
    {
      "type": "Feature",
      "properties": {
        "municipio": "SÃO FÉLIX DO TOCANTINS",
        "estado": "TOCANTINS",
        "bioma": "Cerrado",
        "date": "2026-06-04",
        "dias_sem_chuva": 42.0,
        "precipitacao": 0.0,
        "risco_fogo": 1.0,
        "indice": 97.7,
        "classe": "ponto de atenção preventivo"
      },
      "geometry": {
        "type": "Point",
        "coordinates": [
          -46.3565,
          -10.17927
        ]
      }
    },
    {
      "type": "Feature",
      "properties": {
        "municipio": "SEBASTIÃO LEAL",
        "estado": "PIAUÍ",
        "bioma": "Cerrado",
        "date": "2026-06-04",
        "dias_sem_chuva": 42.0,
        "precipitacao": 0.0,
        "risco_fogo": 1.0,
        "indice": 97.7,
        "classe": "ponto de atenção preventivo"
      },
      "geometry": {
        "type": "Point",
        "coordinates": [
          -43.75248,
          -7.40663
        ]
      }
    },
    {
      "type": "Feature",
      "properties": {
        "municipio": "RIBEIRO GONÇALVES",
        "estado": "PIAUÍ",
        "bioma": "Cerrado",
        "date": "2026-06-04",
        "dias_sem_chuva": 41.0,
        "precipitacao": 0.0,
        "risco_fogo": 1.0,
        "indice": 96.9,
        "classe": "ponto de atenção preventivo"
      },
      "geometry": {
        "type": "Point",
        "coordinates": [
          -45.2366,
          -7.64609
        ]
      }
    },
    {
      "type": "Feature",
      "properties": {
        "municipio": "RIBEIRO GONÇALVES",
        "estado": "PIAUÍ",
        "bioma": "Cerrado",
        "date": "2026-06-04",
        "dias_sem_chuva": 41.0,
        "precipitacao": 0.0,
        "risco_fogo": 1.0,
        "indice": 96.9,
        "classe": "ponto de atenção preventivo"
      },
      "geometry": {
        "type": "Point",
        "coordinates": [
          -45.23619,
          -7.64462
        ]
      }
    },
    {
      "type": "Feature",
      "properties": {
        "municipio": "MATEIROS",
        "estado": "TOCANTINS",
        "bioma": "Cerrado",
        "date": "2026-06-04",
        "dias_sem_chuva": 41.0,
        "precipitacao": 0.0,
        "risco_fogo": 1.0,
        "indice": 96.9,
        "classe": "ponto de atenção preventivo"
      },
      "geometry": {
        "type": "Point",
        "coordinates": [
          -46.54582,
          -10.75115
        ]
      }
    },
    {
      "type": "Feature",
      "properties": {
        "municipio": "MATEIROS",
        "estado": "TOCANTINS",
        "bioma": "Cerrado",
        "date": "2026-06-04",
        "dias_sem_chuva": 41.0,
        "precipitacao": 0.0,
        "risco_fogo": 1.0,
        "indice": 96.9,
        "classe": "ponto de atenção preventivo"
      },
      "geometry": {
        "type": "Point",
        "coordinates": [
          -46.32342,
          -10.27476
        ]
      }
    },
    {
      "type": "Feature",
      "properties": {
        "municipio": "RIBEIRO GONÇALVES",
        "estado": "PIAUÍ",
        "bioma": "Cerrado",
        "date": "2026-06-04",
        "dias_sem_chuva": 41.0,
        "precipitacao": 0.0,
        "risco_fogo": 1.0,
        "indice": 96.9,
        "classe": "ponto de atenção preventivo"
      },
      "geometry": {
        "type": "Point",
        "coordinates": [
          -45.2404,
          -7.6453
        ]
      }
    },
    {
      "type": "Feature",
      "properties": {
        "municipio": "MATEIROS",
        "estado": "TOCANTINS",
        "bioma": "Cerrado",
        "date": "2026-06-04",
        "dias_sem_chuva": 41.0,
        "precipitacao": 0.0,
        "risco_fogo": 1.0,
        "indice": 96.9,
        "classe": "ponto de atenção preventivo"
      },
      "geometry": {
        "type": "Point",
        "coordinates": [
          -46.31611,
          -10.27688
        ]
      }
    },
    {
      "type": "Feature",
      "properties": {
        "municipio": "SANTA FILOMENA",
        "estado": "PIAUÍ",
        "bioma": "Cerrado",
        "date": "2026-06-04",
        "dias_sem_chuva": 41.0,
        "precipitacao": 0.0,
        "risco_fogo": 1.0,
        "indice": 96.9,
        "classe": "ponto de atenção preventivo"
      },
      "geometry": {
        "type": "Point",
        "coordinates": [
          -45.76973,
          -8.65493
        ]
      }
    },
    {
      "type": "Feature",
      "properties": {
        "municipio": "SANTA FILOMENA",
        "estado": "PIAUÍ",
        "bioma": "Cerrado",
        "date": "2026-06-04",
        "dias_sem_chuva": 41.0,
        "precipitacao": 0.0,
        "risco_fogo": 1.0,
        "indice": 96.9,
        "classe": "ponto de atenção preventivo"
      },
      "geometry": {
        "type": "Point",
        "coordinates": [
          -45.76189,
          -8.65366
        ]
      }
    },
    {
      "type": "Feature",
      "properties": {
        "municipio": "SANTA FILOMENA",
        "estado": "PIAUÍ",
        "bioma": "Cerrado",
        "date": "2026-06-04",
        "dias_sem_chuva": 41.0,
        "precipitacao": 0.0,
        "risco_fogo": 1.0,
        "indice": 96.9,
        "classe": "ponto de atenção preventivo"
      },
      "geometry": {
        "type": "Point",
        "coordinates": [
          -45.76722,
          -8.65506
        ]
      }
    },
    {
      "type": "Feature",
      "properties": {
        "municipio": "RIBEIRO GONÇALVES",
        "estado": "PIAUÍ",
        "bioma": "Cerrado",
        "date": "2026-06-04",
        "dias_sem_chuva": 41.0,
        "precipitacao": 0.0,
        "risco_fogo": 1.0,
        "indice": 96.9,
        "classe": "ponto de atenção preventivo"
      },
      "geometry": {
        "type": "Point",
        "coordinates": [
          -45.23216,
          -7.6425
        ]
      }
    },
    {
      "type": "Feature",
      "properties": {
        "municipio": "RIBEIRO GONÇALVES",
        "estado": "PIAUÍ",
        "bioma": "Cerrado",
        "date": "2026-06-04",
        "dias_sem_chuva": 41.0,
        "precipitacao": 0.0,
        "risco_fogo": 1.0,
        "indice": 96.9,
        "classe": "ponto de atenção preventivo"
      },
      "geometry": {
        "type": "Point",
        "coordinates": [
          -45.23313,
          -7.64562
        ]
      }
    },
    {
      "type": "Feature",
      "properties": {
        "municipio": "SANTA FILOMENA",
        "estado": "PIAUÍ",
        "bioma": "Cerrado",
        "date": "2026-06-04",
        "dias_sem_chuva": 41.0,
        "precipitacao": 0.0,
        "risco_fogo": 1.0,
        "indice": 96.9,
        "classe": "ponto de atenção preventivo"
      },
      "geometry": {
        "type": "Point",
        "coordinates": [
          -45.76582,
          -8.6543
        ]
      }
    },
    {
      "type": "Feature",
      "properties": {
        "municipio": "RIBEIRO GONÇALVES",
        "estado": "PIAUÍ",
        "bioma": "Cerrado",
        "date": "2026-06-04",
        "dias_sem_chuva": 41.0,
        "precipitacao": 0.0,
        "risco_fogo": 1.0,
        "indice": 96.9,
        "classe": "ponto de atenção preventivo"
      },
      "geometry": {
        "type": "Point",
        "coordinates": [
          -45.23592,
          -7.64317
        ]
      }
    },
    {
      "type": "Feature",
      "properties": {
        "municipio": "RIBEIRO GONÇALVES",
        "estado": "PIAUÍ",
        "bioma": "Cerrado",
        "date": "2026-06-04",
        "dias_sem_chuva": 41.0,
        "precipitacao": 0.0,
        "risco_fogo": 1.0,
        "indice": 96.9,
        "classe": "ponto de atenção preventivo"
      },
      "geometry": {
        "type": "Point",
        "coordinates": [
          -45.48122,
          -7.72497
        ]
      }
    },
    {
      "type": "Feature",
      "properties": {
        "municipio": "SANTA FILOMENA",
        "estado": "PIAUÍ",
        "bioma": "Cerrado",
        "date": "2026-06-04",
        "dias_sem_chuva": 41.0,
        "precipitacao": 0.0,
        "risco_fogo": 0.99,
        "indice": 96.3,
        "classe": "ponto de atenção preventivo"
      },
      "geometry": {
        "type": "Point",
        "coordinates": [
          -45.76971,
          -8.65625
        ]
      }
    },
    {
      "type": "Feature",
      "properties": {
        "municipio": "VARZELÂNDIA",
        "estado": "MINAS GERAIS",
        "bioma": "Cerrado",
        "date": "2026-06-04",
        "dias_sem_chuva": 40.0,
        "precipitacao": 0.0,
        "risco_fogo": 1.0,
        "indice": 96.1,
        "classe": "ponto de atenção preventivo"
      },
      "geometry": {
        "type": "Point",
        "coordinates": [
          -44.01652,
          -15.6327
        ]
      }
    },
    {
      "type": "Feature",
      "properties": {
        "municipio": "FORMOSA DO RIO PRETO",
        "estado": "BAHIA",
        "bioma": "Cerrado",
        "date": "2026-06-04",
        "dias_sem_chuva": 40.0,
        "precipitacao": 0.05,
        "risco_fogo": 1.0,
        "indice": 96.1,
        "classe": "ponto de atenção preventivo"
      },
      "geometry": {
        "type": "Point",
        "coordinates": [
          -45.09803,
          -10.9798
        ]
      }
    },
    {
      "type": "Feature",
      "properties": {
        "municipio": "BAIXA GRANDE DO RIBEIRO",
        "estado": "PIAUÍ",
        "bioma": "Cerrado",
        "date": "2026-06-04",
        "dias_sem_chuva": 40.0,
        "precipitacao": 0.0,
        "risco_fogo": 1.0,
        "indice": 96.1,
        "classe": "ponto de atenção preventivo"
      },
      "geometry": {
        "type": "Point",
        "coordinates": [
          -45.2836,
          -8.39619
        ]
      }
    },
    {
      "type": "Feature",
      "properties": {
        "municipio": "FLORIANO",
        "estado": "PIAUÍ",
        "bioma": "Caatinga",
        "date": "2026-06-04",
        "dias_sem_chuva": 40.0,
        "precipitacao": 0.0,
        "risco_fogo": 1.0,
        "indice": 96.1,
        "classe": "ponto de atenção preventivo"
      },
      "geometry": {
        "type": "Point",
        "coordinates": [
          -43.14873,
          -7.17906
        ]
      }
    },
    {
      "type": "Feature",
      "properties": {
        "municipio": "MATEIROS",
        "estado": "TOCANTINS",
        "bioma": "Cerrado",
        "date": "2026-06-04",
        "dias_sem_chuva": 40.0,
        "precipitacao": 0.0,
        "risco_fogo": 1.0,
        "indice": 96.1,
        "classe": "ponto de atenção preventivo"
      },
      "geometry": {
        "type": "Point",
        "coordinates": [
          -46.3082,
          -10.2791
        ]
      }
    },
    {
      "type": "Feature",
      "properties": {
        "municipio": "BAIXA GRANDE DO RIBEIRO",
        "estado": "PIAUÍ",
        "bioma": "Cerrado",
        "date": "2026-06-04",
        "dias_sem_chuva": 40.0,
        "precipitacao": 0.0,
        "risco_fogo": 1.0,
        "indice": 96.1,
        "classe": "ponto de atenção preventivo"
      },
      "geometry": {
        "type": "Point",
        "coordinates": [
          -45.28862,
          -8.40333
        ]
      }
    },
    {
      "type": "Feature",
      "properties": {
        "municipio": "FORMOSA DO RIO PRETO",
        "estado": "BAHIA",
        "bioma": "Cerrado",
        "date": "2026-06-04",
        "dias_sem_chuva": 40.0,
        "precipitacao": 0.05,
        "risco_fogo": 1.0,
        "indice": 96.1,
        "classe": "ponto de atenção preventivo"
      },
      "geometry": {
        "type": "Point",
        "coordinates": [
          -45.09762,
          -10.98025
        ]
      }
    },
    {
      "type": "Feature",
      "properties": {
        "municipio": "SANTA FILOMENA",
        "estado": "PIAUÍ",
        "bioma": "Cerrado",
        "date": "2026-06-04",
        "dias_sem_chuva": 40.0,
        "precipitacao": 0.0,
        "risco_fogo": 1.0,
        "indice": 96.1,
        "classe": "ponto de atenção preventivo"
      },
      "geometry": {
        "type": "Point",
        "coordinates": [
          -45.4547,
          -8.63671
        ]
      }
    },
    {
      "type": "Feature",
      "properties": {
        "municipio": "FLORIANO",
        "estado": "PIAUÍ",
        "bioma": "Caatinga",
        "date": "2026-06-04",
        "dias_sem_chuva": 40.0,
        "precipitacao": 0.0,
        "risco_fogo": 1.0,
        "indice": 96.1,
        "classe": "ponto de atenção preventivo"
      },
      "geometry": {
        "type": "Point",
        "coordinates": [
          -43.1456,
          -7.17427
        ]
      }
    },
    {
      "type": "Feature",
      "properties": {
        "municipio": "FLORIANO",
        "estado": "PIAUÍ",
        "bioma": "Caatinga",
        "date": "2026-06-04",
        "dias_sem_chuva": 40.0,
        "precipitacao": 0.0,
        "risco_fogo": 1.0,
        "indice": 96.1,
        "classe": "ponto de atenção preventivo"
      },
      "geometry": {
        "type": "Point",
        "coordinates": [
          -43.14419,
          -7.18256
        ]
      }
    },
    {
      "type": "Feature",
      "properties": {
        "municipio": "MATEIROS",
        "estado": "TOCANTINS",
        "bioma": "Cerrado",
        "date": "2026-06-04",
        "dias_sem_chuva": 40.0,
        "precipitacao": 0.0,
        "risco_fogo": 1.0,
        "indice": 96.1,
        "classe": "ponto de atenção preventivo"
      },
      "geometry": {
        "type": "Point",
        "coordinates": [
          -46.31189,
          -10.27969
        ]
      }
    },
    {
      "type": "Feature",
      "properties": {
        "municipio": "FLORIANO",
        "estado": "PIAUÍ",
        "bioma": "Caatinga",
        "date": "2026-06-04",
        "dias_sem_chuva": 40.0,
        "precipitacao": 0.0,
        "risco_fogo": 1.0,
        "indice": 96.1,
        "classe": "ponto de atenção preventivo"
      },
      "geometry": {
        "type": "Point",
        "coordinates": [
          -43.14613,
          -7.18267
        ]
      }
    },
    {
      "type": "Feature",
      "properties": {
        "municipio": "MATEIROS",
        "estado": "TOCANTINS",
        "bioma": "Cerrado",
        "date": "2026-06-04",
        "dias_sem_chuva": 39.0,
        "precipitacao": 0.0,
        "risco_fogo": 1.0,
        "indice": 95.3,
        "classe": "ponto de atenção preventivo"
      },
      "geometry": {
        "type": "Point",
        "coordinates": [
          -46.30766,
          -10.28249
        ]
      }
    },
    {
      "type": "Feature",
      "properties": {
        "municipio": "MATEIROS",
        "estado": "TOCANTINS",
        "bioma": "Cerrado",
        "date": "2026-06-04",
        "dias_sem_chuva": 39.0,
        "precipitacao": 0.0,
        "risco_fogo": 1.0,
        "indice": 95.3,
        "classe": "ponto de atenção preventivo"
      },
      "geometry": {
        "type": "Point",
        "coordinates": [
          -46.3045,
          -10.27851
        ]
      }
    },
    {
      "type": "Feature",
      "properties": {
        "municipio": "ALVORADA DO GURGUÉIA",
        "estado": "PIAUÍ",
        "bioma": "Cerrado",
        "date": "2026-06-04",
        "dias_sem_chuva": 39.0,
        "precipitacao": 0.0,
        "risco_fogo": 1.0,
        "indice": 95.3,
        "classe": "ponto de atenção preventivo"
      },
      "geometry": {
        "type": "Point",
        "coordinates": [
          -43.95772,
          -8.55651
        ]
      }
    },
    {
      "type": "Feature",
      "properties": {
        "municipio": "FLORIANO",
        "estado": "PIAUÍ",
        "bioma": "Caatinga",
        "date": "2026-06-04",
        "dias_sem_chuva": 39.0,
        "precipitacao": 0.0,
        "risco_fogo": 1.0,
        "indice": 95.3,
        "classe": "ponto de atenção preventivo"
      },
      "geometry": {
        "type": "Point",
        "coordinates": [
          -43.16259,
          -7.14302
        ]
      }
    },
    {
      "type": "Feature",
      "properties": {
        "municipio": "FLORIANO",
        "estado": "PIAUÍ",
        "bioma": "Caatinga",
        "date": "2026-06-04",
        "dias_sem_chuva": 39.0,
        "precipitacao": 0.0,
        "risco_fogo": 1.0,
        "indice": 95.3,
        "classe": "ponto de atenção preventivo"
      },
      "geometry": {
        "type": "Point",
        "coordinates": [
          -43.16297,
          -7.14109
        ]
      }
    },
    {
      "type": "Feature",
      "properties": {
        "municipio": "ALTO PARNAÍBA",
        "estado": "MARANHÃO",
        "bioma": "Cerrado",
        "date": "2026-06-04",
        "dias_sem_chuva": 39.0,
        "precipitacao": 0.0,
        "risco_fogo": 1.0,
        "indice": 95.3,
        "classe": "ponto de atenção preventivo"
      },
      "geometry": {
        "type": "Point",
        "coordinates": [
          -46.28947,
          -10.10717
        ]
      }
    },
    {
      "type": "Feature",
      "properties": {
        "municipio": "ALTO PARNAÍBA",
        "estado": "MARANHÃO",
        "bioma": "Cerrado",
        "date": "2026-06-04",
        "dias_sem_chuva": 39.0,
        "precipitacao": 0.0,
        "risco_fogo": 1.0,
        "indice": 95.3,
        "classe": "ponto de atenção preventivo"
      },
      "geometry": {
        "type": "Point",
        "coordinates": [
          -46.28967,
          -10.11068
        ]
      }
    },
    {
      "type": "Feature",
      "properties": {
        "municipio": "MATEIROS",
        "estado": "TOCANTINS",
        "bioma": "Cerrado",
        "date": "2026-06-04",
        "dias_sem_chuva": 39.0,
        "precipitacao": 0.0,
        "risco_fogo": 1.0,
        "indice": 95.3,
        "classe": "ponto de atenção preventivo"
      },
      "geometry": {
        "type": "Point",
        "coordinates": [
          -46.56105,
          -10.75369
        ]
      }
    },
    {
      "type": "Feature",
      "properties": {
        "municipio": "ALTO PARNAÍBA",
        "estado": "MARANHÃO",
        "bioma": "Cerrado",
        "date": "2026-06-04",
        "dias_sem_chuva": 39.0,
        "precipitacao": 0.0,
        "risco_fogo": 1.0,
        "indice": 95.3,
        "classe": "ponto de atenção preventivo"
      },
      "geometry": {
        "type": "Point",
        "coordinates": [
          -46.29176,
          -10.11276
        ]
      }
    },
    {
      "type": "Feature",
      "properties": {
        "municipio": "MATEIROS",
        "estado": "TOCANTINS",
        "bioma": "Cerrado",
        "date": "2026-06-04",
        "dias_sem_chuva": 39.0,
        "precipitacao": 0.0,
        "risco_fogo": 1.0,
        "indice": 95.3,
        "classe": "ponto de atenção preventivo"
      },
      "geometry": {
        "type": "Point",
        "coordinates": [
          -46.56284,
          -10.74241
        ]
      }
    },
    {
      "type": "Feature",
      "properties": {
        "municipio": "BOM JESUS",
        "estado": "PIAUÍ",
        "bioma": "Cerrado",
        "date": "2026-06-04",
        "dias_sem_chuva": 39.0,
        "precipitacao": 0.0,
        "risco_fogo": 1.0,
        "indice": 95.3,
        "classe": "ponto de atenção preventivo"
      },
      "geometry": {
        "type": "Point",
        "coordinates": [
          -44.78611,
          -9.06708
        ]
      }
    },
    {
      "type": "Feature",
      "properties": {
        "municipio": "ALVORADA DO GURGUÉIA",
        "estado": "PIAUÍ",
        "bioma": "Cerrado",
        "date": "2026-06-04",
        "dias_sem_chuva": 39.0,
        "precipitacao": 0.0,
        "risco_fogo": 1.0,
        "indice": 95.3,
        "classe": "ponto de atenção preventivo"
      },
      "geometry": {
        "type": "Point",
        "coordinates": [
          -43.9569,
          -8.55769
        ]
      }
    },
    {
      "type": "Feature",
      "properties": {
        "municipio": "BAIXA GRANDE DO RIBEIRO",
        "estado": "PIAUÍ",
        "bioma": "Cerrado",
        "date": "2026-06-04",
        "dias_sem_chuva": 39.0,
        "precipitacao": 0.0,
        "risco_fogo": 1.0,
        "indice": 95.3,
        "classe": "ponto de atenção preventivo"
      },
      "geometry": {
        "type": "Point",
        "coordinates": [
          -45.23278,
          -8.63818
        ]
      }
    },
    {
      "type": "Feature",
      "properties": {
        "municipio": "MATEIROS",
        "estado": "TOCANTINS",
        "bioma": "Cerrado",
        "date": "2026-06-04",
        "dias_sem_chuva": 39.0,
        "precipitacao": 0.0,
        "risco_fogo": 1.0,
        "indice": 95.3,
        "classe": "ponto de atenção preventivo"
      },
      "geometry": {
        "type": "Point",
        "coordinates": [
          -46.30256,
          -10.28133
        ]
      }
    },
    {
      "type": "Feature",
      "properties": {
        "municipio": "MATEIROS",
        "estado": "TOCANTINS",
        "bioma": "Cerrado",
        "date": "2026-06-04",
        "dias_sem_chuva": 39.0,
        "precipitacao": 0.0,
        "risco_fogo": 1.0,
        "indice": 95.3,
        "classe": "ponto de atenção preventivo"
      },
      "geometry": {
        "type": "Point",
        "coordinates": [
          -46.30694,
          -10.28186
        ]
      }
    },
    {
      "type": "Feature",
      "properties": {
        "municipio": "ITACAJÁ",
        "estado": "TOCANTINS",
        "bioma": "Cerrado",
        "date": "2026-06-04",
        "dias_sem_chuva": 43.0,
        "precipitacao": 0.0,
        "risco_fogo": 0.94,
        "indice": 95.1,
        "classe": "ponto de atenção preventivo"
      },
      "geometry": {
        "type": "Point",
        "coordinates": [
          -47.46555,
          -8.65499
        ]
      }
    },
    {
      "type": "Feature",
      "properties": {
        "municipio": "ALVORADA DO GURGUÉIA",
        "estado": "PIAUÍ",
        "bioma": "Cerrado",
        "date": "2026-06-04",
        "dias_sem_chuva": 38.0,
        "precipitacao": 0.0,
        "risco_fogo": 1.0,
        "indice": 94.6,
        "classe": "ponto de atenção preventivo"
      },
      "geometry": {
        "type": "Point",
        "coordinates": [
          -43.95792,
          -8.55749
        ]
      }
    },
    {
      "type": "Feature",
      "properties": {
        "municipio": "SANTA FILOMENA",
        "estado": "PIAUÍ",
        "bioma": "Cerrado",
        "date": "2026-06-04",
        "dias_sem_chuva": 43.0,
        "precipitacao": 0.0,
        "risco_fogo": 0.93,
        "indice": 94.6,
        "classe": "ponto de atenção preventivo"
      },
      "geometry": {
        "type": "Point",
        "coordinates": [
          -45.75933,
          -9.0165
        ]
      }
    },
    {
      "type": "Feature",
      "properties": {
        "municipio": "BAIXA GRANDE DO RIBEIRO",
        "estado": "PIAUÍ",
        "bioma": "Cerrado",
        "date": "2026-06-04",
        "dias_sem_chuva": 38.0,
        "precipitacao": 0.0,
        "risco_fogo": 1.0,
        "indice": 94.6,
        "classe": "ponto de atenção preventivo"
      },
      "geometry": {
        "type": "Point",
        "coordinates": [
          -45.22942,
          -8.63382
        ]
      }
    },
    {
      "type": "Feature",
      "properties": {
        "municipio": "BAIXA GRANDE DO RIBEIRO",
        "estado": "PIAUÍ",
        "bioma": "Cerrado",
        "date": "2026-06-04",
        "dias_sem_chuva": 38.0,
        "precipitacao": 0.0,
        "risco_fogo": 1.0,
        "indice": 94.6,
        "classe": "ponto de atenção preventivo"
      },
      "geometry": {
        "type": "Point",
        "coordinates": [
          -45.22853,
          -8.63937
        ]
      }
    },
    {
      "type": "Feature",
      "properties": {
        "municipio": "ITACAJÁ",
        "estado": "TOCANTINS",
        "bioma": "Cerrado",
        "date": "2026-06-04",
        "dias_sem_chuva": 43.0,
        "precipitacao": 0.0,
        "risco_fogo": 0.93,
        "indice": 94.6,
        "classe": "ponto de atenção preventivo"
      },
      "geometry": {
        "type": "Point",
        "coordinates": [
          -47.46435,
          -8.65459
        ]
      }
    },
    {
      "type": "Feature",
      "properties": {
        "municipio": "ALTO PARNAÍBA",
        "estado": "MARANHÃO",
        "bioma": "Cerrado",
        "date": "2026-06-04",
        "dias_sem_chuva": 38.0,
        "precipitacao": 0.0,
        "risco_fogo": 1.0,
        "indice": 94.6,
        "classe": "ponto de atenção preventivo"
      },
      "geometry": {
        "type": "Point",
        "coordinates": [
          -46.29247,
          -10.1077
        ]
      }
    },
    {
      "type": "Feature",
      "properties": {
        "municipio": "CANAVIEIRA",
        "estado": "PIAUÍ",
        "bioma": "Caatinga",
        "date": "2026-06-04",
        "dias_sem_chuva": 37.0,
        "precipitacao": 0.0,
        "risco_fogo": 1.0,
        "indice": 93.8,
        "classe": "ponto de atenção preventivo"
      },
      "geometry": {
        "type": "Point",
        "coordinates": [
          -43.61019,
          -7.26799
        ]
      }
    },
    {
      "type": "Feature",
      "properties": {
        "municipio": "CANAVIEIRA",
        "estado": "PIAUÍ",
        "bioma": "Caatinga",
        "date": "2026-06-04",
        "dias_sem_chuva": 37.0,
        "precipitacao": 0.0,
        "risco_fogo": 1.0,
        "indice": 93.8,
        "classe": "ponto de atenção preventivo"
      },
      "geometry": {
        "type": "Point",
        "coordinates": [
          -43.60897,
          -7.26996
        ]
      }
    },
    {
      "type": "Feature",
      "properties": {
        "municipio": "CANAVIEIRA",
        "estado": "PIAUÍ",
        "bioma": "Caatinga",
        "date": "2026-06-04",
        "dias_sem_chuva": 37.0,
        "precipitacao": 0.0,
        "risco_fogo": 1.0,
        "indice": 93.8,
        "classe": "ponto de atenção preventivo"
      },
      "geometry": {
        "type": "Point",
        "coordinates": [
          -43.60961,
          -7.26517
        ]
      }
    },
    {
      "type": "Feature",
      "properties": {
        "municipio": "SANTA FILOMENA",
        "estado": "PIAUÍ",
        "bioma": "Cerrado",
        "date": "2026-06-04",
        "dias_sem_chuva": 41.0,
        "precipitacao": 0.0,
        "risco_fogo": 0.94,
        "indice": 93.6,
        "classe": "ponto de atenção preventivo"
      },
      "geometry": {
        "type": "Point",
        "coordinates": [
          -45.77758,
          -8.65427
        ]
      }
    },
    {
      "type": "Feature",
      "properties": {
        "municipio": "TASSO FRAGOSO",
        "estado": "MARANHÃO",
        "bioma": "Cerrado",
        "date": "2026-06-04",
        "dias_sem_chuva": 40.0,
        "precipitacao": 0.0,
        "risco_fogo": 0.95,
        "indice": 93.4,
        "classe": "ponto de atenção preventivo"
      },
      "geometry": {
        "type": "Point",
        "coordinates": [
          -46.00177,
          -8.57418
        ]
      }
    },
    {
      "type": "Feature",
      "properties": {
        "municipio": "TASSO FRAGOSO",
        "estado": "MARANHÃO",
        "bioma": "Cerrado",
        "date": "2026-06-04",
        "dias_sem_chuva": 40.0,
        "precipitacao": 0.0,
        "risco_fogo": 0.95,
        "indice": 93.4,
        "classe": "ponto de atenção preventivo"
      },
      "geometry": {
        "type": "Point",
        "coordinates": [
          -46.00126,
          -8.57065
        ]
      }
    },
    {
      "type": "Feature",
      "properties": {
        "municipio": "TASSO FRAGOSO",
        "estado": "MARANHÃO",
        "bioma": "Cerrado",
        "date": "2026-06-04",
        "dias_sem_chuva": 40.0,
        "precipitacao": 0.0,
        "risco_fogo": 0.95,
        "indice": 93.4,
        "classe": "ponto de atenção preventivo"
      },
      "geometry": {
        "type": "Point",
        "coordinates": [
          -45.99725,
          -8.57126
        ]
      }
    },
    {
      "type": "Feature",
      "properties": {
        "municipio": "TASSO FRAGOSO",
        "estado": "MARANHÃO",
        "bioma": "Cerrado",
        "date": "2026-06-04",
        "dias_sem_chuva": 40.0,
        "precipitacao": 0.0,
        "risco_fogo": 0.95,
        "indice": 93.4,
        "classe": "ponto de atenção preventivo"
      },
      "geometry": {
        "type": "Point",
        "coordinates": [
          -45.99778,
          -8.5748
        ]
      }
    },
    {
      "type": "Feature",
      "properties": {
        "municipio": "TASSO FRAGOSO",
        "estado": "MARANHÃO",
        "bioma": "Cerrado",
        "date": "2026-06-04",
        "dias_sem_chuva": 40.0,
        "precipitacao": 0.0,
        "risco_fogo": 0.95,
        "indice": 93.4,
        "classe": "ponto de atenção preventivo"
      },
      "geometry": {
        "type": "Point",
        "coordinates": [
          -45.99829,
          -8.57833
        ]
      }
    },
    {
      "type": "Feature",
      "properties": {
        "municipio": "TASSO FRAGOSO",
        "estado": "MARANHÃO",
        "bioma": "Cerrado",
        "date": "2026-06-04",
        "dias_sem_chuva": 40.0,
        "precipitacao": 0.0,
        "risco_fogo": 0.95,
        "indice": 93.4,
        "classe": "ponto de atenção preventivo"
      },
      "geometry": {
        "type": "Point",
        "coordinates": [
          -45.99793,
          -8.57563
        ]
      }
    },
    {
      "type": "Feature",
      "properties": {
        "municipio": "TASSO FRAGOSO",
        "estado": "MARANHÃO",
        "bioma": "Cerrado",
        "date": "2026-06-04",
        "dias_sem_chuva": 40.0,
        "precipitacao": 0.0,
        "risco_fogo": 0.95,
        "indice": 93.4,
        "classe": "ponto de atenção preventivo"
      },
      "geometry": {
        "type": "Point",
        "coordinates": [
          -45.99985,
          -8.57714
        ]
      }
    },
    {
      "type": "Feature",
      "properties": {
        "municipio": "TASSO FRAGOSO",
        "estado": "MARANHÃO",
        "bioma": "Cerrado",
        "date": "2026-06-04",
        "dias_sem_chuva": 40.0,
        "precipitacao": 0.0,
        "risco_fogo": 0.95,
        "indice": 93.4,
        "classe": "ponto de atenção preventivo"
      },
      "geometry": {
        "type": "Point",
        "coordinates": [
          -45.85408,
          -8.70432
        ]
      }
    },
    {
      "type": "Feature",
      "properties": {
        "municipio": "TASSO FRAGOSO",
        "estado": "MARANHÃO",
        "bioma": "Cerrado",
        "date": "2026-06-04",
        "dias_sem_chuva": 40.0,
        "precipitacao": 0.0,
        "risco_fogo": 0.95,
        "indice": 93.4,
        "classe": "ponto de atenção preventivo"
      },
      "geometry": {
        "type": "Point",
        "coordinates": [
          -46.00185,
          -8.57109
        ]
      }
    },
    {
      "type": "Feature",
      "properties": {
        "municipio": "TASSO FRAGOSO",
        "estado": "MARANHÃO",
        "bioma": "Cerrado",
        "date": "2026-06-04",
        "dias_sem_chuva": 40.0,
        "precipitacao": 0.0,
        "risco_fogo": 0.95,
        "indice": 93.4,
        "classe": "ponto de atenção preventivo"
      },
      "geometry": {
        "type": "Point",
        "coordinates": [
          -45.99926,
          -8.57195
        ]
      }
    },
    {
      "type": "Feature",
      "properties": {
        "municipio": "TASSO FRAGOSO",
        "estado": "MARANHÃO",
        "bioma": "Cerrado",
        "date": "2026-06-04",
        "dias_sem_chuva": 40.0,
        "precipitacao": 0.0,
        "risco_fogo": 0.95,
        "indice": 93.4,
        "classe": "ponto de atenção preventivo"
      },
      "geometry": {
        "type": "Point",
        "coordinates": [
          -45.99602,
          -8.57239
        ]
      }
    },
    {
      "type": "Feature",
      "properties": {
        "municipio": "TASSO FRAGOSO",
        "estado": "MARANHÃO",
        "bioma": "Cerrado",
        "date": "2026-06-04",
        "dias_sem_chuva": 40.0,
        "precipitacao": 0.0,
        "risco_fogo": 0.95,
        "indice": 93.4,
        "classe": "ponto de atenção preventivo"
      },
      "geometry": {
        "type": "Point",
        "coordinates": [
          -46.00165,
          -8.57314
        ]
      }
    },
    {
      "type": "Feature",
      "properties": {
        "municipio": "TASSO FRAGOSO",
        "estado": "MARANHÃO",
        "bioma": "Cerrado",
        "date": "2026-06-04",
        "dias_sem_chuva": 40.0,
        "precipitacao": 0.0,
        "risco_fogo": 0.95,
        "indice": 93.4,
        "classe": "ponto de atenção preventivo"
      },
      "geometry": {
        "type": "Point",
        "coordinates": [
          -45.99727,
          -8.57185
        ]
      }
    },
    {
      "type": "Feature",
      "properties": {
        "municipio": "TASSO FRAGOSO",
        "estado": "MARANHÃO",
        "bioma": "Cerrado",
        "date": "2026-06-04",
        "dias_sem_chuva": 40.0,
        "precipitacao": 0.0,
        "risco_fogo": 0.95,
        "indice": 93.4,
        "classe": "ponto de atenção preventivo"
      },
      "geometry": {
        "type": "Point",
        "coordinates": [
          -45.99662,
          -8.57758
        ]
      }
    },
    {
      "type": "Feature",
      "properties": {
        "municipio": "TASSO FRAGOSO",
        "estado": "MARANHÃO",
        "bioma": "Cerrado",
        "date": "2026-06-04",
        "dias_sem_chuva": 40.0,
        "precipitacao": 0.0,
        "risco_fogo": 0.95,
        "indice": 93.4,
        "classe": "ponto de atenção preventivo"
      },
      "geometry": {
        "type": "Point",
        "coordinates": [
          -46.00251,
          -8.57151
        ]
      }
    },
    {
      "type": "Feature",
      "properties": {
        "municipio": "ANTÔNIO ALMEIDA",
        "estado": "PIAUÍ",
        "bioma": "Cerrado",
        "date": "2026-06-04",
        "dias_sem_chuva": 36.0,
        "precipitacao": 0.0,
        "risco_fogo": 1.0,
        "indice": 93.0,
        "classe": "ponto de atenção preventivo"
      },
      "geometry": {
        "type": "Point",
        "coordinates": [
          -44.20092,
          -7.22427
        ]
      }
    },
    {
      "type": "Feature",
      "properties": {
        "municipio": "ALTO PARNAÍBA",
        "estado": "MARANHÃO",
        "bioma": "Cerrado",
        "date": "2026-06-04",
        "dias_sem_chuva": 43.0,
        "precipitacao": 0.0,
        "risco_fogo": 0.9,
        "indice": 92.9,
        "classe": "ponto de atenção preventivo"
      },
      "geometry": {
        "type": "Point",
        "coordinates": [
          -46.06356,
          -9.47104
        ]
      }
    },
    {
      "type": "Feature",
      "properties": {
        "municipio": "TASSO FRAGOSO",
        "estado": "MARANHÃO",
        "bioma": "Cerrado",
        "date": "2026-06-04",
        "dias_sem_chuva": 40.0,
        "precipitacao": 0.0,
        "risco_fogo": 0.94,
        "indice": 92.8,
        "classe": "ponto de atenção preventivo"
      },
      "geometry": {
        "type": "Point",
        "coordinates": [
          -45.99378,
          -8.57541
        ]
      }
    },
    {
      "type": "Feature",
      "properties": {
        "municipio": "TASSO FRAGOSO",
        "estado": "MARANHÃO",
        "bioma": "Cerrado",
        "date": "2026-06-04",
        "dias_sem_chuva": 40.0,
        "precipitacao": 0.0,
        "risco_fogo": 0.94,
        "indice": 92.8,
        "classe": "ponto de atenção preventivo"
      },
      "geometry": {
        "type": "Point",
        "coordinates": [
          -45.99862,
          -8.57941
        ]
      }
    },
    {
      "type": "Feature",
      "properties": {
        "municipio": "TASSO FRAGOSO",
        "estado": "MARANHÃO",
        "bioma": "Cerrado",
        "date": "2026-06-04",
        "dias_sem_chuva": 40.0,
        "precipitacao": 0.0,
        "risco_fogo": 0.94,
        "indice": 92.8,
        "classe": "ponto de atenção preventivo"
      },
      "geometry": {
        "type": "Point",
        "coordinates": [
          -45.99337,
          -8.57639
        ]
      }
    },
    {
      "type": "Feature",
      "properties": {
        "municipio": "RIO SONO",
        "estado": "TOCANTINS",
        "bioma": "Cerrado",
        "date": "2026-06-04",
        "dias_sem_chuva": 37.0,
        "precipitacao": 0.0,
        "risco_fogo": 0.98,
        "indice": 92.7,
        "classe": "ponto de atenção preventivo"
      },
      "geometry": {
        "type": "Point",
        "coordinates": [
          -47.740601,
          -9.5256
        ]
      }
    },
    {
      "type": "Feature",
      "properties": {
        "municipio": "TASSO FRAGOSO",
        "estado": "MARANHÃO",
        "bioma": "Cerrado",
        "date": "2026-06-04",
        "dias_sem_chuva": 40.0,
        "precipitacao": 0.0,
        "risco_fogo": 0.93,
        "indice": 92.3,
        "classe": "ponto de atenção preventivo"
      },
      "geometry": {
        "type": "Point",
        "coordinates": [
          -45.81609,
          -8.63128
        ]
      }
    },
    {
      "type": "Feature",
      "properties": {
        "municipio": "ÁGUA BOA",
        "estado": "MATO GROSSO",
        "bioma": "Cerrado",
        "date": "2026-06-04",
        "dias_sem_chuva": 35.0,
        "precipitacao": 0.0,
        "risco_fogo": 1.0,
        "indice": 92.2,
        "classe": "ponto de atenção preventivo"
      },
      "geometry": {
        "type": "Point",
        "coordinates": [
          -53.01648,
          -13.72905
        ]
      }
    },
    {
      "type": "Feature",
      "properties": {
        "municipio": "BALSAS",
        "estado": "MARANHÃO",
        "bioma": "Cerrado",
        "date": "2026-06-04",
        "dias_sem_chuva": 35.0,
        "precipitacao": 0.0,
        "risco_fogo": 1.0,
        "indice": 92.2,
        "classe": "ponto de atenção preventivo"
      },
      "geometry": {
        "type": "Point",
        "coordinates": [
          -46.63051,
          -8.68847
        ]
      }
    },
    {
      "type": "Feature",
      "properties": {
        "municipio": "RIO SONO",
        "estado": "TOCANTINS",
        "bioma": "Cerrado",
        "date": "2026-06-04",
        "dias_sem_chuva": 36.0,
        "precipitacao": 0.0,
        "risco_fogo": 0.98,
        "indice": 91.9,
        "classe": "ponto de atenção preventivo"
      },
      "geometry": {
        "type": "Point",
        "coordinates": [
          -47.751598,
          -9.5283
        ]
      }
    },
    {
      "type": "Feature",
      "properties": {
        "municipio": "TASSO FRAGOSO",
        "estado": "MARANHÃO",
        "bioma": "Cerrado",
        "date": "2026-06-04",
        "dias_sem_chuva": 40.0,
        "precipitacao": 0.0,
        "risco_fogo": 0.92,
        "indice": 91.7,
        "classe": "ponto de atenção preventivo"
      },
      "geometry": {
        "type": "Point",
        "coordinates": [
          -45.81598,
          -8.62699
        ]
      }
    },
    {
      "type": "Feature",
      "properties": {
        "municipio": "ITACAJÁ",
        "estado": "TOCANTINS",
        "bioma": "Cerrado",
        "date": "2026-06-04",
        "dias_sem_chuva": 42.0,
        "precipitacao": 0.0,
        "risco_fogo": 0.89,
        "indice": 91.6,
        "classe": "ponto de atenção preventivo"
      },
      "geometry": {
        "type": "Point",
        "coordinates": [
          -47.4652,
          -8.64829
        ]
      }
    },
    {
      "type": "Feature",
      "properties": {
        "municipio": "BALSAS",
        "estado": "MARANHÃO",
        "bioma": "Cerrado",
        "date": "2026-06-04",
        "dias_sem_chuva": 34.0,
        "precipitacao": 0.0,
        "risco_fogo": 1.0,
        "indice": 91.4,
        "classe": "ponto de atenção preventivo"
      },
      "geometry": {
        "type": "Point",
        "coordinates": [
          -46.04066,
          -7.97955
        ]
      }
    },
    {
      "type": "Feature",
      "properties": {
        "municipio": "RIO SONO",
        "estado": "TOCANTINS",
        "bioma": "Cerrado",
        "date": "2026-06-04",
        "dias_sem_chuva": 36.0,
        "precipitacao": 0.0,
        "risco_fogo": 0.97,
        "indice": 91.4,
        "classe": "ponto de atenção preventivo"
      },
      "geometry": {
        "type": "Point",
        "coordinates": [
          -47.7538,
          -9.53095
        ]
      }
    },
    {
      "type": "Feature",
      "properties": {
        "municipio": "BALSAS",
        "estado": "MARANHÃO",
        "bioma": "Cerrado",
        "date": "2026-06-04",
        "dias_sem_chuva": 34.0,
        "precipitacao": 0.0,
        "risco_fogo": 1.0,
        "indice": 91.4,
        "classe": "ponto de atenção preventivo"
      },
      "geometry": {
        "type": "Point",
        "coordinates": [
          -46.04081,
          -7.98211
        ]
      }
    },
    {
      "type": "Feature",
      "properties": {
        "municipio": "RIO SONO",
        "estado": "TOCANTINS",
        "bioma": "Cerrado",
        "date": "2026-06-04",
        "dias_sem_chuva": 36.0,
        "precipitacao": 0.0,
        "risco_fogo": 0.97,
        "indice": 91.4,
        "classe": "ponto de atenção preventivo"
      },
      "geometry": {
        "type": "Point",
        "coordinates": [
          -47.75379,
          -9.53266
        ]
      }
    },
    {
      "type": "Feature",
      "properties": {
        "municipio": "RIO SONO",
        "estado": "TOCANTINS",
        "bioma": "Cerrado",
        "date": "2026-06-04",
        "dias_sem_chuva": 36.0,
        "precipitacao": 0.0,
        "risco_fogo": 0.97,
        "indice": 91.4,
        "classe": "ponto de atenção preventivo"
      },
      "geometry": {
        "type": "Point",
        "coordinates": [
          -47.75414,
          -9.53089
        ]
      }
    },
    {
      "type": "Feature",
      "properties": {
        "municipio": "RIO SONO",
        "estado": "TOCANTINS",
        "bioma": "Cerrado",
        "date": "2026-06-04",
        "dias_sem_chuva": 36.0,
        "precipitacao": 0.0,
        "risco_fogo": 0.97,
        "indice": 91.4,
        "classe": "ponto de atenção preventivo"
      },
      "geometry": {
        "type": "Point",
        "coordinates": [
          -47.75574,
          -9.53211
        ]
      }
    },
    {
      "type": "Feature",
      "properties": {
        "municipio": "RIO SONO",
        "estado": "TOCANTINS",
        "bioma": "Cerrado",
        "date": "2026-06-04",
        "dias_sem_chuva": 36.0,
        "precipitacao": 0.0,
        "risco_fogo": 0.97,
        "indice": 91.4,
        "classe": "ponto de atenção preventivo"
      },
      "geometry": {
        "type": "Point",
        "coordinates": [
          -47.75302,
          -9.52851
        ]
      }
    },
    {
      "type": "Feature",
      "properties": {
        "municipio": "RIO SONO",
        "estado": "TOCANTINS",
        "bioma": "Cerrado",
        "date": "2026-06-04",
        "dias_sem_chuva": 36.0,
        "precipitacao": 0.0,
        "risco_fogo": 0.97,
        "indice": 91.4,
        "classe": "ponto de atenção preventivo"
      },
      "geometry": {
        "type": "Point",
        "coordinates": [
          -47.75738,
          -9.5304
        ]
      }
    },
    {
      "type": "Feature",
      "properties": {
        "municipio": "BALSAS",
        "estado": "MARANHÃO",
        "bioma": "Cerrado",
        "date": "2026-06-04",
        "dias_sem_chuva": 34.0,
        "precipitacao": 0.0,
        "risco_fogo": 1.0,
        "indice": 91.4,
        "classe": "ponto de atenção preventivo"
      },
      "geometry": {
        "type": "Point",
        "coordinates": [
          -46.03981,
          -7.97978
        ]
      }
    },
    {
      "type": "Feature",
      "properties": {
        "municipio": "RIO SONO",
        "estado": "TOCANTINS",
        "bioma": "Cerrado",
        "date": "2026-06-04",
        "dias_sem_chuva": 36.0,
        "precipitacao": 0.0,
        "risco_fogo": 0.97,
        "indice": 91.4,
        "classe": "ponto de atenção preventivo"
      },
      "geometry": {
        "type": "Point",
        "coordinates": [
          -47.75512,
          -9.52746
        ]
      }
    },
    {
      "type": "Feature",
      "properties": {
        "municipio": "ALTO PARNAÍBA",
        "estado": "MARANHÃO",
        "bioma": "Cerrado",
        "date": "2026-06-04",
        "dias_sem_chuva": 43.0,
        "precipitacao": 0.0,
        "risco_fogo": 0.87,
        "indice": 91.3,
        "classe": "ponto de atenção preventivo"
      },
      "geometry": {
        "type": "Point",
        "coordinates": [
          -46.06246,
          -9.47075
        ]
      }
    },
    {
      "type": "Feature",
      "properties": {
        "municipio": "TASSO FRAGOSO",
        "estado": "MARANHÃO",
        "bioma": "Cerrado",
        "date": "2026-06-04",
        "dias_sem_chuva": 40.0,
        "precipitacao": 0.0,
        "risco_fogo": 0.91,
        "indice": 91.2,
        "classe": "ponto de atenção preventivo"
      },
      "geometry": {
        "type": "Point",
        "coordinates": [
          -45.82049,
          -8.63683
        ]
      }
    },
    {
      "type": "Feature",
      "properties": {
        "municipio": "ALTO PARNAÍBA",
        "estado": "MARANHÃO",
        "bioma": "Cerrado",
        "date": "2026-06-04",
        "dias_sem_chuva": 39.0,
        "precipitacao": 0.0,
        "risco_fogo": 0.92,
        "indice": 90.9,
        "classe": "ponto de atenção preventivo"
      },
      "geometry": {
        "type": "Point",
        "coordinates": [
          -46.28703,
          -10.10331
        ]
      }
    },
    {
      "type": "Feature",
      "properties": {
        "municipio": "FLORIANO",
        "estado": "PIAUÍ",
        "bioma": "Caatinga",
        "date": "2026-06-04",
        "dias_sem_chuva": 33.0,
        "precipitacao": 0.0,
        "risco_fogo": 1.0,
        "indice": 90.7,
        "classe": "ponto de atenção preventivo"
      },
      "geometry": {
        "type": "Point",
        "coordinates": [
          -43.33667,
          -6.89579
        ]
      }
    },
    {
      "type": "Feature",
      "properties": {
        "municipio": "FLORIANO",
        "estado": "PIAUÍ",
        "bioma": "Caatinga",
        "date": "2026-06-04",
        "dias_sem_chuva": 33.0,
        "precipitacao": 0.0,
        "risco_fogo": 1.0,
        "indice": 90.7,
        "classe": "ponto de atenção preventivo"
      },
      "geometry": {
        "type": "Point",
        "coordinates": [
          -43.33784,
          -6.89736
        ]
      }
    },
    {
      "type": "Feature",
      "properties": {
        "municipio": "RIO SONO",
        "estado": "TOCANTINS",
        "bioma": "Cerrado",
        "date": "2026-06-04",
        "dias_sem_chuva": 35.0,
        "precipitacao": 0.0,
        "risco_fogo": 0.97,
        "indice": 90.6,
        "classe": "ponto de atenção preventivo"
      },
      "geometry": {
        "type": "Point",
        "coordinates": [
          -47.75795,
          -9.53024
        ]
      }
    },
    {
      "type": "Feature",
      "properties": {
        "municipio": "RIO SONO",
        "estado": "TOCANTINS",
        "bioma": "Cerrado",
        "date": "2026-06-04",
        "dias_sem_chuva": 35.0,
        "precipitacao": 0.0,
        "risco_fogo": 0.97,
        "indice": 90.6,
        "classe": "ponto de atenção preventivo"
      },
      "geometry": {
        "type": "Point",
        "coordinates": [
          -47.7576,
          -9.53199
        ]
      }
    },
    {
      "type": "Feature",
      "properties": {
        "municipio": "ITACAJÁ",
        "estado": "TOCANTINS",
        "bioma": "Cerrado",
        "date": "2026-06-04",
        "dias_sem_chuva": 42.0,
        "precipitacao": 0.0,
        "risco_fogo": 0.87,
        "indice": 90.5,
        "classe": "ponto de atenção preventivo"
      },
      "geometry": {
        "type": "Point",
        "coordinates": [
          -47.45517,
          -8.64703
        ]
      }
    },
    {
      "type": "Feature",
      "properties": {
        "municipio": "ITACAJÁ",
        "estado": "TOCANTINS",
        "bioma": "Cerrado",
        "date": "2026-06-04",
        "dias_sem_chuva": 42.0,
        "precipitacao": 0.0,
        "risco_fogo": 0.87,
        "indice": 90.5,
        "classe": "ponto de atenção preventivo"
      },
      "geometry": {
        "type": "Point",
        "coordinates": [
          -47.4602,
          -8.64766
        ]
      }
    },
    {
      "type": "Feature",
      "properties": {
        "municipio": "SANTANA DO ARAGUAIA",
        "estado": "PARÁ",
        "bioma": "Amazônia",
        "date": "2026-06-04",
        "dias_sem_chuva": 32.0,
        "precipitacao": 0.0,
        "risco_fogo": 1.0,
        "indice": 89.9,
        "classe": "ponto de atenção preventivo"
      },
      "geometry": {
        "type": "Point",
        "coordinates": [
          -50.26036,
          -9.51555
        ]
      }
    },
    {
      "type": "Feature",
      "properties": {
        "municipio": "FLORIANO",
        "estado": "PIAUÍ",
        "bioma": "Caatinga",
        "date": "2026-06-04",
        "dias_sem_chuva": 32.0,
        "precipitacao": 0.0,
        "risco_fogo": 1.0,
        "indice": 89.9,
        "classe": "ponto de atenção preventivo"
      },
      "geometry": {
        "type": "Point",
        "coordinates": [
          -42.88434,
          -6.98607
        ]
      }
    },
    {
      "type": "Feature",
      "properties": {
        "municipio": "FLORIANO",
        "estado": "PIAUÍ",
        "bioma": "Caatinga",
        "date": "2026-06-04",
        "dias_sem_chuva": 32.0,
        "precipitacao": 0.0,
        "risco_fogo": 1.0,
        "indice": 89.9,
        "classe": "ponto de atenção preventivo"
      },
      "geometry": {
        "type": "Point",
        "coordinates": [
          -42.88305,
          -6.99038
        ]
      }
    },
    {
      "type": "Feature",
      "properties": {
        "municipio": "FLORIANO",
        "estado": "PIAUÍ",
        "bioma": "Caatinga",
        "date": "2026-06-04",
        "dias_sem_chuva": 32.0,
        "precipitacao": 0.0,
        "risco_fogo": 1.0,
        "indice": 89.9,
        "classe": "ponto de atenção preventivo"
      },
      "geometry": {
        "type": "Point",
        "coordinates": [
          -42.88684,
          -6.98773
        ]
      }
    },
    {
      "type": "Feature",
      "properties": {
        "municipio": "FLORIANO",
        "estado": "PIAUÍ",
        "bioma": "Caatinga",
        "date": "2026-06-04",
        "dias_sem_chuva": 32.0,
        "precipitacao": 0.0,
        "risco_fogo": 1.0,
        "indice": 89.9,
        "classe": "ponto de atenção preventivo"
      },
      "geometry": {
        "type": "Point",
        "coordinates": [
          -42.88575,
          -6.9879
        ]
      }
    },
    {
      "type": "Feature",
      "properties": {
        "municipio": "FLORIANO",
        "estado": "PIAUÍ",
        "bioma": "Caatinga",
        "date": "2026-06-04",
        "dias_sem_chuva": 32.0,
        "precipitacao": 0.0,
        "risco_fogo": 1.0,
        "indice": 89.9,
        "classe": "ponto de atenção preventivo"
      },
      "geometry": {
        "type": "Point",
        "coordinates": [
          -42.88431,
          -6.9883
        ]
      }
    },
    {
      "type": "Feature",
      "properties": {
        "municipio": "SANTANA DO ARAGUAIA",
        "estado": "PARÁ",
        "bioma": "Amazônia",
        "date": "2026-06-04",
        "dias_sem_chuva": 32.0,
        "precipitacao": 0.0,
        "risco_fogo": 1.0,
        "indice": 89.9,
        "classe": "ponto de atenção preventivo"
      },
      "geometry": {
        "type": "Point",
        "coordinates": [
          -50.26344,
          -9.5148
        ]
      }
    },
    {
      "type": "Feature",
      "properties": {
        "municipio": "FLORIANO",
        "estado": "PIAUÍ",
        "bioma": "Caatinga",
        "date": "2026-06-04",
        "dias_sem_chuva": 32.0,
        "precipitacao": 0.0,
        "risco_fogo": 1.0,
        "indice": 89.9,
        "classe": "ponto de atenção preventivo"
      },
      "geometry": {
        "type": "Point",
        "coordinates": [
          -42.87689,
          -6.98966
        ]
      }
    },
    {
      "type": "Feature",
      "properties": {
        "municipio": "FLORIANO",
        "estado": "PIAUÍ",
        "bioma": "Caatinga",
        "date": "2026-06-04",
        "dias_sem_chuva": 32.0,
        "precipitacao": 0.0,
        "risco_fogo": 1.0,
        "indice": 89.9,
        "classe": "ponto de atenção preventivo"
      },
      "geometry": {
        "type": "Point",
        "coordinates": [
          -42.88805,
          -6.98552
        ]
      }
    },
    {
      "type": "Feature",
      "properties": {
        "municipio": "SANTANA DO ARAGUAIA",
        "estado": "PARÁ",
        "bioma": "Amazônia",
        "date": "2026-06-04",
        "dias_sem_chuva": 32.0,
        "precipitacao": 0.0,
        "risco_fogo": 1.0,
        "indice": 89.9,
        "classe": "ponto de atenção preventivo"
      },
      "geometry": {
        "type": "Point",
        "coordinates": [
          -50.26031,
          -9.51691
        ]
      }
    },
    {
      "type": "Feature",
      "properties": {
        "municipio": "SANTANA DO ARAGUAIA",
        "estado": "PARÁ",
        "bioma": "Amazônia",
        "date": "2026-06-04",
        "dias_sem_chuva": 32.0,
        "precipitacao": 0.0,
        "risco_fogo": 1.0,
        "indice": 89.9,
        "classe": "ponto de atenção preventivo"
      },
      "geometry": {
        "type": "Point",
        "coordinates": [
          -50.26093,
          -9.51894
        ]
      }
    },
    {
      "type": "Feature",
      "properties": {
        "municipio": "SANTANA DO ARAGUAIA",
        "estado": "PARÁ",
        "bioma": "Amazônia",
        "date": "2026-06-04",
        "dias_sem_chuva": 32.0,
        "precipitacao": 0.0,
        "risco_fogo": 1.0,
        "indice": 89.9,
        "classe": "ponto de atenção preventivo"
      },
      "geometry": {
        "type": "Point",
        "coordinates": [
          -50.26402,
          -9.51496
        ]
      }
    },
    {
      "type": "Feature",
      "properties": {
        "municipio": "FLORIANO",
        "estado": "PIAUÍ",
        "bioma": "Caatinga",
        "date": "2026-06-04",
        "dias_sem_chuva": 32.0,
        "precipitacao": 0.0,
        "risco_fogo": 1.0,
        "indice": 89.9,
        "classe": "ponto de atenção preventivo"
      },
      "geometry": {
        "type": "Point",
        "coordinates": [
          -42.88484,
          -6.99199
        ]
      }
    },
    {
      "type": "Feature",
      "properties": {
        "municipio": "FLORIANO",
        "estado": "PIAUÍ",
        "bioma": "Caatinga",
        "date": "2026-06-04",
        "dias_sem_chuva": 32.0,
        "precipitacao": 0.0,
        "risco_fogo": 1.0,
        "indice": 89.9,
        "classe": "ponto de atenção preventivo"
      },
      "geometry": {
        "type": "Point",
        "coordinates": [
          -42.87748,
          -6.99132
        ]
      }
    },
    {
      "type": "Feature",
      "properties": {
        "municipio": "FLORIANO",
        "estado": "PIAUÍ",
        "bioma": "Caatinga",
        "date": "2026-06-04",
        "dias_sem_chuva": 32.0,
        "precipitacao": 0.0,
        "risco_fogo": 1.0,
        "indice": 89.9,
        "classe": "ponto de atenção preventivo"
      },
      "geometry": {
        "type": "Point",
        "coordinates": [
          -42.88865,
          -6.98965
        ]
      }
    },
    {
      "type": "Feature",
      "properties": {
        "municipio": "GUADALUPE",
        "estado": "PIAUÍ",
        "bioma": "Cerrado",
        "date": "2026-06-04",
        "dias_sem_chuva": 32.0,
        "precipitacao": 0.0,
        "risco_fogo": 1.0,
        "indice": 89.9,
        "classe": "ponto de atenção preventivo"
      },
      "geometry": {
        "type": "Point",
        "coordinates": [
          -43.62383,
          -6.91039
        ]
      }
    },
    {
      "type": "Feature",
      "properties": {
        "municipio": "FLORIANO",
        "estado": "PIAUÍ",
        "bioma": "Caatinga",
        "date": "2026-06-04",
        "dias_sem_chuva": 32.0,
        "precipitacao": 0.0,
        "risco_fogo": 1.0,
        "indice": 89.9,
        "classe": "ponto de atenção preventivo"
      },
      "geometry": {
        "type": "Point",
        "coordinates": [
          -42.88493,
          -6.99021
        ]
      }
    },
    {
      "type": "Feature",
      "properties": {
        "municipio": "FLORIANO",
        "estado": "PIAUÍ",
        "bioma": "Caatinga",
        "date": "2026-06-04",
        "dias_sem_chuva": 32.0,
        "precipitacao": 0.0,
        "risco_fogo": 1.0,
        "indice": 89.9,
        "classe": "ponto de atenção preventivo"
      },
      "geometry": {
        "type": "Point",
        "coordinates": [
          -42.87332,
          -6.99023
        ]
      }
    },
    {
      "type": "Feature",
      "properties": {
        "municipio": "FLORIANO",
        "estado": "PIAUÍ",
        "bioma": "Caatinga",
        "date": "2026-06-04",
        "dias_sem_chuva": 32.0,
        "precipitacao": 0.0,
        "risco_fogo": 1.0,
        "indice": 89.9,
        "classe": "ponto de atenção preventivo"
      },
      "geometry": {
        "type": "Point",
        "coordinates": [
          -42.88629,
          -6.98094
        ]
      }
    },
    {
      "type": "Feature",
      "properties": {
        "municipio": "JERUMENHA",
        "estado": "PIAUÍ",
        "bioma": "Caatinga",
        "date": "2026-06-04",
        "dias_sem_chuva": 32.0,
        "precipitacao": 0.0,
        "risco_fogo": 1.0,
        "indice": 89.9,
        "classe": "ponto de atenção preventivo"
      },
      "geometry": {
        "type": "Point",
        "coordinates": [
          -43.41303,
          -7.10603
        ]
      }
    },
    {
      "type": "Feature",
      "properties": {
        "municipio": "FLORIANO",
        "estado": "PIAUÍ",
        "bioma": "Caatinga",
        "date": "2026-06-04",
        "dias_sem_chuva": 32.0,
        "precipitacao": 0.0,
        "risco_fogo": 1.0,
        "indice": 89.9,
        "classe": "ponto de atenção preventivo"
      },
      "geometry": {
        "type": "Point",
        "coordinates": [
          -42.87865,
          -6.9892
        ]
      }
    },
    {
      "type": "Feature",
      "properties": {
        "municipio": "FLORIANO",
        "estado": "PIAUÍ",
        "bioma": "Caatinga",
        "date": "2026-06-04",
        "dias_sem_chuva": 32.0,
        "precipitacao": 0.0,
        "risco_fogo": 1.0,
        "indice": 89.9,
        "classe": "ponto de atenção preventivo"
      },
      "geometry": {
        "type": "Point",
        "coordinates": [
          -42.87223,
          -6.99368
        ]
      }
    },
    {
      "type": "Feature",
      "properties": {
        "municipio": "FLORIANO",
        "estado": "PIAUÍ",
        "bioma": "Caatinga",
        "date": "2026-06-04",
        "dias_sem_chuva": 32.0,
        "precipitacao": 0.0,
        "risco_fogo": 1.0,
        "indice": 89.9,
        "classe": "ponto de atenção preventivo"
      },
      "geometry": {
        "type": "Point",
        "coordinates": [
          -42.8876,
          -6.98795
        ]
      }
    },
    {
      "type": "Feature",
      "properties": {
        "municipio": "FLORIANO",
        "estado": "PIAUÍ",
        "bioma": "Caatinga",
        "date": "2026-06-04",
        "dias_sem_chuva": 32.0,
        "precipitacao": 0.0,
        "risco_fogo": 1.0,
        "indice": 89.9,
        "classe": "ponto de atenção preventivo"
      },
      "geometry": {
        "type": "Point",
        "coordinates": [
          -42.88795,
          -6.98971
        ]
      }
    },
    {
      "type": "Feature",
      "properties": {
        "municipio": "FLORIANO",
        "estado": "PIAUÍ",
        "bioma": "Caatinga",
        "date": "2026-06-04",
        "dias_sem_chuva": 32.0,
        "precipitacao": 0.0,
        "risco_fogo": 1.0,
        "indice": 89.9,
        "classe": "ponto de atenção preventivo"
      },
      "geometry": {
        "type": "Point",
        "coordinates": [
          -42.88715,
          -6.9835
        ]
      }
    },
    {
      "type": "Feature",
      "properties": {
        "municipio": "FLORIANO",
        "estado": "PIAUÍ",
        "bioma": "Caatinga",
        "date": "2026-06-04",
        "dias_sem_chuva": 32.0,
        "precipitacao": 0.0,
        "risco_fogo": 1.0,
        "indice": 89.9,
        "classe": "ponto de atenção preventivo"
      },
      "geometry": {
        "type": "Point",
        "coordinates": [
          -42.87813,
          -6.99104
        ]
      }
    },
    {
      "type": "Feature",
      "properties": {
        "municipio": "FLORIANO",
        "estado": "PIAUÍ",
        "bioma": "Caatinga",
        "date": "2026-06-04",
        "dias_sem_chuva": 32.0,
        "precipitacao": 0.0,
        "risco_fogo": 1.0,
        "indice": 89.9,
        "classe": "ponto de atenção preventivo"
      },
      "geometry": {
        "type": "Point",
        "coordinates": [
          -42.88767,
          -6.98803
        ]
      }
    },
    {
      "type": "Feature",
      "properties": {
        "municipio": "FLORIANO",
        "estado": "PIAUÍ",
        "bioma": "Caatinga",
        "date": "2026-06-04",
        "dias_sem_chuva": 32.0,
        "precipitacao": 0.0,
        "risco_fogo": 1.0,
        "indice": 89.9,
        "classe": "ponto de atenção preventivo"
      },
      "geometry": {
        "type": "Point",
        "coordinates": [
          -42.88559,
          -6.98764
        ]
      }
    },
    {
      "type": "Feature",
      "properties": {
        "municipio": "FLORIANO",
        "estado": "PIAUÍ",
        "bioma": "Caatinga",
        "date": "2026-06-04",
        "dias_sem_chuva": 32.0,
        "precipitacao": 0.0,
        "risco_fogo": 1.0,
        "indice": 89.9,
        "classe": "ponto de atenção preventivo"
      },
      "geometry": {
        "type": "Point",
        "coordinates": [
          -42.87844,
          -6.98614
        ]
      }
    },
    {
      "type": "Feature",
      "properties": {
        "municipio": "FLORIANO",
        "estado": "PIAUÍ",
        "bioma": "Caatinga",
        "date": "2026-06-04",
        "dias_sem_chuva": 32.0,
        "precipitacao": 0.0,
        "risco_fogo": 1.0,
        "indice": 89.9,
        "classe": "ponto de atenção preventivo"
      },
      "geometry": {
        "type": "Point",
        "coordinates": [
          -42.88533,
          -6.98483
        ]
      }
    },
    {
      "type": "Feature",
      "properties": {
        "municipio": "SANTANA DO ARAGUAIA",
        "estado": "PARÁ",
        "bioma": "Amazônia",
        "date": "2026-06-04",
        "dias_sem_chuva": 32.0,
        "precipitacao": 0.0,
        "risco_fogo": 1.0,
        "indice": 89.9,
        "classe": "ponto de atenção preventivo"
      },
      "geometry": {
        "type": "Point",
        "coordinates": [
          -50.2616,
          -9.51345
        ]
      }
    },
    {
      "type": "Feature",
      "properties": {
        "municipio": "SANTANA DO ARAGUAIA",
        "estado": "PARÁ",
        "bioma": "Amazônia",
        "date": "2026-06-04",
        "dias_sem_chuva": 32.0,
        "precipitacao": 0.0,
        "risco_fogo": 1.0,
        "indice": 89.9,
        "classe": "ponto de atenção preventivo"
      },
      "geometry": {
        "type": "Point",
        "coordinates": [
          -50.2625,
          -9.51838
        ]
      }
    },
    {
      "type": "Feature",
      "properties": {
        "municipio": "FLORIANO",
        "estado": "PIAUÍ",
        "bioma": "Caatinga",
        "date": "2026-06-04",
        "dias_sem_chuva": 32.0,
        "precipitacao": 0.0,
        "risco_fogo": 1.0,
        "indice": 89.9,
        "classe": "ponto de atenção preventivo"
      },
      "geometry": {
        "type": "Point",
        "coordinates": [
          -42.874,
          -6.99071
        ]
      }
    },
    {
      "type": "Feature",
      "properties": {
        "municipio": "FLORIANO",
        "estado": "PIAUÍ",
        "bioma": "Caatinga",
        "date": "2026-06-04",
        "dias_sem_chuva": 32.0,
        "precipitacao": 0.0,
        "risco_fogo": 1.0,
        "indice": 89.9,
        "classe": "ponto de atenção preventivo"
      },
      "geometry": {
        "type": "Point",
        "coordinates": [
          -42.88287,
          -6.98706
        ]
      }
    },
    {
      "type": "Feature",
      "properties": {
        "municipio": "FLORIANO",
        "estado": "PIAUÍ",
        "bioma": "Caatinga",
        "date": "2026-06-04",
        "dias_sem_chuva": 32.0,
        "precipitacao": 0.0,
        "risco_fogo": 1.0,
        "indice": 89.9,
        "classe": "ponto de atenção preventivo"
      },
      "geometry": {
        "type": "Point",
        "coordinates": [
          -42.87318,
          -6.99172
        ]
      }
    },
    {
      "type": "Feature",
      "properties": {
        "municipio": "FLORIANO",
        "estado": "PIAUÍ",
        "bioma": "Caatinga",
        "date": "2026-06-04",
        "dias_sem_chuva": 32.0,
        "precipitacao": 0.0,
        "risco_fogo": 1.0,
        "indice": 89.9,
        "classe": "ponto de atenção preventivo"
      },
      "geometry": {
        "type": "Point",
        "coordinates": [
          -42.88031,
          -6.98722
        ]
      }
    },
    {
      "type": "Feature",
      "properties": {
        "municipio": "FLORIANO",
        "estado": "PIAUÍ",
        "bioma": "Caatinga",
        "date": "2026-06-04",
        "dias_sem_chuva": 32.0,
        "precipitacao": 0.0,
        "risco_fogo": 1.0,
        "indice": 89.9,
        "classe": "ponto de atenção preventivo"
      },
      "geometry": {
        "type": "Point",
        "coordinates": [
          -42.88541,
          -6.98745
        ]
      }
    },
    {
      "type": "Feature",
      "properties": {
        "municipio": "APARECIDA DO RIO NEGRO",
        "estado": "TOCANTINS",
        "bioma": "Cerrado",
        "date": "2026-06-04",
        "dias_sem_chuva": 40.0,
        "precipitacao": 0.0,
        "risco_fogo": 0.88,
        "indice": 89.5,
        "classe": "ponto de atenção preventivo"
      },
      "geometry": {
        "type": "Point",
        "coordinates": [
          -47.85782,
          -9.89109
        ]
      }
    },
    {
      "type": "Feature",
      "properties": {
        "municipio": "LAGOA DA CONFUSÃO",
        "estado": "TOCANTINS",
        "bioma": "Cerrado",
        "date": "2026-06-04",
        "dias_sem_chuva": 31.0,
        "precipitacao": 0.0,
        "risco_fogo": 1.0,
        "indice": 89.1,
        "classe": "ponto de atenção preventivo"
      },
      "geometry": {
        "type": "Point",
        "coordinates": [
          -49.74498,
          -10.84626
        ]
      }
    },
    {
      "type": "Feature",
      "properties": {
        "municipio": "LAGOA DA CONFUSÃO",
        "estado": "TOCANTINS",
        "bioma": "Cerrado",
        "date": "2026-06-04",
        "dias_sem_chuva": 31.0,
        "precipitacao": 0.0,
        "risco_fogo": 1.0,
        "indice": 89.1,
        "classe": "ponto de atenção preventivo"
      },
      "geometry": {
        "type": "Point",
        "coordinates": [
          -49.74928,
          -10.84707
        ]
      }
    },
    {
      "type": "Feature",
      "properties": {
        "municipio": "SANTANA DO ARAGUAIA",
        "estado": "PARÁ",
        "bioma": "Amazônia",
        "date": "2026-06-04",
        "dias_sem_chuva": 31.0,
        "precipitacao": 0.0,
        "risco_fogo": 1.0,
        "indice": 89.1,
        "classe": "ponto de atenção preventivo"
      },
      "geometry": {
        "type": "Point",
        "coordinates": [
          -50.26432,
          -9.51973
        ]
      }
    },
    {
      "type": "Feature",
      "properties": {
        "municipio": "LAGOA DA CONFUSÃO",
        "estado": "TOCANTINS",
        "bioma": "Cerrado",
        "date": "2026-06-04",
        "dias_sem_chuva": 31.0,
        "precipitacao": 0.0,
        "risco_fogo": 1.0,
        "indice": 89.1,
        "classe": "ponto de atenção preventivo"
      },
      "geometry": {
        "type": "Point",
        "coordinates": [
          -49.74399,
          -10.85028
        ]
      }
    },
    {
      "type": "Feature",
      "properties": {
        "municipio": "LAGOA DA CONFUSÃO",
        "estado": "TOCANTINS",
        "bioma": "Cerrado",
        "date": "2026-06-04",
        "dias_sem_chuva": 31.0,
        "precipitacao": 0.0,
        "risco_fogo": 1.0,
        "indice": 89.1,
        "classe": "ponto de atenção preventivo"
      },
      "geometry": {
        "type": "Point",
        "coordinates": [
          -49.74509,
          -10.8444
        ]
      }
    },
    {
      "type": "Feature",
      "properties": {
        "municipio": "LAGOA DA CONFUSÃO",
        "estado": "TOCANTINS",
        "bioma": "Cerrado",
        "date": "2026-06-04",
        "dias_sem_chuva": 31.0,
        "precipitacao": 0.0,
        "risco_fogo": 1.0,
        "indice": 89.1,
        "classe": "ponto de atenção preventivo"
      },
      "geometry": {
        "type": "Point",
        "coordinates": [
          -49.7461,
          -10.84039
        ]
      }
    },
    {
      "type": "Feature",
      "properties": {
        "municipio": "LAGOA DA CONFUSÃO",
        "estado": "TOCANTINS",
        "bioma": "Cerrado",
        "date": "2026-06-04",
        "dias_sem_chuva": 31.0,
        "precipitacao": 0.0,
        "risco_fogo": 1.0,
        "indice": 89.1,
        "classe": "ponto de atenção preventivo"
      },
      "geometry": {
        "type": "Point",
        "coordinates": [
          -49.74724,
          -10.83452
        ]
      }
    },
    {
      "type": "Feature",
      "properties": {
        "municipio": "LUCIARA",
        "estado": "MATO GROSSO",
        "bioma": "Cerrado",
        "date": "2026-06-04",
        "dias_sem_chuva": 31.0,
        "precipitacao": 0.0,
        "risco_fogo": 1.0,
        "indice": 89.1,
        "classe": "ponto de atenção preventivo"
      },
      "geometry": {
        "type": "Point",
        "coordinates": [
          -50.97592,
          -11.00402
        ]
      }
    },
    {
      "type": "Feature",
      "properties": {
        "municipio": "LAGOA DA CONFUSÃO",
        "estado": "TOCANTINS",
        "bioma": "Cerrado",
        "date": "2026-06-04",
        "dias_sem_chuva": 31.0,
        "precipitacao": 0.0,
        "risco_fogo": 1.0,
        "indice": 89.1,
        "classe": "ponto de atenção preventivo"
      },
      "geometry": {
        "type": "Point",
        "coordinates": [
          -49.74619,
          -10.83853
        ]
      }
    },
    {
      "type": "Feature",
      "properties": {
        "municipio": "SEBASTIÃO LEAL",
        "estado": "PIAUÍ",
        "bioma": "Cerrado",
        "date": "2026-06-04",
        "dias_sem_chuva": 31.0,
        "precipitacao": 0.0,
        "risco_fogo": 1.0,
        "indice": 89.1,
        "classe": "ponto de atenção preventivo"
      },
      "geometry": {
        "type": "Point",
        "coordinates": [
          -44.31137,
          -7.34269
        ]
      }
    },
    {
      "type": "Feature",
      "properties": {
        "municipio": "LANDRI SALES",
        "estado": "PIAUÍ",
        "bioma": "Cerrado",
        "date": "2026-06-04",
        "dias_sem_chuva": 32.0,
        "precipitacao": 0.0,
        "risco_fogo": 0.98,
        "indice": 88.8,
        "classe": "ponto de atenção preventivo"
      },
      "geometry": {
        "type": "Point",
        "coordinates": [
          -44.00325,
          -7.30047
        ]
      }
    },
    {
      "type": "Feature",
      "properties": {
        "municipio": "LUCIARA",
        "estado": "MATO GROSSO",
        "bioma": "Cerrado",
        "date": "2026-06-04",
        "dias_sem_chuva": 30.0,
        "precipitacao": 0.0,
        "risco_fogo": 1.0,
        "indice": 88.3,
        "classe": "ponto de atenção preventivo"
      },
      "geometry": {
        "type": "Point",
        "coordinates": [
          -50.98402,
          -11.00912
        ]
      }
    },
    {
      "type": "Feature",
      "properties": {
        "municipio": "LUCIARA",
        "estado": "MATO GROSSO",
        "bioma": "Cerrado",
        "date": "2026-06-04",
        "dias_sem_chuva": 30.0,
        "precipitacao": 0.0,
        "risco_fogo": 1.0,
        "indice": 88.3,
        "classe": "ponto de atenção preventivo"
      },
      "geometry": {
        "type": "Point",
        "coordinates": [
          -50.99145,
          -11.00044
        ]
      }
    },
    {
      "type": "Feature",
      "properties": {
        "municipio": "LUCIARA",
        "estado": "MATO GROSSO",
        "bioma": "Cerrado",
        "date": "2026-06-04",
        "dias_sem_chuva": 30.0,
        "precipitacao": 0.0,
        "risco_fogo": 1.0,
        "indice": 88.3,
        "classe": "ponto de atenção preventivo"
      },
      "geometry": {
        "type": "Point",
        "coordinates": [
          -50.99308,
          -11.00065
        ]
      }
    },
    {
      "type": "Feature",
      "properties": {
        "municipio": "LUCIARA",
        "estado": "MATO GROSSO",
        "bioma": "Cerrado",
        "date": "2026-06-04",
        "dias_sem_chuva": 30.0,
        "precipitacao": 0.0,
        "risco_fogo": 1.0,
        "indice": 88.3,
        "classe": "ponto de atenção preventivo"
      },
      "geometry": {
        "type": "Point",
        "coordinates": [
          -50.98239,
          -11.00993
        ]
      }
    },
    {
      "type": "Feature",
      "properties": {
        "municipio": "LUCIARA",
        "estado": "MATO GROSSO",
        "bioma": "Cerrado",
        "date": "2026-06-04",
        "dias_sem_chuva": 30.0,
        "precipitacao": 0.0,
        "risco_fogo": 1.0,
        "indice": 88.3,
        "classe": "ponto de atenção preventivo"
      },
      "geometry": {
        "type": "Point",
        "coordinates": [
          -51.01449,
          -10.96475
        ]
      }
    },
    {
      "type": "Feature",
      "properties": {
        "municipio": "SANTA FILOMENA",
        "estado": "PIAUÍ",
        "bioma": "Cerrado",
        "date": "2026-06-04",
        "dias_sem_chuva": 43.0,
        "precipitacao": 0.0,
        "risco_fogo": 0.81,
        "indice": 88.0,
        "classe": "ponto de atenção preventivo"
      },
      "geometry": {
        "type": "Point",
        "coordinates": [
          -45.76166,
          -9.01993
        ]
      }
    },
    {
      "type": "Feature",
      "properties": {
        "municipio": "APARECIDA DO RIO NEGRO",
        "estado": "TOCANTINS",
        "bioma": "Cerrado",
        "date": "2026-06-04",
        "dias_sem_chuva": 40.0,
        "precipitacao": 0.0,
        "risco_fogo": 0.85,
        "indice": 87.9,
        "classe": "ponto de atenção preventivo"
      },
      "geometry": {
        "type": "Point",
        "coordinates": [
          -47.85537,
          -9.89263
        ]
      }
    },
    {
      "type": "Feature",
      "properties": {
        "municipio": "APARECIDA DO RIO NEGRO",
        "estado": "TOCANTINS",
        "bioma": "Cerrado",
        "date": "2026-06-04",
        "dias_sem_chuva": 40.0,
        "precipitacao": 0.0,
        "risco_fogo": 0.85,
        "indice": 87.9,
        "classe": "ponto de atenção preventivo"
      },
      "geometry": {
        "type": "Point",
        "coordinates": [
          -47.85604,
          -9.8927
        ]
      }
    },
    {
      "type": "Feature",
      "properties": {
        "municipio": "BURITIS",
        "estado": "MINAS GERAIS",
        "bioma": "Cerrado",
        "date": "2026-06-04",
        "dias_sem_chuva": 29.0,
        "precipitacao": 0.0,
        "risco_fogo": 1.0,
        "indice": 87.6,
        "classe": "ponto de atenção preventivo"
      },
      "geometry": {
        "type": "Point",
        "coordinates": [
          -46.33339,
          -15.43601
        ]
      }
    },
    {
      "type": "Feature",
      "properties": {
        "municipio": "LUCIARA",
        "estado": "MATO GROSSO",
        "bioma": "Cerrado",
        "date": "2026-06-04",
        "dias_sem_chuva": 29.0,
        "precipitacao": 0.0,
        "risco_fogo": 1.0,
        "indice": 87.6,
        "classe": "ponto de atenção preventivo"
      },
      "geometry": {
        "type": "Point",
        "coordinates": [
          -51.00201,
          -11.00198
        ]
      }
    },
    {
      "type": "Feature",
      "properties": {
        "municipio": "BURITIS",
        "estado": "MINAS GERAIS",
        "bioma": "Cerrado",
        "date": "2026-06-04",
        "dias_sem_chuva": 29.0,
        "precipitacao": 0.0,
        "risco_fogo": 1.0,
        "indice": 87.6,
        "classe": "ponto de atenção preventivo"
      },
      "geometry": {
        "type": "Point",
        "coordinates": [
          -46.33231,
          -15.4363
        ]
      }
    },
    {
      "type": "Feature",
      "properties": {
        "municipio": "LUCIARA",
        "estado": "MATO GROSSO",
        "bioma": "Cerrado",
        "date": "2026-06-04",
        "dias_sem_chuva": 29.0,
        "precipitacao": 0.0,
        "risco_fogo": 1.0,
        "indice": 87.6,
        "classe": "ponto de atenção preventivo"
      },
      "geometry": {
        "type": "Point",
        "coordinates": [
          -51.02394,
          -10.97829
        ]
      }
    },
    {
      "type": "Feature",
      "properties": {
        "municipio": "LUCIARA",
        "estado": "MATO GROSSO",
        "bioma": "Cerrado",
        "date": "2026-06-04",
        "dias_sem_chuva": 29.0,
        "precipitacao": 0.0,
        "risco_fogo": 1.0,
        "indice": 87.6,
        "classe": "ponto de atenção preventivo"
      },
      "geometry": {
        "type": "Point",
        "coordinates": [
          -51.02342,
          -10.96607
        ]
      }
    },
    {
      "type": "Feature",
      "properties": {
        "municipio": "RIO SONO",
        "estado": "TOCANTINS",
        "bioma": "Cerrado",
        "date": "2026-06-04",
        "dias_sem_chuva": 31.0,
        "precipitacao": 0.1,
        "risco_fogo": 0.97,
        "indice": 87.4,
        "classe": "ponto de atenção preventivo"
      },
      "geometry": {
        "type": "Point",
        "coordinates": [
          -47.87748,
          -9.44232
        ]
      }
    },
    {
      "type": "Feature",
      "properties": {
        "municipio": "SANTA FILOMENA",
        "estado": "PIAUÍ",
        "bioma": "Cerrado",
        "date": "2026-06-04",
        "dias_sem_chuva": 43.0,
        "precipitacao": 0.0,
        "risco_fogo": 0.8,
        "indice": 87.4,
        "classe": "ponto de atenção preventivo"
      },
      "geometry": {
        "type": "Point",
        "coordinates": [
          -45.7605,
          -9.01947
        ]
      }
    },
    {
      "type": "Feature",
      "properties": {
        "municipio": "ALTO PARNAÍBA",
        "estado": "MARANHÃO",
        "bioma": "Cerrado",
        "date": "2026-06-04",
        "dias_sem_chuva": 43.0,
        "precipitacao": 0.0,
        "risco_fogo": 0.79,
        "indice": 86.9,
        "classe": "ponto de atenção preventivo"
      },
      "geometry": {
        "type": "Point",
        "coordinates": [
          -46.06301,
          -9.46749
        ]
      }
    },
    {
      "type": "Feature",
      "properties": {
        "municipio": "ALTO PARNAÍBA",
        "estado": "MARANHÃO",
        "bioma": "Cerrado",
        "date": "2026-06-04",
        "dias_sem_chuva": 28.0,
        "precipitacao": 0.0,
        "risco_fogo": 1.0,
        "indice": 86.8,
        "classe": "ponto de atenção preventivo"
      },
      "geometry": {
        "type": "Point",
        "coordinates": [
          -46.22888,
          -10.0111
        ]
      }
    },
    {
      "type": "Feature",
      "properties": {
        "municipio": "BURITIS",
        "estado": "MINAS GERAIS",
        "bioma": "Cerrado",
        "date": "2026-06-04",
        "dias_sem_chuva": 28.0,
        "precipitacao": 0.0,
        "risco_fogo": 1.0,
        "indice": 86.8,
        "classe": "ponto de atenção preventivo"
      },
      "geometry": {
        "type": "Point",
        "coordinates": [
          -46.33345,
          -15.43836
        ]
      }
    },
    {
      "type": "Feature",
      "properties": {
        "municipio": "BURITIS",
        "estado": "MINAS GERAIS",
        "bioma": "Cerrado",
        "date": "2026-06-04",
        "dias_sem_chuva": 28.0,
        "precipitacao": 0.0,
        "risco_fogo": 1.0,
        "indice": 86.8,
        "classe": "ponto de atenção preventivo"
      },
      "geometry": {
        "type": "Point",
        "coordinates": [
          -46.33524,
          -15.438
        ]
      }
    },
    {
      "type": "Feature",
      "properties": {
        "municipio": "NOVA NAZARÉ",
        "estado": "MATO GROSSO",
        "bioma": "Cerrado",
        "date": "2026-06-04",
        "dias_sem_chuva": 28.0,
        "precipitacao": 0.0,
        "risco_fogo": 1.0,
        "indice": 86.8,
        "classe": "ponto de atenção preventivo"
      },
      "geometry": {
        "type": "Point",
        "coordinates": [
          -51.86268,
          -14.00925
        ]
      }
    },
    {
      "type": "Feature",
      "properties": {
        "municipio": "ALTO PARNAÍBA",
        "estado": "MARANHÃO",
        "bioma": "Cerrado",
        "date": "2026-06-04",
        "dias_sem_chuva": 43.0,
        "precipitacao": 0.0,
        "risco_fogo": 0.78,
        "indice": 86.3,
        "classe": "ponto de atenção preventivo"
      },
      "geometry": {
        "type": "Point",
        "coordinates": [
          -46.0573,
          -9.46774
        ]
      }
    },
    {
      "type": "Feature",
      "properties": {
        "municipio": "APARECIDA DO RIO NEGRO",
        "estado": "TOCANTINS",
        "bioma": "Cerrado",
        "date": "2026-06-04",
        "dias_sem_chuva": 40.0,
        "precipitacao": 0.0,
        "risco_fogo": 0.82,
        "indice": 86.2,
        "classe": "ponto de atenção preventivo"
      },
      "geometry": {
        "type": "Point",
        "coordinates": [
          -47.8577,
          -9.89408
        ]
      }
    },
    {
      "type": "Feature",
      "properties": {
        "municipio": "COUTO MAGALHÃES",
        "estado": "TOCANTINS",
        "bioma": "Cerrado",
        "date": "2026-06-04",
        "dias_sem_chuva": 30.0,
        "precipitacao": 0.0,
        "risco_fogo": 0.96,
        "indice": 86.1,
        "classe": "ponto de atenção preventivo"
      },
      "geometry": {
        "type": "Point",
        "coordinates": [
          -49.24997,
          -8.60707
        ]
      }
    },
    {
      "type": "Feature",
      "properties": {
        "municipio": "NOVA NAZARÉ",
        "estado": "MATO GROSSO",
        "bioma": "Cerrado",
        "date": "2026-06-04",
        "dias_sem_chuva": 27.0,
        "precipitacao": 0.0,
        "risco_fogo": 1.0,
        "indice": 86.0,
        "classe": "ponto de atenção preventivo"
      },
      "geometry": {
        "type": "Point",
        "coordinates": [
          -51.86516,
          -14.0088
        ]
      }
    },
    {
      "type": "Feature",
      "properties": {
        "municipio": "LAGOA DA CONFUSÃO",
        "estado": "TOCANTINS",
        "bioma": "Cerrado",
        "date": "2026-06-04",
        "dias_sem_chuva": 27.0,
        "precipitacao": 0.0,
        "risco_fogo": 1.0,
        "indice": 86.0,
        "classe": "ponto de atenção preventivo"
      },
      "geometry": {
        "type": "Point",
        "coordinates": [
          -49.94956,
          -10.9282
        ]
      }
    },
    {
      "type": "Feature",
      "properties": {
        "municipio": "LAGOA DA CONFUSÃO",
        "estado": "TOCANTINS",
        "bioma": "Cerrado",
        "date": "2026-06-04",
        "dias_sem_chuva": 27.0,
        "precipitacao": 0.0,
        "risco_fogo": 1.0,
        "indice": 86.0,
        "classe": "ponto de atenção preventivo"
      },
      "geometry": {
        "type": "Point",
        "coordinates": [
          -49.95267,
          -10.91816
        ]
      }
    },
    {
      "type": "Feature",
      "properties": {
        "municipio": "CASA NOVA",
        "estado": "BAHIA",
        "bioma": "Caatinga",
        "date": "2026-06-04",
        "dias_sem_chuva": 27.0,
        "precipitacao": 0.0,
        "risco_fogo": 1.0,
        "indice": 86.0,
        "classe": "ponto de atenção preventivo"
      },
      "geometry": {
        "type": "Point",
        "coordinates": [
          -40.99307,
          -9.01095
        ]
      }
    },
    {
      "type": "Feature",
      "properties": {
        "municipio": "LAGOA DA CONFUSÃO",
        "estado": "TOCANTINS",
        "bioma": "Cerrado",
        "date": "2026-06-04",
        "dias_sem_chuva": 27.0,
        "precipitacao": 0.0,
        "risco_fogo": 1.0,
        "indice": 86.0,
        "classe": "ponto de atenção preventivo"
      },
      "geometry": {
        "type": "Point",
        "coordinates": [
          -49.95281,
          -10.91876
        ]
      }
    },
    {
      "type": "Feature",
      "properties": {
        "municipio": "LAGOA DA CONFUSÃO",
        "estado": "TOCANTINS",
        "bioma": "Cerrado",
        "date": "2026-06-04",
        "dias_sem_chuva": 27.0,
        "precipitacao": 0.0,
        "risco_fogo": 1.0,
        "indice": 86.0,
        "classe": "ponto de atenção preventivo"
      },
      "geometry": {
        "type": "Point",
        "coordinates": [
          -49.95216,
          -10.92161
        ]
      }
    },
    {
      "type": "Feature",
      "properties": {
        "municipio": "LAGOA DA CONFUSÃO",
        "estado": "TOCANTINS",
        "bioma": "Cerrado",
        "date": "2026-06-04",
        "dias_sem_chuva": 27.0,
        "precipitacao": 0.0,
        "risco_fogo": 1.0,
        "indice": 86.0,
        "classe": "ponto de atenção preventivo"
      },
      "geometry": {
        "type": "Point",
        "coordinates": [
          -49.95164,
          -10.92505
        ]
      }
    },
    {
      "type": "Feature",
      "properties": {
        "municipio": "LAGOA DA CONFUSÃO",
        "estado": "TOCANTINS",
        "bioma": "Cerrado",
        "date": "2026-06-04",
        "dias_sem_chuva": 27.0,
        "precipitacao": 0.0,
        "risco_fogo": 1.0,
        "indice": 86.0,
        "classe": "ponto de atenção preventivo"
      },
      "geometry": {
        "type": "Point",
        "coordinates": [
          -49.95332,
          -10.91532
        ]
      }
    },
    {
      "type": "Feature",
      "properties": {
        "municipio": "CASA NOVA",
        "estado": "BAHIA",
        "bioma": "Caatinga",
        "date": "2026-06-04",
        "dias_sem_chuva": 27.0,
        "precipitacao": 0.0,
        "risco_fogo": 1.0,
        "indice": 86.0,
        "classe": "ponto de atenção preventivo"
      },
      "geometry": {
        "type": "Point",
        "coordinates": [
          -40.99522,
          -9.01049
        ]
      }
    },
    {
      "type": "Feature",
      "properties": {
        "municipio": "LAGOA DA CONFUSÃO",
        "estado": "TOCANTINS",
        "bioma": "Cerrado",
        "date": "2026-06-04",
        "dias_sem_chuva": 27.0,
        "precipitacao": 0.0,
        "risco_fogo": 1.0,
        "indice": 86.0,
        "classe": "ponto de atenção preventivo"
      },
      "geometry": {
        "type": "Point",
        "coordinates": [
          -49.9495,
          -10.91475
        ]
      }
    },
    {
      "type": "Feature",
      "properties": {
        "municipio": "LAGOA DA CONFUSÃO",
        "estado": "TOCANTINS",
        "bioma": "Cerrado",
        "date": "2026-06-04",
        "dias_sem_chuva": 27.0,
        "precipitacao": 0.0,
        "risco_fogo": 1.0,
        "indice": 86.0,
        "classe": "ponto de atenção preventivo"
      },
      "geometry": {
        "type": "Point",
        "coordinates": [
          -49.95113,
          -10.9285
        ]
      }
    },
    {
      "type": "Feature",
      "properties": {
        "municipio": "NOVA NAZARÉ",
        "estado": "MATO GROSSO",
        "bioma": "Cerrado",
        "date": "2026-06-04",
        "dias_sem_chuva": 27.0,
        "precipitacao": 0.0,
        "risco_fogo": 1.0,
        "indice": 86.0,
        "classe": "ponto de atenção preventivo"
      },
      "geometry": {
        "type": "Point",
        "coordinates": [
          -51.86311,
          -14.00881
        ]
      }
    },
    {
      "type": "Feature",
      "properties": {
        "municipio": "ALTO PARNAÍBA",
        "estado": "MARANHÃO",
        "bioma": "Cerrado",
        "date": "2026-06-04",
        "dias_sem_chuva": 27.0,
        "precipitacao": 0.0,
        "risco_fogo": 1.0,
        "indice": 86.0,
        "classe": "ponto de atenção preventivo"
      },
      "geometry": {
        "type": "Point",
        "coordinates": [
          -46.13808,
          -9.5113
        ]
      }
    },
    {
      "type": "Feature",
      "properties": {
        "municipio": "ALTO PARNAÍBA",
        "estado": "MARANHÃO",
        "bioma": "Cerrado",
        "date": "2026-06-04",
        "dias_sem_chuva": 27.0,
        "precipitacao": 0.0,
        "risco_fogo": 1.0,
        "indice": 86.0,
        "classe": "ponto de atenção preventivo"
      },
      "geometry": {
        "type": "Point",
        "coordinates": [
          -46.22857,
          -10.00755
        ]
      }
    },
    {
      "type": "Feature",
      "properties": {
        "municipio": "GAÚCHA DO NORTE",
        "estado": "MATO GROSSO",
        "bioma": "Amazônia",
        "date": "2026-06-04",
        "dias_sem_chuva": 27.0,
        "precipitacao": 0.0,
        "risco_fogo": 1.0,
        "indice": 86.0,
        "classe": "ponto de atenção preventivo"
      },
      "geometry": {
        "type": "Point",
        "coordinates": [
          -52.9771,
          -12.7065
        ]
      }
    },
    {
      "type": "Feature",
      "properties": {
        "municipio": "LAGOA DA CONFUSÃO",
        "estado": "TOCANTINS",
        "bioma": "Cerrado",
        "date": "2026-06-04",
        "dias_sem_chuva": 27.0,
        "precipitacao": 0.0,
        "risco_fogo": 1.0,
        "indice": 86.0,
        "classe": "ponto de atenção preventivo"
      },
      "geometry": {
        "type": "Point",
        "coordinates": [
          -49.95223,
          -10.91262
        ]
      }
    },
    {
      "type": "Feature",
      "properties": {
        "municipio": "LAGOA DA CONFUSÃO",
        "estado": "TOCANTINS",
        "bioma": "Cerrado",
        "date": "2026-06-04",
        "dias_sem_chuva": 27.0,
        "precipitacao": 0.0,
        "risco_fogo": 1.0,
        "indice": 86.0,
        "classe": "ponto de atenção preventivo"
      },
      "geometry": {
        "type": "Point",
        "coordinates": [
          -49.95001,
          -10.91131
        ]
      }
    },
    {
      "type": "Feature",
      "properties": {
        "municipio": "LAGOA DA CONFUSÃO",
        "estado": "TOCANTINS",
        "bioma": "Cerrado",
        "date": "2026-06-04",
        "dias_sem_chuva": 27.0,
        "precipitacao": 0.0,
        "risco_fogo": 1.0,
        "indice": 86.0,
        "classe": "ponto de atenção preventivo"
      },
      "geometry": {
        "type": "Point",
        "coordinates": [
          -49.95586,
          -10.92125
        ]
      }
    },
    {
      "type": "Feature",
      "properties": {
        "municipio": "ALTO PARNAÍBA",
        "estado": "MARANHÃO",
        "bioma": "Cerrado",
        "date": "2026-06-04",
        "dias_sem_chuva": 27.0,
        "precipitacao": 0.0,
        "risco_fogo": 1.0,
        "indice": 86.0,
        "classe": "ponto de atenção preventivo"
      },
      "geometry": {
        "type": "Point",
        "coordinates": [
          -46.13726,
          -9.51218
        ]
      }
    },
    {
      "type": "Feature",
      "properties": {
        "municipio": "CASA NOVA",
        "estado": "BAHIA",
        "bioma": "Caatinga",
        "date": "2026-06-04",
        "dias_sem_chuva": 27.0,
        "precipitacao": 0.0,
        "risco_fogo": 1.0,
        "indice": 86.0,
        "classe": "ponto de atenção preventivo"
      },
      "geometry": {
        "type": "Point",
        "coordinates": [
          -40.99234,
          -9.01268
        ]
      }
    },
    {
      "type": "Feature",
      "properties": {
        "municipio": "GAÚCHA DO NORTE",
        "estado": "MATO GROSSO",
        "bioma": "Amazônia",
        "date": "2026-06-04",
        "dias_sem_chuva": 27.0,
        "precipitacao": 0.0,
        "risco_fogo": 1.0,
        "indice": 86.0,
        "classe": "ponto de atenção preventivo"
      },
      "geometry": {
        "type": "Point",
        "coordinates": [
          -52.9771,
          -12.7065
        ]
      }
    },
    {
      "type": "Feature",
      "properties": {
        "municipio": "LAGOA DA CONFUSÃO",
        "estado": "TOCANTINS",
        "bioma": "Cerrado",
        "date": "2026-06-04",
        "dias_sem_chuva": 27.0,
        "precipitacao": 0.0,
        "risco_fogo": 1.0,
        "indice": 86.0,
        "classe": "ponto de atenção preventivo"
      },
      "geometry": {
        "type": "Point",
        "coordinates": [
          -49.95156,
          -10.91652
        ]
      }
    },
    {
      "type": "Feature",
      "properties": {
        "municipio": "CASA NOVA",
        "estado": "BAHIA",
        "bioma": "Caatinga",
        "date": "2026-06-04",
        "dias_sem_chuva": 27.0,
        "precipitacao": 0.0,
        "risco_fogo": 1.0,
        "indice": 86.0,
        "classe": "ponto de atenção preventivo"
      },
      "geometry": {
        "type": "Point",
        "coordinates": [
          -40.99602,
          -9.0132
        ]
      }
    },
    {
      "type": "Feature",
      "properties": {
        "municipio": "GAÚCHA DO NORTE",
        "estado": "MATO GROSSO",
        "bioma": "Amazônia",
        "date": "2026-06-04",
        "dias_sem_chuva": 27.0,
        "precipitacao": 0.0,
        "risco_fogo": 1.0,
        "indice": 86.0,
        "classe": "ponto de atenção preventivo"
      },
      "geometry": {
        "type": "Point",
        "coordinates": [
          -52.9771,
          -12.7065
        ]
      }
    },
    {
      "type": "Feature",
      "properties": {
        "municipio": "GAÚCHA DO NORTE",
        "estado": "MATO GROSSO",
        "bioma": "Amazônia",
        "date": "2026-06-04",
        "dias_sem_chuva": 27.0,
        "precipitacao": 0.0,
        "risco_fogo": 1.0,
        "indice": 86.0,
        "classe": "ponto de atenção preventivo"
      },
      "geometry": {
        "type": "Point",
        "coordinates": [
          -52.9771,
          -12.7065
        ]
      }
    },
    {
      "type": "Feature",
      "properties": {
        "municipio": "LAGOA DA CONFUSÃO",
        "estado": "TOCANTINS",
        "bioma": "Cerrado",
        "date": "2026-06-04",
        "dias_sem_chuva": 27.0,
        "precipitacao": 0.0,
        "risco_fogo": 1.0,
        "indice": 86.0,
        "classe": "ponto de atenção preventivo"
      },
      "geometry": {
        "type": "Point",
        "coordinates": [
          -49.9506,
          -10.91468
        ]
      }
    },
    {
      "type": "Feature",
      "properties": {
        "municipio": "RIO PARDO DE MINAS",
        "estado": "MINAS GERAIS",
        "bioma": "Mata Atlântica",
        "date": "2026-06-04",
        "dias_sem_chuva": 50.0,
        "precipitacao": 0.0,
        "risco_fogo": 0.74,
        "indice": 85.7,
        "classe": "ponto de atenção preventivo"
      },
      "geometry": {
        "type": "Point",
        "coordinates": [
          -42.62258,
          -15.95044
        ]
      }
    },
    {
      "type": "Feature",
      "properties": {
        "municipio": "BOM JESUS DA LAPA",
        "estado": "BAHIA",
        "bioma": "Caatinga",
        "date": "2026-06-04",
        "dias_sem_chuva": 26.0,
        "precipitacao": 0.07,
        "risco_fogo": 1.0,
        "indice": 85.2,
        "classe": "ponto de atenção preventivo"
      },
      "geometry": {
        "type": "Point",
        "coordinates": [
          -43.35689,
          -13.19682
        ]
      }
    },
    {
      "type": "Feature",
      "properties": {
        "municipio": "TOCANTÍNIA",
        "estado": "TOCANTINS",
        "bioma": "Cerrado",
        "date": "2026-06-04",
        "dias_sem_chuva": 30.0,
        "precipitacao": 0.0,
        "risco_fogo": 0.94,
        "indice": 85.0,
        "classe": "ponto de atenção preventivo"
      },
      "geometry": {
        "type": "Point",
        "coordinates": [
          -48.32869,
          -9.36471
        ]
      }
    },
    {
      "type": "Feature",
      "properties": {
        "municipio": "SANTA RITA DO TOCANTINS",
        "estado": "TOCANTINS",
        "bioma": "Cerrado",
        "date": "2026-06-04",
        "dias_sem_chuva": 27.0,
        "precipitacao": 0.0,
        "risco_fogo": 0.97,
        "indice": 84.4,
        "classe": "ponto de atenção preventivo"
      },
      "geometry": {
        "type": "Point",
        "coordinates": [
          -49.61663,
          -11.04734
        ]
      }
    },
    {
      "type": "Feature",
      "properties": {
        "municipio": "LUCIARA",
        "estado": "MATO GROSSO",
        "bioma": "Cerrado",
        "date": "2026-06-04",
        "dias_sem_chuva": 25.0,
        "precipitacao": 0.0,
        "risco_fogo": 1.0,
        "indice": 84.4,
        "classe": "ponto de atenção preventivo"
      },
      "geometry": {
        "type": "Point",
        "coordinates": [
          -51.22762,
          -11.00443
        ]
      }
    },
    {
      "type": "Feature",
      "properties": {
        "municipio": "TASSO FRAGOSO",
        "estado": "MARANHÃO",
        "bioma": "Cerrado",
        "date": "2026-06-04",
        "dias_sem_chuva": 25.0,
        "precipitacao": 0.0,
        "risco_fogo": 1.0,
        "indice": 84.4,
        "classe": "ponto de atenção preventivo"
      },
      "geometry": {
        "type": "Point",
        "coordinates": [
          -46.09686,
          -8.23093
        ]
      }
    },
    {
      "type": "Feature",
      "properties": {
        "municipio": "LORETO",
        "estado": "MARANHÃO",
        "bioma": "Cerrado",
        "date": "2026-06-04",
        "dias_sem_chuva": 25.0,
        "precipitacao": 0.0,
        "risco_fogo": 1.0,
        "indice": 84.4,
        "classe": "ponto de atenção preventivo"
      },
      "geometry": {
        "type": "Point",
        "coordinates": [
          -45.00999,
          -6.75529
        ]
      }
    },
    {
      "type": "Feature",
      "properties": {
        "municipio": "APARECIDA DO RIO NEGRO",
        "estado": "TOCANTINS",
        "bioma": "Cerrado",
        "date": "2026-06-04",
        "dias_sem_chuva": 39.0,
        "precipitacao": 0.0,
        "risco_fogo": 0.8,
        "indice": 84.3,
        "classe": "ponto de atenção preventivo"
      },
      "geometry": {
        "type": "Point",
        "coordinates": [
          -47.86053,
          -9.89622
        ]
      }
    },
    {
      "type": "Feature",
      "properties": {
        "municipio": "TOCANTÍNIA",
        "estado": "TOCANTINS",
        "bioma": "Cerrado",
        "date": "2026-06-04",
        "dias_sem_chuva": 29.0,
        "precipitacao": 0.0,
        "risco_fogo": 0.94,
        "indice": 84.3,
        "classe": "ponto de atenção preventivo"
      },
      "geometry": {
        "type": "Point",
        "coordinates": [
          -48.32818,
          -9.36801
        ]
      }
    },
    {
      "type": "Feature",
      "properties": {
        "municipio": "APARECIDA DO RIO NEGRO",
        "estado": "TOCANTINS",
        "bioma": "Cerrado",
        "date": "2026-06-04",
        "dias_sem_chuva": 39.0,
        "precipitacao": 0.0,
        "risco_fogo": 0.8,
        "indice": 84.3,
        "classe": "ponto de atenção preventivo"
      },
      "geometry": {
        "type": "Point",
        "coordinates": [
          -47.86102,
          -9.89656
        ]
      }
    },
    {
      "type": "Feature",
      "properties": {
        "municipio": "APARECIDA DO RIO NEGRO",
        "estado": "TOCANTINS",
        "bioma": "Cerrado",
        "date": "2026-06-04",
        "dias_sem_chuva": 39.0,
        "precipitacao": 0.0,
        "risco_fogo": 0.8,
        "indice": 84.3,
        "classe": "ponto de atenção preventivo"
      },
      "geometry": {
        "type": "Point",
        "coordinates": [
          -47.86182,
          -9.89688
        ]
      }
    },
    {
      "type": "Feature",
      "properties": {
        "municipio": "APARECIDA DO RIO NEGRO",
        "estado": "TOCANTINS",
        "bioma": "Cerrado",
        "date": "2026-06-04",
        "dias_sem_chuva": 39.0,
        "precipitacao": 0.0,
        "risco_fogo": 0.8,
        "indice": 84.3,
        "classe": "ponto de atenção preventivo"
      },
      "geometry": {
        "type": "Point",
        "coordinates": [
          -47.85851,
          -9.89573
        ]
      }
    },
    {
      "type": "Feature",
      "properties": {
        "municipio": "ALTO PARNAÍBA",
        "estado": "MARANHÃO",
        "bioma": "Cerrado",
        "date": "2026-06-04",
        "dias_sem_chuva": 43.0,
        "precipitacao": 0.0,
        "risco_fogo": 0.74,
        "indice": 84.1,
        "classe": "ponto de atenção preventivo"
      },
      "geometry": {
        "type": "Point",
        "coordinates": [
          -46.05896,
          -9.4681
        ]
      }
    },
    {
      "type": "Feature",
      "properties": {
        "municipio": "ALTO PARNAÍBA",
        "estado": "MARANHÃO",
        "bioma": "Cerrado",
        "date": "2026-06-04",
        "dias_sem_chuva": 43.0,
        "precipitacao": 0.0,
        "risco_fogo": 0.74,
        "indice": 84.1,
        "classe": "ponto de atenção preventivo"
      },
      "geometry": {
        "type": "Point",
        "coordinates": [
          -46.06184,
          -9.46699
        ]
      }
    },
    {
      "type": "Feature",
      "properties": {
        "municipio": "ALTO PARNAÍBA",
        "estado": "MARANHÃO",
        "bioma": "Cerrado",
        "date": "2026-06-04",
        "dias_sem_chuva": 43.0,
        "precipitacao": 0.0,
        "risco_fogo": 0.74,
        "indice": 84.1,
        "classe": "ponto de atenção preventivo"
      },
      "geometry": {
        "type": "Point",
        "coordinates": [
          -46.06181,
          -9.4671
        ]
      }
    },
    {
      "type": "Feature",
      "properties": {
        "municipio": "MIRANORTE",
        "estado": "TOCANTINS",
        "bioma": "Cerrado",
        "date": "2026-06-04",
        "dias_sem_chuva": 28.0,
        "precipitacao": 0.0,
        "risco_fogo": 0.95,
        "indice": 84.0,
        "classe": "ponto de atenção preventivo"
      },
      "geometry": {
        "type": "Point",
        "coordinates": [
          -48.62086,
          -9.38842
        ]
      }
    },
    {
      "type": "Feature",
      "properties": {
        "municipio": "COUTO MAGALHÃES",
        "estado": "TOCANTINS",
        "bioma": "Cerrado",
        "date": "2026-06-04",
        "dias_sem_chuva": 30.0,
        "precipitacao": 0.0,
        "risco_fogo": 0.92,
        "indice": 83.9,
        "classe": "ponto de atenção preventivo"
      },
      "geometry": {
        "type": "Point",
        "coordinates": [
          -49.25267,
          -8.60845
        ]
      }
    },
    {
      "type": "Feature",
      "properties": {
        "municipio": "SÃO FÉLIX DE BALSAS",
        "estado": "MARANHÃO",
        "bioma": "Cerrado",
        "date": "2026-06-04",
        "dias_sem_chuva": 25.0,
        "precipitacao": 0.0,
        "risco_fogo": 0.99,
        "indice": 83.9,
        "classe": "ponto de atenção preventivo"
      },
      "geometry": {
        "type": "Point",
        "coordinates": [
          -44.93156,
          -7.0043
        ]
      }
    },
    {
      "type": "Feature",
      "properties": {
        "municipio": "BALSAS",
        "estado": "MARANHÃO",
        "bioma": "Cerrado",
        "date": "2026-06-04",
        "dias_sem_chuva": 24.0,
        "precipitacao": 0.0,
        "risco_fogo": 1.0,
        "indice": 83.7,
        "classe": "ponto de atenção preventivo"
      },
      "geometry": {
        "type": "Point",
        "coordinates": [
          -45.97583,
          -7.44694
        ]
      }
    },
    {
      "type": "Feature",
      "properties": {
        "municipio": "LORETO",
        "estado": "MARANHÃO",
        "bioma": "Cerrado",
        "date": "2026-06-04",
        "dias_sem_chuva": 24.0,
        "precipitacao": 0.0,
        "risco_fogo": 1.0,
        "indice": 83.7,
        "classe": "ponto de atenção preventivo"
      },
      "geometry": {
        "type": "Point",
        "coordinates": [
          -45.01353,
          -6.76465
        ]
      }
    },
    {
      "type": "Feature",
      "properties": {
        "municipio": "LIZARDA",
        "estado": "TOCANTINS",
        "bioma": "Cerrado",
        "date": "2026-06-04",
        "dias_sem_chuva": 24.0,
        "precipitacao": 0.0,
        "risco_fogo": 1.0,
        "indice": 83.7,
        "classe": "ponto de atenção preventivo"
      },
      "geometry": {
        "type": "Point",
        "coordinates": [
          -47.04449,
          -9.68559
        ]
      }
    },
    {
      "type": "Feature",
      "properties": {
        "municipio": "SÃO FÉLIX DO ARAGUAIA",
        "estado": "MATO GROSSO",
        "bioma": "Cerrado",
        "date": "2026-06-04",
        "dias_sem_chuva": 24.0,
        "precipitacao": 0.0,
        "risco_fogo": 1.0,
        "indice": 83.7,
        "classe": "ponto de atenção preventivo"
      },
      "geometry": {
        "type": "Point",
        "coordinates": [
          -50.89698,
          -11.49758
        ]
      }
    },
    {
      "type": "Feature",
      "properties": {
        "municipio": "LORETO",
        "estado": "MARANHÃO",
        "bioma": "Cerrado",
        "date": "2026-06-04",
        "dias_sem_chuva": 24.0,
        "precipitacao": 0.0,
        "risco_fogo": 1.0,
        "indice": 83.7,
        "classe": "ponto de atenção preventivo"
      },
      "geometry": {
        "type": "Point",
        "coordinates": [
          -45.01659,
          -6.76508
        ]
      }
    },
    {
      "type": "Feature",
      "properties": {
        "municipio": "BALSAS",
        "estado": "MARANHÃO",
        "bioma": "Cerrado",
        "date": "2026-06-04",
        "dias_sem_chuva": 24.0,
        "precipitacao": 0.0,
        "risco_fogo": 1.0,
        "indice": 83.7,
        "classe": "ponto de atenção preventivo"
      },
      "geometry": {
        "type": "Point",
        "coordinates": [
          -45.9753,
          -7.44948
        ]
      }
    },
    {
      "type": "Feature",
      "properties": {
        "municipio": "LIZARDA",
        "estado": "TOCANTINS",
        "bioma": "Cerrado",
        "date": "2026-06-04",
        "dias_sem_chuva": 24.0,
        "precipitacao": 0.0,
        "risco_fogo": 1.0,
        "indice": 83.7,
        "classe": "ponto de atenção preventivo"
      },
      "geometry": {
        "type": "Point",
        "coordinates": [
          -47.04879,
          -9.69131
        ]
      }
    },
    {
      "type": "Feature",
      "properties": {
        "municipio": "LAGOA DA CONFUSÃO",
        "estado": "TOCANTINS",
        "bioma": "Cerrado",
        "date": "2026-06-04",
        "dias_sem_chuva": 24.0,
        "precipitacao": 0.0,
        "risco_fogo": 1.0,
        "indice": 83.7,
        "classe": "ponto de atenção preventivo"
      },
      "geometry": {
        "type": "Point",
        "coordinates": [
          -50.08265,
          -10.63311
        ]
      }
    },
    {
      "type": "Feature",
      "properties": {
        "municipio": "MIRADOR",
        "estado": "MARANHÃO",
        "bioma": "Cerrado",
        "date": "2026-06-04",
        "dias_sem_chuva": 24.0,
        "precipitacao": 0.0,
        "risco_fogo": 1.0,
        "indice": 83.7,
        "classe": "ponto de atenção preventivo"
      },
      "geometry": {
        "type": "Point",
        "coordinates": [
          -45.3449,
          -6.78049
        ]
      }
    },
    {
      "type": "Feature",
      "properties": {
        "municipio": "LIZARDA",
        "estado": "TOCANTINS",
        "bioma": "Cerrado",
        "date": "2026-06-04",
        "dias_sem_chuva": 24.0,
        "precipitacao": 0.0,
        "risco_fogo": 1.0,
        "indice": 83.7,
        "classe": "ponto de atenção preventivo"
      },
      "geometry": {
        "type": "Point",
        "coordinates": [
          -47.04502,
          -9.68784
        ]
      }
    },
    {
      "type": "Feature",
      "properties": {
        "municipio": "LIZARDA",
        "estado": "TOCANTINS",
        "bioma": "Cerrado",
        "date": "2026-06-04",
        "dias_sem_chuva": 24.0,
        "precipitacao": 0.0,
        "risco_fogo": 1.0,
        "indice": 83.7,
        "classe": "ponto de atenção preventivo"
      },
      "geometry": {
        "type": "Point",
        "coordinates": [
          -47.04974,
          -9.68652
        ]
      }
    },
    {
      "type": "Feature",
      "properties": {
        "municipio": "LORETO",
        "estado": "MARANHÃO",
        "bioma": "Cerrado",
        "date": "2026-06-04",
        "dias_sem_chuva": 24.0,
        "precipitacao": 0.0,
        "risco_fogo": 1.0,
        "indice": 83.7,
        "classe": "ponto de atenção preventivo"
      },
      "geometry": {
        "type": "Point",
        "coordinates": [
          -45.01073,
          -6.76034
        ]
      }
    },
    {
      "type": "Feature",
      "properties": {
        "municipio": "MIRADOR",
        "estado": "MARANHÃO",
        "bioma": "Cerrado",
        "date": "2026-06-04",
        "dias_sem_chuva": 24.0,
        "precipitacao": 0.0,
        "risco_fogo": 1.0,
        "indice": 83.7,
        "classe": "ponto de atenção preventivo"
      },
      "geometry": {
        "type": "Point",
        "coordinates": [
          -45.34107,
          -6.77981
        ]
      }
    },
    {
      "type": "Feature",
      "properties": {
        "municipio": "LIZARDA",
        "estado": "TOCANTINS",
        "bioma": "Cerrado",
        "date": "2026-06-04",
        "dias_sem_chuva": 24.0,
        "precipitacao": 0.0,
        "risco_fogo": 1.0,
        "indice": 83.7,
        "classe": "ponto de atenção preventivo"
      },
      "geometry": {
        "type": "Point",
        "coordinates": [
          -47.04136,
          -9.68239
        ]
      }
    },
    {
      "type": "Feature",
      "properties": {
        "municipio": "LUCIARA",
        "estado": "MATO GROSSO",
        "bioma": "Cerrado",
        "date": "2026-06-04",
        "dias_sem_chuva": 24.0,
        "precipitacao": 0.0,
        "risco_fogo": 1.0,
        "indice": 83.7,
        "classe": "ponto de atenção preventivo"
      },
      "geometry": {
        "type": "Point",
        "coordinates": [
          -51.22905,
          -11.00827
        ]
      }
    },
    {
      "type": "Feature",
      "properties": {
        "municipio": "GUADALUPE",
        "estado": "PIAUÍ",
        "bioma": "Cerrado",
        "date": "2026-06-04",
        "dias_sem_chuva": 24.0,
        "precipitacao": 0.0,
        "risco_fogo": 1.0,
        "indice": 83.7,
        "classe": "ponto de atenção preventivo"
      },
      "geometry": {
        "type": "Point",
        "coordinates": [
          -43.51321,
          -6.82482
        ]
      }
    },
    {
      "type": "Feature",
      "properties": {
        "municipio": "TASSO FRAGOSO",
        "estado": "MARANHÃO",
        "bioma": "Cerrado",
        "date": "2026-06-04",
        "dias_sem_chuva": 24.0,
        "precipitacao": 0.0,
        "risco_fogo": 1.0,
        "indice": 83.7,
        "classe": "ponto de atenção preventivo"
      },
      "geometry": {
        "type": "Point",
        "coordinates": [
          -46.09453,
          -8.23683
        ]
      }
    },
    {
      "type": "Feature",
      "properties": {
        "municipio": "LORETO",
        "estado": "MARANHÃO",
        "bioma": "Cerrado",
        "date": "2026-06-04",
        "dias_sem_chuva": 24.0,
        "precipitacao": 0.0,
        "risco_fogo": 1.0,
        "indice": 83.7,
        "classe": "ponto de atenção preventivo"
      },
      "geometry": {
        "type": "Point",
        "coordinates": [
          -45.01175,
          -6.7683
        ]
      }
    },
    {
      "type": "Feature",
      "properties": {
        "municipio": "LAGOA DA CONFUSÃO",
        "estado": "TOCANTINS",
        "bioma": "Cerrado",
        "date": "2026-06-04",
        "dias_sem_chuva": 24.0,
        "precipitacao": 0.0,
        "risco_fogo": 1.0,
        "indice": 83.7,
        "classe": "ponto de atenção preventivo"
      },
      "geometry": {
        "type": "Point",
        "coordinates": [
          -49.6205,
          -10.82433
        ]
      }
    },
    {
      "type": "Feature",
      "properties": {
        "municipio": "LIZARDA",
        "estado": "TOCANTINS",
        "bioma": "Cerrado",
        "date": "2026-06-04",
        "dias_sem_chuva": 24.0,
        "precipitacao": 0.0,
        "risco_fogo": 1.0,
        "indice": 83.7,
        "classe": "ponto de atenção preventivo"
      },
      "geometry": {
        "type": "Point",
        "coordinates": [
          -47.03805,
          -9.68643
        ]
      }
    },
    {
      "type": "Feature",
      "properties": {
        "municipio": "BALSAS",
        "estado": "MARANHÃO",
        "bioma": "Cerrado",
        "date": "2026-06-04",
        "dias_sem_chuva": 24.0,
        "precipitacao": 0.0,
        "risco_fogo": 1.0,
        "indice": 83.7,
        "classe": "ponto de atenção preventivo"
      },
      "geometry": {
        "type": "Point",
        "coordinates": [
          -46.20615,
          -7.46054
        ]
      }
    },
    {
      "type": "Feature",
      "properties": {
        "municipio": "BALSAS",
        "estado": "MARANHÃO",
        "bioma": "Cerrado",
        "date": "2026-06-04",
        "dias_sem_chuva": 24.0,
        "precipitacao": 0.0,
        "risco_fogo": 1.0,
        "indice": 83.7,
        "classe": "ponto de atenção preventivo"
      },
      "geometry": {
        "type": "Point",
        "coordinates": [
          -45.97818,
          -7.4508
        ]
      }
    },
    {
      "type": "Feature",
      "properties": {
        "municipio": "LORETO",
        "estado": "MARANHÃO",
        "bioma": "Cerrado",
        "date": "2026-06-04",
        "dias_sem_chuva": 24.0,
        "precipitacao": 0.0,
        "risco_fogo": 1.0,
        "indice": 83.7,
        "classe": "ponto de atenção preventivo"
      },
      "geometry": {
        "type": "Point",
        "coordinates": [
          -45.01028,
          -6.76017
        ]
      }
    },
    {
      "type": "Feature",
      "properties": {
        "municipio": "CAMPOS LINDOS",
        "estado": "TOCANTINS",
        "bioma": "Cerrado",
        "date": "2026-06-04",
        "dias_sem_chuva": 24.0,
        "precipitacao": 0.0,
        "risco_fogo": 1.0,
        "indice": 83.7,
        "classe": "ponto de atenção preventivo"
      },
      "geometry": {
        "type": "Point",
        "coordinates": [
          -46.88253,
          -8.40545
        ]
      }
    },
    {
      "type": "Feature",
      "properties": {
        "municipio": "LAGOA DA CONFUSÃO",
        "estado": "TOCANTINS",
        "bioma": "Cerrado",
        "date": "2026-06-04",
        "dias_sem_chuva": 24.0,
        "precipitacao": 0.0,
        "risco_fogo": 1.0,
        "indice": 83.7,
        "classe": "ponto de atenção preventivo"
      },
      "geometry": {
        "type": "Point",
        "coordinates": [
          -49.62423,
          -10.82487
        ]
      }
    },
    {
      "type": "Feature",
      "properties": {
        "municipio": "LIZARDA",
        "estado": "TOCANTINS",
        "bioma": "Cerrado",
        "date": "2026-06-04",
        "dias_sem_chuva": 24.0,
        "precipitacao": 0.0,
        "risco_fogo": 1.0,
        "indice": 83.7,
        "classe": "ponto de atenção preventivo"
      },
      "geometry": {
        "type": "Point",
        "coordinates": [
          -47.04839,
          -9.68464
        ]
      }
    },
    {
      "type": "Feature",
      "properties": {
        "municipio": "TASSO FRAGOSO",
        "estado": "MARANHÃO",
        "bioma": "Cerrado",
        "date": "2026-06-04",
        "dias_sem_chuva": 24.0,
        "precipitacao": 0.0,
        "risco_fogo": 1.0,
        "indice": 83.7,
        "classe": "ponto de atenção preventivo"
      },
      "geometry": {
        "type": "Point",
        "coordinates": [
          -46.10022,
          -8.23501
        ]
      }
    },
    {
      "type": "Feature",
      "properties": {
        "municipio": "LIZARDA",
        "estado": "TOCANTINS",
        "bioma": "Cerrado",
        "date": "2026-06-04",
        "dias_sem_chuva": 24.0,
        "precipitacao": 0.0,
        "risco_fogo": 1.0,
        "indice": 83.7,
        "classe": "ponto de atenção preventivo"
      },
      "geometry": {
        "type": "Point",
        "coordinates": [
          -47.02074,
          -9.81689
        ]
      }
    },
    {
      "type": "Feature",
      "properties": {
        "municipio": "BALSAS",
        "estado": "MARANHÃO",
        "bioma": "Cerrado",
        "date": "2026-06-04",
        "dias_sem_chuva": 24.0,
        "precipitacao": 0.0,
        "risco_fogo": 1.0,
        "indice": 83.7,
        "classe": "ponto de atenção preventivo"
      },
      "geometry": {
        "type": "Point",
        "coordinates": [
          -45.97873,
          -7.44728
        ]
      }
    },
    {
      "type": "Feature",
      "properties": {
        "municipio": "LIZARDA",
        "estado": "TOCANTINS",
        "bioma": "Cerrado",
        "date": "2026-06-04",
        "dias_sem_chuva": 24.0,
        "precipitacao": 0.0,
        "risco_fogo": 1.0,
        "indice": 83.7,
        "classe": "ponto de atenção preventivo"
      },
      "geometry": {
        "type": "Point",
        "coordinates": [
          -47.00951,
          -9.81858
        ]
      }
    },
    {
      "type": "Feature",
      "properties": {
        "municipio": "LIZARDA",
        "estado": "TOCANTINS",
        "bioma": "Cerrado",
        "date": "2026-06-04",
        "dias_sem_chuva": 24.0,
        "precipitacao": 0.0,
        "risco_fogo": 1.0,
        "indice": 83.7,
        "classe": "ponto de atenção preventivo"
      },
      "geometry": {
        "type": "Point",
        "coordinates": [
          -47.04357,
          -9.69039
        ]
      }
    },
    {
      "type": "Feature",
      "properties": {
        "municipio": "LIZARDA",
        "estado": "TOCANTINS",
        "bioma": "Cerrado",
        "date": "2026-06-04",
        "dias_sem_chuva": 24.0,
        "precipitacao": 0.0,
        "risco_fogo": 1.0,
        "indice": 83.7,
        "classe": "ponto de atenção preventivo"
      },
      "geometry": {
        "type": "Point",
        "coordinates": [
          -47.01037,
          -9.81943
        ]
      }
    },
    {
      "type": "Feature",
      "properties": {
        "municipio": "CAMPOS LINDOS",
        "estado": "TOCANTINS",
        "bioma": "Cerrado",
        "date": "2026-06-04",
        "dias_sem_chuva": 24.0,
        "precipitacao": 0.0,
        "risco_fogo": 1.0,
        "indice": 83.7,
        "classe": "ponto de atenção preventivo"
      },
      "geometry": {
        "type": "Point",
        "coordinates": [
          -46.80388,
          -8.34514
        ]
      }
    },
    {
      "type": "Feature",
      "properties": {
        "municipio": "LIZARDA",
        "estado": "TOCANTINS",
        "bioma": "Cerrado",
        "date": "2026-06-04",
        "dias_sem_chuva": 24.0,
        "precipitacao": 0.0,
        "risco_fogo": 1.0,
        "indice": 83.7,
        "classe": "ponto de atenção preventivo"
      },
      "geometry": {
        "type": "Point",
        "coordinates": [
          -47.01717,
          -9.81634
        ]
      }
    },
    {
      "type": "Feature",
      "properties": {
        "municipio": "LIZARDA",
        "estado": "TOCANTINS",
        "bioma": "Cerrado",
        "date": "2026-06-04",
        "dias_sem_chuva": 24.0,
        "precipitacao": 0.0,
        "risco_fogo": 1.0,
        "indice": 83.7,
        "classe": "ponto de atenção preventivo"
      },
      "geometry": {
        "type": "Point",
        "coordinates": [
          -47.00915,
          -9.81798
        ]
      }
    },
    {
      "type": "Feature",
      "properties": {
        "municipio": "COLÔNIA DO GURGUÉIA",
        "estado": "PIAUÍ",
        "bioma": "Caatinga",
        "date": "2026-06-04",
        "dias_sem_chuva": 24.0,
        "precipitacao": 0.0,
        "risco_fogo": 1.0,
        "indice": 83.7,
        "classe": "ponto de atenção preventivo"
      },
      "geometry": {
        "type": "Point",
        "coordinates": [
          -43.73543,
          -8.1798
        ]
      }
    },
    {
      "type": "Feature",
      "properties": {
        "municipio": "BALSAS",
        "estado": "MARANHÃO",
        "bioma": "Cerrado",
        "date": "2026-06-04",
        "dias_sem_chuva": 24.0,
        "precipitacao": 0.0,
        "risco_fogo": 1.0,
        "indice": 83.7,
        "classe": "ponto de atenção preventivo"
      },
      "geometry": {
        "type": "Point",
        "coordinates": [
          -46.78564,
          -8.37614
        ]
      }
    },
    {
      "type": "Feature",
      "properties": {
        "municipio": "GUADALUPE",
        "estado": "PIAUÍ",
        "bioma": "Cerrado",
        "date": "2026-06-04",
        "dias_sem_chuva": 24.0,
        "precipitacao": 0.0,
        "risco_fogo": 1.0,
        "indice": 83.7,
        "classe": "ponto de atenção preventivo"
      },
      "geometry": {
        "type": "Point",
        "coordinates": [
          -43.51172,
          -6.82699
        ]
      }
    },
    {
      "type": "Feature",
      "properties": {
        "municipio": "TASSO FRAGOSO",
        "estado": "MARANHÃO",
        "bioma": "Cerrado",
        "date": "2026-06-04",
        "dias_sem_chuva": 24.0,
        "precipitacao": 0.0,
        "risco_fogo": 1.0,
        "indice": 83.7,
        "classe": "ponto de atenção preventivo"
      },
      "geometry": {
        "type": "Point",
        "coordinates": [
          -46.09848,
          -8.23734
        ]
      }
    },
    {
      "type": "Feature",
      "properties": {
        "municipio": "SÃO FÉLIX DO TOCANTINS",
        "estado": "TOCANTINS",
        "bioma": "Cerrado",
        "date": "2026-06-04",
        "dias_sem_chuva": 24.0,
        "precipitacao": 0.1,
        "risco_fogo": 1.0,
        "indice": 83.6,
        "classe": "ponto de atenção preventivo"
      },
      "geometry": {
        "type": "Point",
        "coordinates": [
          -46.56489,
          -10.00493
        ]
      }
    },
    {
      "type": "Feature",
      "properties": {
        "municipio": "ALTO PARNAÍBA",
        "estado": "MARANHÃO",
        "bioma": "Cerrado",
        "date": "2026-06-04",
        "dias_sem_chuva": 43.0,
        "precipitacao": 0.0,
        "risco_fogo": 0.73,
        "indice": 83.6,
        "classe": "ponto de atenção preventivo"
      },
      "geometry": {
        "type": "Point",
        "coordinates": [
          -46.05855,
          -9.46754
        ]
      }
    },
    {
      "type": "Feature",
      "properties": {
        "municipio": "SÃO FÉLIX DO TOCANTINS",
        "estado": "TOCANTINS",
        "bioma": "Cerrado",
        "date": "2026-06-04",
        "dias_sem_chuva": 24.0,
        "precipitacao": 0.1,
        "risco_fogo": 1.0,
        "indice": 83.6,
        "classe": "ponto de atenção preventivo"
      },
      "geometry": {
        "type": "Point",
        "coordinates": [
          -46.56755,
          -10.00465
        ]
      }
    },
    {
      "type": "Feature",
      "properties": {
        "municipio": "SÃO FÉLIX DO TOCANTINS",
        "estado": "TOCANTINS",
        "bioma": "Cerrado",
        "date": "2026-06-04",
        "dias_sem_chuva": 24.0,
        "precipitacao": 0.1,
        "risco_fogo": 1.0,
        "indice": 83.6,
        "classe": "ponto de atenção preventivo"
      },
      "geometry": {
        "type": "Point",
        "coordinates": [
          -46.56974,
          -10.00411
        ]
      }
    },
    {
      "type": "Feature",
      "properties": {
        "municipio": "TOCANTÍNIA",
        "estado": "TOCANTINS",
        "bioma": "Cerrado",
        "date": "2026-06-04",
        "dias_sem_chuva": 28.0,
        "precipitacao": 0.0,
        "risco_fogo": 0.94,
        "indice": 83.5,
        "classe": "ponto de atenção preventivo"
      },
      "geometry": {
        "type": "Point",
        "coordinates": [
          -48.32191,
          -9.36755
        ]
      }
    },
    {
      "type": "Feature",
      "properties": {
        "municipio": "TOCANTÍNIA",
        "estado": "TOCANTINS",
        "bioma": "Cerrado",
        "date": "2026-06-04",
        "dias_sem_chuva": 28.0,
        "precipitacao": 0.0,
        "risco_fogo": 0.94,
        "indice": 83.5,
        "classe": "ponto de atenção preventivo"
      },
      "geometry": {
        "type": "Point",
        "coordinates": [
          -48.32418,
          -9.37079
        ]
      }
    },
    {
      "type": "Feature",
      "properties": {
        "municipio": "MIRANORTE",
        "estado": "TOCANTINS",
        "bioma": "Cerrado",
        "date": "2026-06-04",
        "dias_sem_chuva": 28.0,
        "precipitacao": 0.0,
        "risco_fogo": 0.94,
        "indice": 83.5,
        "classe": "ponto de atenção preventivo"
      },
      "geometry": {
        "type": "Point",
        "coordinates": [
          -48.62096,
          -9.38923
        ]
      }
    },
    {
      "type": "Feature",
      "properties": {
        "municipio": "TOCANTÍNIA",
        "estado": "TOCANTINS",
        "bioma": "Cerrado",
        "date": "2026-06-04",
        "dias_sem_chuva": 28.0,
        "precipitacao": 0.0,
        "risco_fogo": 0.94,
        "indice": 83.5,
        "classe": "ponto de atenção preventivo"
      },
      "geometry": {
        "type": "Point",
        "coordinates": [
          -48.32767,
          -9.37132
        ]
      }
    },
    {
      "type": "Feature",
      "properties": {
        "municipio": "ALTO PARNAÍBA",
        "estado": "MARANHÃO",
        "bioma": "Cerrado",
        "date": "2026-06-04",
        "dias_sem_chuva": 25.0,
        "precipitacao": 0.0,
        "risco_fogo": 0.98,
        "indice": 83.3,
        "classe": "ponto de atenção preventivo"
      },
      "geometry": {
        "type": "Point",
        "coordinates": [
          -46.32055,
          -9.03643
        ]
      }
    },
    {
      "type": "Feature",
      "properties": {
        "municipio": "CAMPOS LINDOS",
        "estado": "TOCANTINS",
        "bioma": "Cerrado",
        "date": "2026-06-04",
        "dias_sem_chuva": 24.0,
        "precipitacao": 0.0,
        "risco_fogo": 0.99,
        "indice": 83.1,
        "classe": "ponto de atenção preventivo"
      },
      "geometry": {
        "type": "Point",
        "coordinates": [
          -46.89804,
          -8.40633
        ]
      }
    },
    {
      "type": "Feature",
      "properties": {
        "municipio": "CAMPOS LINDOS",
        "estado": "TOCANTINS",
        "bioma": "Cerrado",
        "date": "2026-06-04",
        "dias_sem_chuva": 24.0,
        "precipitacao": 0.0,
        "risco_fogo": 0.99,
        "indice": 83.1,
        "classe": "ponto de atenção preventivo"
      },
      "geometry": {
        "type": "Point",
        "coordinates": [
          -46.89857,
          -8.40295
        ]
      }
    },
    {
      "type": "Feature",
      "properties": {
        "municipio": "PIUM",
        "estado": "TOCANTINS",
        "bioma": "Cerrado",
        "date": "2026-06-04",
        "dias_sem_chuva": 36.0,
        "precipitacao": 0.0,
        "risco_fogo": 0.82,
        "indice": 83.1,
        "classe": "ponto de atenção preventivo"
      },
      "geometry": {
        "type": "Point",
        "coordinates": [
          -49.91339,
          -10.33851
        ]
      }
    },
    {
      "type": "Feature",
      "properties": {
        "municipio": "PIUM",
        "estado": "TOCANTINS",
        "bioma": "Cerrado",
        "date": "2026-06-04",
        "dias_sem_chuva": 36.0,
        "precipitacao": 0.0,
        "risco_fogo": 0.82,
        "indice": 83.1,
        "classe": "ponto de atenção preventivo"
      },
      "geometry": {
        "type": "Point",
        "coordinates": [
          -49.91437,
          -10.33879
        ]
      }
    },
    {
      "type": "Feature",
      "properties": {
        "municipio": "CAMPOS LINDOS",
        "estado": "TOCANTINS",
        "bioma": "Cerrado",
        "date": "2026-06-04",
        "dias_sem_chuva": 24.0,
        "precipitacao": 0.0,
        "risco_fogo": 0.99,
        "indice": 83.1,
        "classe": "ponto de atenção preventivo"
      },
      "geometry": {
        "type": "Point",
        "coordinates": [
          -46.88719,
          -8.40462
        ]
      }
    },
    {
      "type": "Feature",
      "properties": {
        "municipio": "CAMPOS LINDOS",
        "estado": "TOCANTINS",
        "bioma": "Cerrado",
        "date": "2026-06-04",
        "dias_sem_chuva": 24.0,
        "precipitacao": 0.0,
        "risco_fogo": 0.99,
        "indice": 83.1,
        "classe": "ponto de atenção preventivo"
      },
      "geometry": {
        "type": "Point",
        "coordinates": [
          -46.88354,
          -8.40405
        ]
      }
    },
    {
      "type": "Feature",
      "properties": {
        "municipio": "LIZARDA",
        "estado": "TOCANTINS",
        "bioma": "Cerrado",
        "date": "2026-06-04",
        "dias_sem_chuva": 26.0,
        "precipitacao": 0.0,
        "risco_fogo": 0.96,
        "indice": 83.0,
        "classe": "ponto de atenção preventivo"
      },
      "geometry": {
        "type": "Point",
        "coordinates": [
          -47.1344,
          -9.1142
        ]
      }
    },
    {
      "type": "Feature",
      "properties": {
        "municipio": "LAGOA DA CONFUSÃO",
        "estado": "TOCANTINS",
        "bioma": "Cerrado",
        "date": "2026-06-04",
        "dias_sem_chuva": 23.0,
        "precipitacao": 0.0,
        "risco_fogo": 1.0,
        "indice": 82.9,
        "classe": "ponto de atenção preventivo"
      },
      "geometry": {
        "type": "Point",
        "coordinates": [
          -50.07839,
          -10.6284
        ]
      }
    },
    {
      "type": "Feature",
      "properties": {
        "municipio": "SÃO FÉLIX DO ARAGUAIA",
        "estado": "MATO GROSSO",
        "bioma": "Cerrado",
        "date": "2026-06-04",
        "dias_sem_chuva": 23.0,
        "precipitacao": 0.0,
        "risco_fogo": 1.0,
        "indice": 82.9,
        "classe": "ponto de atenção preventivo"
      },
      "geometry": {
        "type": "Point",
        "coordinates": [
          -50.89325,
          -11.49319
        ]
      }
    },
    {
      "type": "Feature",
      "properties": {
        "municipio": "LAGOA DA CONFUSÃO",
        "estado": "TOCANTINS",
        "bioma": "Cerrado",
        "date": "2026-06-04",
        "dias_sem_chuva": 23.0,
        "precipitacao": 0.0,
        "risco_fogo": 1.0,
        "indice": 82.9,
        "classe": "ponto de atenção preventivo"
      },
      "geometry": {
        "type": "Point",
        "coordinates": [
          -50.08889,
          -10.62618
        ]
      }
    },
    {
      "type": "Feature",
      "properties": {
        "municipio": "BALSAS",
        "estado": "MARANHÃO",
        "bioma": "Cerrado",
        "date": "2026-06-04",
        "dias_sem_chuva": 23.0,
        "precipitacao": 0.0,
        "risco_fogo": 1.0,
        "indice": 82.9,
        "classe": "ponto de atenção preventivo"
      },
      "geometry": {
        "type": "Point",
        "coordinates": [
          -46.36604,
          -8.23975
        ]
      }
    },
    {
      "type": "Feature",
      "properties": {
        "municipio": "LIZARDA",
        "estado": "TOCANTINS",
        "bioma": "Cerrado",
        "date": "2026-06-04",
        "dias_sem_chuva": 23.0,
        "precipitacao": 0.0,
        "risco_fogo": 1.0,
        "indice": 82.9,
        "classe": "ponto de atenção preventivo"
      },
      "geometry": {
        "type": "Point",
        "coordinates": [
          -47.05028,
          -9.68466
        ]
      }
    },
    {
      "type": "Feature",
      "properties": {
        "municipio": "LAGOA DA CONFUSÃO",
        "estado": "TOCANTINS",
        "bioma": "Cerrado",
        "date": "2026-06-04",
        "dias_sem_chuva": 23.0,
        "precipitacao": 0.0,
        "risco_fogo": 1.0,
        "indice": 82.9,
        "classe": "ponto de atenção preventivo"
      },
      "geometry": {
        "type": "Point",
        "coordinates": [
          -50.07883,
          -10.63119
        ]
      }
    },
    {
      "type": "Feature",
      "properties": {
        "municipio": "LAGOA DA CONFUSÃO",
        "estado": "TOCANTINS",
        "bioma": "Cerrado",
        "date": "2026-06-04",
        "dias_sem_chuva": 23.0,
        "precipitacao": 0.0,
        "risco_fogo": 1.0,
        "indice": 82.9,
        "classe": "ponto de atenção preventivo"
      },
      "geometry": {
        "type": "Point",
        "coordinates": [
          -50.08968,
          -10.62359
        ]
      }
    },
    {
      "type": "Feature",
      "properties": {
        "municipio": "LAGOA DA CONFUSÃO",
        "estado": "TOCANTINS",
        "bioma": "Cerrado",
        "date": "2026-06-04",
        "dias_sem_chuva": 23.0,
        "precipitacao": 0.0,
        "risco_fogo": 1.0,
        "indice": 82.9,
        "classe": "ponto de atenção preventivo"
      },
      "geometry": {
        "type": "Point",
        "coordinates": [
          -50.07771,
          -10.62758
        ]
      }
    },
    {
      "type": "Feature",
      "properties": {
        "municipio": "LAGOA DA CONFUSÃO",
        "estado": "TOCANTINS",
        "bioma": "Cerrado",
        "date": "2026-06-04",
        "dias_sem_chuva": 23.0,
        "precipitacao": 0.0,
        "risco_fogo": 1.0,
        "indice": 82.9,
        "classe": "ponto de atenção preventivo"
      },
      "geometry": {
        "type": "Point",
        "coordinates": [
          -50.08954,
          -10.6223
        ]
      }
    },
    {
      "type": "Feature",
      "properties": {
        "municipio": "GUADALUPE",
        "estado": "PIAUÍ",
        "bioma": "Cerrado",
        "date": "2026-06-04",
        "dias_sem_chuva": 23.0,
        "precipitacao": 0.0,
        "risco_fogo": 1.0,
        "indice": 82.9,
        "classe": "ponto de atenção preventivo"
      },
      "geometry": {
        "type": "Point",
        "coordinates": [
          -43.50838,
          -6.82513
        ]
      }
    },
    {
      "type": "Feature",
      "properties": {
        "municipio": "FLORIANO",
        "estado": "PIAUÍ",
        "bioma": "Caatinga",
        "date": "2026-06-04",
        "dias_sem_chuva": 23.0,
        "precipitacao": 0.0,
        "risco_fogo": 1.0,
        "indice": 82.9,
        "classe": "ponto de atenção preventivo"
      },
      "geometry": {
        "type": "Point",
        "coordinates": [
          -43.22421,
          -6.79132
        ]
      }
    },
    {
      "type": "Feature",
      "properties": {
        "municipio": "LAGOA DA CONFUSÃO",
        "estado": "TOCANTINS",
        "bioma": "Cerrado",
        "date": "2026-06-04",
        "dias_sem_chuva": 23.0,
        "precipitacao": 0.0,
        "risco_fogo": 1.0,
        "indice": 82.9,
        "classe": "ponto de atenção preventivo"
      },
      "geometry": {
        "type": "Point",
        "coordinates": [
          -50.08703,
          -10.62339
        ]
      }
    },
    {
      "type": "Feature",
      "properties": {
        "municipio": "CAMPOS LINDOS",
        "estado": "TOCANTINS",
        "bioma": "Cerrado",
        "date": "2026-06-04",
        "dias_sem_chuva": 23.0,
        "precipitacao": 0.0,
        "risco_fogo": 1.0,
        "indice": 82.9,
        "classe": "ponto de atenção preventivo"
      },
      "geometry": {
        "type": "Point",
        "coordinates": [
          -46.78743,
          -8.3663
        ]
      }
    },
    {
      "type": "Feature",
      "properties": {
        "municipio": "LAGOA DA CONFUSÃO",
        "estado": "TOCANTINS",
        "bioma": "Cerrado",
        "date": "2026-06-04",
        "dias_sem_chuva": 23.0,
        "precipitacao": 0.0,
        "risco_fogo": 1.0,
        "indice": 82.9,
        "classe": "ponto de atenção preventivo"
      },
      "geometry": {
        "type": "Point",
        "coordinates": [
          -50.08111,
          -10.62881
        ]
      }
    },
    {
      "type": "Feature",
      "properties": {
        "municipio": "LAGOA DA CONFUSÃO",
        "estado": "TOCANTINS",
        "bioma": "Cerrado",
        "date": "2026-06-04",
        "dias_sem_chuva": 23.0,
        "precipitacao": 0.0,
        "risco_fogo": 1.0,
        "indice": 82.9,
        "classe": "ponto de atenção preventivo"
      },
      "geometry": {
        "type": "Point",
        "coordinates": [
          -50.08182,
          -10.62837
        ]
      }
    },
    {
      "type": "Feature",
      "properties": {
        "municipio": "SÃO FÉLIX DO TOCANTINS",
        "estado": "TOCANTINS",
        "bioma": "Cerrado",
        "date": "2026-06-04",
        "dias_sem_chuva": 23.0,
        "precipitacao": 0.09,
        "risco_fogo": 1.0,
        "indice": 82.8,
        "classe": "ponto de atenção preventivo"
      },
      "geometry": {
        "type": "Point",
        "coordinates": [
          -46.55533,
          -10.00655
        ]
      }
    },
    {
      "type": "Feature",
      "properties": {
        "municipio": "SÃO FÉLIX DO TOCANTINS",
        "estado": "TOCANTINS",
        "bioma": "Cerrado",
        "date": "2026-06-04",
        "dias_sem_chuva": 23.0,
        "precipitacao": 0.08,
        "risco_fogo": 1.0,
        "indice": 82.8,
        "classe": "ponto de atenção preventivo"
      },
      "geometry": {
        "type": "Point",
        "coordinates": [
          -46.55052,
          -10.00736
        ]
      }
    },
    {
      "type": "Feature",
      "properties": {
        "municipio": "TOCANTÍNIA",
        "estado": "TOCANTINS",
        "bioma": "Cerrado",
        "date": "2026-06-04",
        "dias_sem_chuva": 27.0,
        "precipitacao": 0.0,
        "risco_fogo": 0.94,
        "indice": 82.7,
        "classe": "ponto de atenção preventivo"
      },
      "geometry": {
        "type": "Point",
        "coordinates": [
          -48.32102,
          -9.37425
        ]
      }
    },
    {
      "type": "Feature",
      "properties": {
        "municipio": "ALTO PARNAÍBA",
        "estado": "MARANHÃO",
        "bioma": "Cerrado",
        "date": "2026-06-04",
        "dias_sem_chuva": 24.0,
        "precipitacao": 0.0,
        "risco_fogo": 0.98,
        "indice": 82.6,
        "classe": "ponto de atenção preventivo"
      },
      "geometry": {
        "type": "Point",
        "coordinates": [
          -46.32038,
          -9.03812
        ]
      }
    },
    {
      "type": "Feature",
      "properties": {
        "municipio": "CAMPOS LINDOS",
        "estado": "TOCANTINS",
        "bioma": "Cerrado",
        "date": "2026-06-04",
        "dias_sem_chuva": 24.0,
        "precipitacao": 0.0,
        "risco_fogo": 0.98,
        "indice": 82.6,
        "classe": "ponto de atenção preventivo"
      },
      "geometry": {
        "type": "Point",
        "coordinates": [
          -46.89442,
          -8.40576
        ]
      }
    },
    {
      "type": "Feature",
      "properties": {
        "municipio": "LIZARDA",
        "estado": "TOCANTINS",
        "bioma": "Cerrado",
        "date": "2026-06-04",
        "dias_sem_chuva": 24.0,
        "precipitacao": 0.0,
        "risco_fogo": 0.98,
        "indice": 82.6,
        "classe": "ponto de atenção preventivo"
      },
      "geometry": {
        "type": "Point",
        "coordinates": [
          -46.88839,
          -9.95572
        ]
      }
    },
    {
      "type": "Feature",
      "properties": {
        "municipio": "LAGOA DA CONFUSÃO",
        "estado": "TOCANTINS",
        "bioma": "Cerrado",
        "date": "2026-06-04",
        "dias_sem_chuva": 26.0,
        "precipitacao": 0.0,
        "risco_fogo": 0.95,
        "indice": 82.5,
        "classe": "ponto de atenção preventivo"
      },
      "geometry": {
        "type": "Point",
        "coordinates": [
          -49.72896,
          -10.6397
        ]
      }
    },
    {
      "type": "Feature",
      "properties": {
        "municipio": "LAGOA DA CONFUSÃO",
        "estado": "TOCANTINS",
        "bioma": "Cerrado",
        "date": "2026-06-04",
        "dias_sem_chuva": 28.0,
        "precipitacao": 0.0,
        "risco_fogo": 0.92,
        "indice": 82.4,
        "classe": "ponto de atenção preventivo"
      },
      "geometry": {
        "type": "Point",
        "coordinates": [
          -49.92556,
          -10.68006
        ]
      }
    },
    {
      "type": "Feature",
      "properties": {
        "municipio": "DUERÉ",
        "estado": "TOCANTINS",
        "bioma": "Cerrado",
        "date": "2026-06-04",
        "dias_sem_chuva": 22.0,
        "precipitacao": 0.0,
        "risco_fogo": 1.0,
        "indice": 82.1,
        "classe": "ponto de atenção preventivo"
      },
      "geometry": {
        "type": "Point",
        "coordinates": [
          -49.49372,
          -11.44814
        ]
      }
    },
    {
      "type": "Feature",
      "properties": {
        "municipio": "RIO SONO",
        "estado": "TOCANTINS",
        "bioma": "Cerrado",
        "date": "2026-06-04",
        "dias_sem_chuva": 34.0,
        "precipitacao": 0.0,
        "risco_fogo": 0.83,
        "indice": 82.1,
        "classe": "ponto de atenção preventivo"
      },
      "geometry": {
        "type": "Point",
        "coordinates": [
          -47.87413,
          -9.75203
        ]
      }
    },
    {
      "type": "Feature",
      "properties": {
        "municipio": "LAGOA DA CONFUSÃO",
        "estado": "TOCANTINS",
        "bioma": "Cerrado",
        "date": "2026-06-04",
        "dias_sem_chuva": 22.0,
        "precipitacao": 0.0,
        "risco_fogo": 1.0,
        "indice": 82.1,
        "classe": "ponto de atenção preventivo"
      },
      "geometry": {
        "type": "Point",
        "coordinates": [
          -50.0911,
          -10.61458
        ]
      }
    },
    {
      "type": "Feature",
      "properties": {
        "municipio": "LAGOA DA CONFUSÃO",
        "estado": "TOCANTINS",
        "bioma": "Cerrado",
        "date": "2026-06-04",
        "dias_sem_chuva": 22.0,
        "precipitacao": 0.0,
        "risco_fogo": 1.0,
        "indice": 82.1,
        "classe": "ponto de atenção preventivo"
      },
      "geometry": {
        "type": "Point",
        "coordinates": [
          -50.09087,
          -10.61454
        ]
      }
    },
    {
      "type": "Feature",
      "properties": {
        "municipio": "DUERÉ",
        "estado": "TOCANTINS",
        "bioma": "Cerrado",
        "date": "2026-06-04",
        "dias_sem_chuva": 22.0,
        "precipitacao": 0.0,
        "risco_fogo": 1.0,
        "indice": 82.1,
        "classe": "ponto de atenção preventivo"
      },
      "geometry": {
        "type": "Point",
        "coordinates": [
          -49.49033,
          -11.44788
        ]
      }
    },
    {
      "type": "Feature",
      "properties": {
        "municipio": "LAGOA DA CONFUSÃO",
        "estado": "TOCANTINS",
        "bioma": "Cerrado",
        "date": "2026-06-04",
        "dias_sem_chuva": 22.0,
        "precipitacao": 0.0,
        "risco_fogo": 1.0,
        "indice": 82.1,
        "classe": "ponto de atenção preventivo"
      },
      "geometry": {
        "type": "Point",
        "coordinates": [
          -50.08811,
          -10.61762
        ]
      }
    },
    {
      "type": "Feature",
      "properties": {
        "municipio": "LORETO",
        "estado": "MARANHÃO",
        "bioma": "Cerrado",
        "date": "2026-06-04",
        "dias_sem_chuva": 22.0,
        "precipitacao": 0.0,
        "risco_fogo": 1.0,
        "indice": 82.1,
        "classe": "ponto de atenção preventivo"
      },
      "geometry": {
        "type": "Point",
        "coordinates": [
          -45.03357,
          -6.76765
        ]
      }
    },
    {
      "type": "Feature",
      "properties": {
        "municipio": "LAGOA DA CONFUSÃO",
        "estado": "TOCANTINS",
        "bioma": "Cerrado",
        "date": "2026-06-04",
        "dias_sem_chuva": 22.0,
        "precipitacao": 0.0,
        "risco_fogo": 1.0,
        "indice": 82.1,
        "classe": "ponto de atenção preventivo"
      },
      "geometry": {
        "type": "Point",
        "coordinates": [
          -50.07879,
          -10.62181
        ]
      }
    },
    {
      "type": "Feature",
      "properties": {
        "municipio": "ÁGUA BOA",
        "estado": "MATO GROSSO",
        "bioma": "Cerrado",
        "date": "2026-06-04",
        "dias_sem_chuva": 22.0,
        "precipitacao": 0.0,
        "risco_fogo": 1.0,
        "indice": 82.1,
        "classe": "ponto de atenção preventivo"
      },
      "geometry": {
        "type": "Point",
        "coordinates": [
          -52.80964,
          -13.78229
        ]
      }
    },
    {
      "type": "Feature",
      "properties": {
        "municipio": "LUCIARA",
        "estado": "MATO GROSSO",
        "bioma": "Cerrado",
        "date": "2026-06-04",
        "dias_sem_chuva": 22.0,
        "precipitacao": 0.0,
        "risco_fogo": 1.0,
        "indice": 82.1,
        "classe": "ponto de atenção preventivo"
      },
      "geometry": {
        "type": "Point",
        "coordinates": [
          -51.00941,
          -11.11176
        ]
      }
    },
    {
      "type": "Feature",
      "properties": {
        "municipio": "LAGOA DA CONFUSÃO",
        "estado": "TOCANTINS",
        "bioma": "Cerrado",
        "date": "2026-06-04",
        "dias_sem_chuva": 22.0,
        "precipitacao": 0.0,
        "risco_fogo": 1.0,
        "indice": 82.1,
        "classe": "ponto de atenção preventivo"
      },
      "geometry": {
        "type": "Point",
        "coordinates": [
          -50.08213,
          -10.6219
        ]
      }
    },
    {
      "type": "Feature",
      "properties": {
        "municipio": "LAGOA DA CONFUSÃO",
        "estado": "TOCANTINS",
        "bioma": "Cerrado",
        "date": "2026-06-04",
        "dias_sem_chuva": 22.0,
        "precipitacao": 0.0,
        "risco_fogo": 1.0,
        "indice": 82.1,
        "classe": "ponto de atenção preventivo"
      },
      "geometry": {
        "type": "Point",
        "coordinates": [
          -50.08596,
          -10.62245
        ]
      }
    },
    {
      "type": "Feature",
      "properties": {
        "municipio": "LAGOA DA CONFUSÃO",
        "estado": "TOCANTINS",
        "bioma": "Cerrado",
        "date": "2026-06-04",
        "dias_sem_chuva": 22.0,
        "precipitacao": 0.0,
        "risco_fogo": 1.0,
        "indice": 82.1,
        "classe": "ponto de atenção preventivo"
      },
      "geometry": {
        "type": "Point",
        "coordinates": [
          -50.08529,
          -10.61759
        ]
      }
    },
    {
      "type": "Feature",
      "properties": {
        "municipio": "SÃO FÉLIX DO ARAGUAIA",
        "estado": "MATO GROSSO",
        "bioma": "Amazônia",
        "date": "2026-06-04",
        "dias_sem_chuva": 22.0,
        "precipitacao": 0.0,
        "risco_fogo": 1.0,
        "indice": 82.1,
        "classe": "ponto de atenção preventivo"
      },
      "geometry": {
        "type": "Point",
        "coordinates": [
          -51.68873,
          -11.6574
        ]
      }
    },
    {
      "type": "Feature",
      "properties": {
        "municipio": "SÃO FÉLIX DO ARAGUAIA",
        "estado": "MATO GROSSO",
        "bioma": "Amazônia",
        "date": "2026-06-04",
        "dias_sem_chuva": 22.0,
        "precipitacao": 0.0,
        "risco_fogo": 1.0,
        "indice": 82.1,
        "classe": "ponto de atenção preventivo"
      },
      "geometry": {
        "type": "Point",
        "coordinates": [
          -51.68898,
          -11.65524
        ]
      }
    },
    {
      "type": "Feature",
      "properties": {
        "municipio": "DUERÉ",
        "estado": "TOCANTINS",
        "bioma": "Cerrado",
        "date": "2026-06-04",
        "dias_sem_chuva": 22.0,
        "precipitacao": 0.0,
        "risco_fogo": 1.0,
        "indice": 82.1,
        "classe": "ponto de atenção preventivo"
      },
      "geometry": {
        "type": "Point",
        "coordinates": [
          -49.4887,
          -11.44396
        ]
      }
    },
    {
      "type": "Feature",
      "properties": {
        "municipio": "LAGOA DA CONFUSÃO",
        "estado": "TOCANTINS",
        "bioma": "Cerrado",
        "date": "2026-06-04",
        "dias_sem_chuva": 22.0,
        "precipitacao": 0.0,
        "risco_fogo": 1.0,
        "indice": 82.1,
        "classe": "ponto de atenção preventivo"
      },
      "geometry": {
        "type": "Point",
        "coordinates": [
          -50.07905,
          -10.62452
        ]
      }
    },
    {
      "type": "Feature",
      "properties": {
        "municipio": "LAGOA DA CONFUSÃO",
        "estado": "TOCANTINS",
        "bioma": "Cerrado",
        "date": "2026-06-04",
        "dias_sem_chuva": 22.0,
        "precipitacao": 0.0,
        "risco_fogo": 1.0,
        "indice": 82.1,
        "classe": "ponto de atenção preventivo"
      },
      "geometry": {
        "type": "Point",
        "coordinates": [
          -50.08648,
          -10.61899
        ]
      }
    },
    {
      "type": "Feature",
      "properties": {
        "municipio": "LAGOA DA CONFUSÃO",
        "estado": "TOCANTINS",
        "bioma": "Cerrado",
        "date": "2026-06-04",
        "dias_sem_chuva": 22.0,
        "precipitacao": 0.0,
        "risco_fogo": 1.0,
        "indice": 82.1,
        "classe": "ponto de atenção preventivo"
      },
      "geometry": {
        "type": "Point",
        "coordinates": [
          -50.07779,
          -10.6248
        ]
      }
    },
    {
      "type": "Feature",
      "properties": {
        "municipio": "LUCIARA",
        "estado": "MATO GROSSO",
        "bioma": "Cerrado",
        "date": "2026-06-04",
        "dias_sem_chuva": 22.0,
        "precipitacao": 0.0,
        "risco_fogo": 1.0,
        "indice": 82.1,
        "classe": "ponto de atenção preventivo"
      },
      "geometry": {
        "type": "Point",
        "coordinates": [
          -51.01313,
          -11.11598
        ]
      }
    },
    {
      "type": "Feature",
      "properties": {
        "municipio": "CAMPOS LINDOS",
        "estado": "TOCANTINS",
        "bioma": "Cerrado",
        "date": "2026-06-04",
        "dias_sem_chuva": 24.0,
        "precipitacao": 0.2,
        "risco_fogo": 0.97,
        "indice": 81.9,
        "classe": "ponto de atenção preventivo"
      },
      "geometry": {
        "type": "Point",
        "coordinates": [
          -46.79522,
          -8.05
        ]
      }
    },
    {
      "type": "Feature",
      "properties": {
        "municipio": "CAMPOS LINDOS",
        "estado": "TOCANTINS",
        "bioma": "Cerrado",
        "date": "2026-06-04",
        "dias_sem_chuva": 24.0,
        "precipitacao": 0.2,
        "risco_fogo": 0.97,
        "indice": 81.9,
        "classe": "ponto de atenção preventivo"
      },
      "geometry": {
        "type": "Point",
        "coordinates": [
          -46.79575,
          -8.05341
        ]
      }
    },
    {
      "type": "Feature",
      "properties": {
        "municipio": "CAMPOS LINDOS",
        "estado": "TOCANTINS",
        "bioma": "Cerrado",
        "date": "2026-06-04",
        "dias_sem_chuva": 24.0,
        "precipitacao": 0.2,
        "risco_fogo": 0.97,
        "indice": 81.9,
        "classe": "ponto de atenção preventivo"
      },
      "geometry": {
        "type": "Point",
        "coordinates": [
          -46.79552,
          -8.04936
        ]
      }
    },
    {
      "type": "Feature",
      "properties": {
        "municipio": "MIRANORTE",
        "estado": "TOCANTINS",
        "bioma": "Cerrado",
        "date": "2026-06-04",
        "dias_sem_chuva": 28.0,
        "precipitacao": 0.0,
        "risco_fogo": 0.91,
        "indice": 81.8,
        "classe": "ponto de atenção preventivo"
      },
      "geometry": {
        "type": "Point",
        "coordinates": [
          -48.6214,
          -9.39175
        ]
      }
    },
    {
      "type": "Feature",
      "properties": {
        "municipio": "TOCANTÍNIA",
        "estado": "TOCANTINS",
        "bioma": "Cerrado",
        "date": "2026-06-04",
        "dias_sem_chuva": 25.0,
        "precipitacao": 0.0,
        "risco_fogo": 0.95,
        "indice": 81.7,
        "classe": "ponto de atenção preventivo"
      },
      "geometry": {
        "type": "Point",
        "coordinates": [
          -48.30811,
          -9.3649
        ]
      }
    },
    {
      "type": "Feature",
      "properties": {
        "municipio": "LAGOA DO TOCANTINS",
        "estado": "TOCANTINS",
        "bioma": "Cerrado",
        "date": "2026-06-04",
        "dias_sem_chuva": 25.0,
        "precipitacao": 0.0,
        "risco_fogo": 0.95,
        "indice": 81.7,
        "classe": "ponto de atenção preventivo"
      },
      "geometry": {
        "type": "Point",
        "coordinates": [
          -47.39941,
          -10.24199
        ]
      }
    },
    {
      "type": "Feature",
      "properties": {
        "municipio": "LAGOA DA CONFUSÃO",
        "estado": "TOCANTINS",
        "bioma": "Cerrado",
        "date": "2026-06-04",
        "dias_sem_chuva": 22.0,
        "precipitacao": 0.0,
        "risco_fogo": 0.99,
        "indice": 81.6,
        "classe": "ponto de atenção preventivo"
      },
      "geometry": {
        "type": "Point",
        "coordinates": [
          -50.09021,
          -10.61842
        ]
      }
    },
    {
      "type": "Feature",
      "properties": {
        "municipio": "CAMPOS LINDOS",
        "estado": "TOCANTINS",
        "bioma": "Cerrado",
        "date": "2026-06-04",
        "dias_sem_chuva": 24.0,
        "precipitacao": 0.0,
        "risco_fogo": 0.96,
        "indice": 81.5,
        "classe": "ponto de atenção preventivo"
      },
      "geometry": {
        "type": "Point",
        "coordinates": [
          -46.89752,
          -8.4097
        ]
      }
    },
    {
      "type": "Feature",
      "properties": {
        "municipio": "MIRACEMA DO TOCANTINS",
        "estado": "TOCANTINS",
        "bioma": "Cerrado",
        "date": "2026-06-04",
        "dias_sem_chuva": 29.0,
        "precipitacao": 0.0,
        "risco_fogo": 0.89,
        "indice": 81.5,
        "classe": "ponto de atenção preventivo"
      },
      "geometry": {
        "type": "Point",
        "coordinates": [
          -48.44252,
          -9.39563
        ]
      }
    },
    {
      "type": "Feature",
      "properties": {
        "municipio": "RIO SONO",
        "estado": "TOCANTINS",
        "bioma": "Cerrado",
        "date": "2026-06-04",
        "dias_sem_chuva": 34.0,
        "precipitacao": 0.0,
        "risco_fogo": 0.82,
        "indice": 81.5,
        "classe": "ponto de atenção preventivo"
      },
      "geometry": {
        "type": "Point",
        "coordinates": [
          -47.87584,
          -9.75737
        ]
      }
    },
    {
      "type": "Feature",
      "properties": {
        "municipio": "RIO SONO",
        "estado": "TOCANTINS",
        "bioma": "Cerrado",
        "date": "2026-06-04",
        "dias_sem_chuva": 34.0,
        "precipitacao": 0.0,
        "risco_fogo": 0.82,
        "indice": 81.5,
        "classe": "ponto de atenção preventivo"
      },
      "geometry": {
        "type": "Point",
        "coordinates": [
          -47.87576,
          -9.75457
        ]
      }
    },
    {
      "type": "Feature",
      "properties": {
        "municipio": "RIO SONO",
        "estado": "TOCANTINS",
        "bioma": "Cerrado",
        "date": "2026-06-04",
        "dias_sem_chuva": 34.0,
        "precipitacao": 0.0,
        "risco_fogo": 0.82,
        "indice": 81.5,
        "classe": "ponto de atenção preventivo"
      },
      "geometry": {
        "type": "Point",
        "coordinates": [
          -47.87658,
          -9.7562
        ]
      }
    },
    {
      "type": "Feature",
      "properties": {
        "municipio": "CAMPOS LINDOS",
        "estado": "TOCANTINS",
        "bioma": "Cerrado",
        "date": "2026-06-04",
        "dias_sem_chuva": 24.0,
        "precipitacao": 0.0,
        "risco_fogo": 0.96,
        "indice": 81.5,
        "classe": "ponto de atenção preventivo"
      },
      "geometry": {
        "type": "Point",
        "coordinates": [
          -46.88077,
          -8.39402
        ]
      }
    },
    {
      "type": "Feature",
      "properties": {
        "municipio": "RIO SONO",
        "estado": "TOCANTINS",
        "bioma": "Cerrado",
        "date": "2026-06-04",
        "dias_sem_chuva": 33.0,
        "precipitacao": 0.0,
        "risco_fogo": 0.83,
        "indice": 81.3,
        "classe": "ponto de atenção preventivo"
      },
      "geometry": {
        "type": "Point",
        "coordinates": [
          -47.87729,
          -9.75164
        ]
      }
    },
    {
      "type": "Feature",
      "properties": {
        "municipio": "LAGOA DA CONFUSÃO",
        "estado": "TOCANTINS",
        "bioma": "Cerrado",
        "date": "2026-06-04",
        "dias_sem_chuva": 21.0,
        "precipitacao": 0.0,
        "risco_fogo": 1.0,
        "indice": 81.3,
        "classe": "ponto de atenção preventivo"
      },
      "geometry": {
        "type": "Point",
        "coordinates": [
          -50.09253,
          -10.60557
        ]
      }
    },
    {
      "type": "Feature",
      "properties": {
        "municipio": "SÃO FÉLIX DO ARAGUAIA",
        "estado": "MATO GROSSO",
        "bioma": "Amazônia",
        "date": "2026-06-04",
        "dias_sem_chuva": 21.0,
        "precipitacao": 0.0,
        "risco_fogo": 1.0,
        "indice": 81.3,
        "classe": "ponto de atenção preventivo"
      },
      "geometry": {
        "type": "Point",
        "coordinates": [
          -51.69104,
          -11.65782
        ]
      }
    },
    {
      "type": "Feature",
      "properties": {
        "municipio": "DUERÉ",
        "estado": "TOCANTINS",
        "bioma": "Cerrado",
        "date": "2026-06-04",
        "dias_sem_chuva": 21.0,
        "precipitacao": 0.0,
        "risco_fogo": 1.0,
        "indice": 81.3,
        "classe": "ponto de atenção preventivo"
      },
      "geometry": {
        "type": "Point",
        "coordinates": [
          -49.48601,
          -11.44703
        ]
      }
    },
    {
      "type": "Feature",
      "properties": {
        "municipio": "SÃO JOÃO DA PONTE",
        "estado": "MINAS GERAIS",
        "bioma": "Caatinga",
        "date": "2026-06-04",
        "dias_sem_chuva": 21.0,
        "precipitacao": 0.0,
        "risco_fogo": 1.0,
        "indice": 81.3,
        "classe": "ponto de atenção preventivo"
      },
      "geometry": {
        "type": "Point",
        "coordinates": [
          -43.8207,
          -15.9466
        ]
      }
    },
    {
      "type": "Feature",
      "properties": {
        "municipio": "GUARAÍ",
        "estado": "TOCANTINS",
        "bioma": "Cerrado",
        "date": "2026-06-04",
        "dias_sem_chuva": 21.0,
        "precipitacao": 0.0,
        "risco_fogo": 1.0,
        "indice": 81.3,
        "classe": "ponto de atenção preventivo"
      },
      "geometry": {
        "type": "Point",
        "coordinates": [
          -48.3423,
          -8.7396
        ]
      }
    },
    {
      "type": "Feature",
      "properties": {
        "municipio": "LAGOA DA CONFUSÃO",
        "estado": "TOCANTINS",
        "bioma": "Cerrado",
        "date": "2026-06-04",
        "dias_sem_chuva": 21.0,
        "precipitacao": 0.0,
        "risco_fogo": 1.0,
        "indice": 81.3,
        "classe": "ponto de atenção preventivo"
      },
      "geometry": {
        "type": "Point",
        "coordinates": [
          -50.08508,
          -10.61105
        ]
      }
    },
    {
      "type": "Feature",
      "properties": {
        "municipio": "LAGOA DA CONFUSÃO",
        "estado": "TOCANTINS",
        "bioma": "Cerrado",
        "date": "2026-06-04",
        "dias_sem_chuva": 21.0,
        "precipitacao": 0.0,
        "risco_fogo": 1.0,
        "indice": 81.3,
        "classe": "ponto de atenção preventivo"
      },
      "geometry": {
        "type": "Point",
        "coordinates": [
          -50.08661,
          -10.60983
        ]
      }
    },
    {
      "type": "Feature",
      "properties": {
        "municipio": "SANTA FÉ DE MINAS",
        "estado": "MINAS GERAIS",
        "bioma": "Cerrado",
        "date": "2026-06-04",
        "dias_sem_chuva": 21.0,
        "precipitacao": 0.0,
        "risco_fogo": 1.0,
        "indice": 81.3,
        "classe": "ponto de atenção preventivo"
      },
      "geometry": {
        "type": "Point",
        "coordinates": [
          -45.88562,
          -16.5861
        ]
      }
    },
    {
      "type": "Feature",
      "properties": {
        "municipio": "GUARAÍ",
        "estado": "TOCANTINS",
        "bioma": "Cerrado",
        "date": "2026-06-04",
        "dias_sem_chuva": 21.0,
        "precipitacao": 0.0,
        "risco_fogo": 1.0,
        "indice": 81.3,
        "classe": "ponto de atenção preventivo"
      },
      "geometry": {
        "type": "Point",
        "coordinates": [
          -48.3423,
          -8.7396
        ]
      }
    },
    {
      "type": "Feature",
      "properties": {
        "municipio": "GUARAÍ",
        "estado": "TOCANTINS",
        "bioma": "Cerrado",
        "date": "2026-06-04",
        "dias_sem_chuva": 21.0,
        "precipitacao": 0.0,
        "risco_fogo": 1.0,
        "indice": 81.3,
        "classe": "ponto de atenção preventivo"
      },
      "geometry": {
        "type": "Point",
        "coordinates": [
          -48.3423,
          -8.7396
        ]
      }
    },
    {
      "type": "Feature",
      "properties": {
        "municipio": "LAGOA DA CONFUSÃO",
        "estado": "TOCANTINS",
        "bioma": "Cerrado",
        "date": "2026-06-04",
        "dias_sem_chuva": 21.0,
        "precipitacao": 0.0,
        "risco_fogo": 1.0,
        "indice": 81.3,
        "classe": "ponto de atenção preventivo"
      },
      "geometry": {
        "type": "Point",
        "coordinates": [
          -50.0892,
          -10.61185
        ]
      }
    },
    {
      "type": "Feature",
      "properties": {
        "municipio": "LAGOA DA CONFUSÃO",
        "estado": "TOCANTINS",
        "bioma": "Cerrado",
        "date": "2026-06-04",
        "dias_sem_chuva": 21.0,
        "precipitacao": 0.0,
        "risco_fogo": 1.0,
        "indice": 81.3,
        "classe": "ponto de atenção preventivo"
      },
      "geometry": {
        "type": "Point",
        "coordinates": [
          -50.09133,
          -10.61263
        ]
      }
    },
    {
      "type": "Feature",
      "properties": {
        "municipio": "LAGOA DA CONFUSÃO",
        "estado": "TOCANTINS",
        "bioma": "Cerrado",
        "date": "2026-06-04",
        "dias_sem_chuva": 21.0,
        "precipitacao": 0.0,
        "risco_fogo": 1.0,
        "indice": 81.3,
        "classe": "ponto de atenção preventivo"
      },
      "geometry": {
        "type": "Point",
        "coordinates": [
          -50.08804,
          -10.60961
        ]
      }
    },
    {
      "type": "Feature",
      "properties": {
        "municipio": "LAGOA DA CONFUSÃO",
        "estado": "TOCANTINS",
        "bioma": "Cerrado",
        "date": "2026-06-04",
        "dias_sem_chuva": 21.0,
        "precipitacao": 0.0,
        "risco_fogo": 1.0,
        "indice": 81.3,
        "classe": "ponto de atenção preventivo"
      },
      "geometry": {
        "type": "Point",
        "coordinates": [
          -50.08753,
          -10.61307
        ]
      }
    },
    {
      "type": "Feature",
      "properties": {
        "municipio": "LAGOA DA CONFUSÃO",
        "estado": "TOCANTINS",
        "bioma": "Cerrado",
        "date": "2026-06-04",
        "dias_sem_chuva": 21.0,
        "precipitacao": 0.0,
        "risco_fogo": 1.0,
        "indice": 81.3,
        "classe": "ponto de atenção preventivo"
      },
      "geometry": {
        "type": "Point",
        "coordinates": [
          -50.09187,
          -10.61018
        ]
      }
    },
    {
      "type": "Feature",
      "properties": {
        "municipio": "SANTA FÉ DE MINAS",
        "estado": "MINAS GERAIS",
        "bioma": "Cerrado",
        "date": "2026-06-04",
        "dias_sem_chuva": 21.0,
        "precipitacao": 0.0,
        "risco_fogo": 1.0,
        "indice": 81.3,
        "classe": "ponto de atenção preventivo"
      },
      "geometry": {
        "type": "Point",
        "coordinates": [
          -45.88501,
          -16.58267
        ]
      }
    },
    {
      "type": "Feature",
      "properties": {
        "municipio": "SANTA FÉ DE MINAS",
        "estado": "MINAS GERAIS",
        "bioma": "Cerrado",
        "date": "2026-06-04",
        "dias_sem_chuva": 21.0,
        "precipitacao": 0.0,
        "risco_fogo": 1.0,
        "indice": 81.3,
        "classe": "ponto de atenção preventivo"
      },
      "geometry": {
        "type": "Point",
        "coordinates": [
          -45.88112,
          -16.58331
        ]
      }
    },
    {
      "type": "Feature",
      "properties": {
        "municipio": "SANTA FÉ DE MINAS",
        "estado": "MINAS GERAIS",
        "bioma": "Cerrado",
        "date": "2026-06-04",
        "dias_sem_chuva": 21.0,
        "precipitacao": 0.0,
        "risco_fogo": 1.0,
        "indice": 81.3,
        "classe": "ponto de atenção preventivo"
      },
      "geometry": {
        "type": "Point",
        "coordinates": [
          -45.88052,
          -16.57989
        ]
      }
    },
    {
      "type": "Feature",
      "properties": {
        "municipio": "LAGOA DA CONFUSÃO",
        "estado": "TOCANTINS",
        "bioma": "Cerrado",
        "date": "2026-06-04",
        "dias_sem_chuva": 21.0,
        "precipitacao": 0.0,
        "risco_fogo": 1.0,
        "indice": 81.3,
        "classe": "ponto de atenção preventivo"
      },
      "geometry": {
        "type": "Point",
        "coordinates": [
          -50.09153,
          -10.61066
        ]
      }
    },
    {
      "type": "Feature",
      "properties": {
        "municipio": "LAGOA DA CONFUSÃO",
        "estado": "TOCANTINS",
        "bioma": "Cerrado",
        "date": "2026-06-04",
        "dias_sem_chuva": 21.0,
        "precipitacao": 0.0,
        "risco_fogo": 1.0,
        "indice": 81.3,
        "classe": "ponto de atenção preventivo"
      },
      "geometry": {
        "type": "Point",
        "coordinates": [
          -50.0875,
          -10.61208
        ]
      }
    },
    {
      "type": "Feature",
      "properties": {
        "municipio": "NATALÂNDIA",
        "estado": "MINAS GERAIS",
        "bioma": "Cerrado",
        "date": "2026-06-04",
        "dias_sem_chuva": 21.0,
        "precipitacao": 0.0,
        "risco_fogo": 1.0,
        "indice": 81.3,
        "classe": "ponto de atenção preventivo"
      },
      "geometry": {
        "type": "Point",
        "coordinates": [
          -46.4389,
          -16.55448
        ]
      }
    },
    {
      "type": "Feature",
      "properties": {
        "municipio": "GUARAÍ",
        "estado": "TOCANTINS",
        "bioma": "Cerrado",
        "date": "2026-06-04",
        "dias_sem_chuva": 21.0,
        "precipitacao": 0.0,
        "risco_fogo": 1.0,
        "indice": 81.3,
        "classe": "ponto de atenção preventivo"
      },
      "geometry": {
        "type": "Point",
        "coordinates": [
          -48.3423,
          -8.7396
        ]
      }
    },
    {
      "type": "Feature",
      "properties": {
        "municipio": "NATALÂNDIA",
        "estado": "MINAS GERAIS",
        "bioma": "Cerrado",
        "date": "2026-06-04",
        "dias_sem_chuva": 21.0,
        "precipitacao": 0.0,
        "risco_fogo": 1.0,
        "indice": 81.3,
        "classe": "ponto de atenção preventivo"
      },
      "geometry": {
        "type": "Point",
        "coordinates": [
          -46.42635,
          -16.55236
        ]
      }
    },
    {
      "type": "Feature",
      "properties": {
        "municipio": "LAGOA DA CONFUSÃO",
        "estado": "TOCANTINS",
        "bioma": "Cerrado",
        "date": "2026-06-04",
        "dias_sem_chuva": 21.0,
        "precipitacao": 0.0,
        "risco_fogo": 1.0,
        "indice": 81.3,
        "classe": "ponto de atenção preventivo"
      },
      "geometry": {
        "type": "Point",
        "coordinates": [
          -50.09219,
          -10.60678
        ]
      }
    },
    {
      "type": "Feature",
      "properties": {
        "municipio": "ALTO PARNAÍBA",
        "estado": "MARANHÃO",
        "bioma": "Cerrado",
        "date": "2026-06-04",
        "dias_sem_chuva": 25.0,
        "precipitacao": 0.0,
        "risco_fogo": 0.94,
        "indice": 81.1,
        "classe": "ponto de atenção preventivo"
      },
      "geometry": {
        "type": "Point",
        "coordinates": [
          -46.31741,
          -9.03852
        ]
      }
    },
    {
      "type": "Feature",
      "properties": {
        "municipio": "CAMPOS LINDOS",
        "estado": "TOCANTINS",
        "bioma": "Cerrado",
        "date": "2026-06-04",
        "dias_sem_chuva": 24.0,
        "precipitacao": 0.0,
        "risco_fogo": 0.95,
        "indice": 80.9,
        "classe": "ponto de atenção preventivo"
      },
      "geometry": {
        "type": "Point",
        "coordinates": [
          -46.80335,
          -8.34852
        ]
      }
    },
    {
      "type": "Feature",
      "properties": {
        "municipio": "SÃO FÉLIX DO ARAGUAIA",
        "estado": "MATO GROSSO",
        "bioma": "Cerrado",
        "date": "2026-06-04",
        "dias_sem_chuva": 24.0,
        "precipitacao": 0.0,
        "risco_fogo": 0.95,
        "indice": 80.9,
        "classe": "ponto de atenção preventivo"
      },
      "geometry": {
        "type": "Point",
        "coordinates": [
          -50.90842,
          -11.51233
        ]
      }
    },
    {
      "type": "Feature",
      "properties": {
        "municipio": "TOCANTÍNIA",
        "estado": "TOCANTINS",
        "bioma": "Cerrado",
        "date": "2026-06-04",
        "dias_sem_chuva": 24.0,
        "precipitacao": 0.0,
        "risco_fogo": 0.95,
        "indice": 80.9,
        "classe": "ponto de atenção preventivo"
      },
      "geometry": {
        "type": "Point",
        "coordinates": [
          -48.29772,
          -9.34327
        ]
      }
    },
    {
      "type": "Feature",
      "properties": {
        "municipio": "BURITIS",
        "estado": "MINAS GERAIS",
        "bioma": "Cerrado",
        "date": "2026-06-04",
        "dias_sem_chuva": 20.0,
        "precipitacao": 0.0,
        "risco_fogo": 1.0,
        "indice": 80.6,
        "classe": "ponto de atenção preventivo"
      },
      "geometry": {
        "type": "Point",
        "coordinates": [
          -46.5221,
          -15.41641
        ]
      }
    },
    {
      "type": "Feature",
      "properties": {
        "municipio": "BURITIS",
        "estado": "MINAS GERAIS",
        "bioma": "Cerrado",
        "date": "2026-06-04",
        "dias_sem_chuva": 20.0,
        "precipitacao": 0.0,
        "risco_fogo": 1.0,
        "indice": 80.6,
        "classe": "ponto de atenção preventivo"
      },
      "geometry": {
        "type": "Point",
        "coordinates": [
          -46.52156,
          -15.41972
        ]
      }
    },
    {
      "type": "Feature",
      "properties": {
        "municipio": "CONFRESA",
        "estado": "MATO GROSSO",
        "bioma": "Amazônia",
        "date": "2026-06-04",
        "dias_sem_chuva": 20.0,
        "precipitacao": 0.0,
        "risco_fogo": 1.0,
        "indice": 80.6,
        "classe": "ponto de atenção preventivo"
      },
      "geometry": {
        "type": "Point",
        "coordinates": [
          -51.94315,
          -10.51145
        ]
      }
    },
    {
      "type": "Feature",
      "properties": {
        "municipio": "BURITIS",
        "estado": "MINAS GERAIS",
        "bioma": "Cerrado",
        "date": "2026-06-04",
        "dias_sem_chuva": 20.0,
        "precipitacao": 0.0,
        "risco_fogo": 1.0,
        "indice": 80.6,
        "classe": "ponto de atenção preventivo"
      },
      "geometry": {
        "type": "Point",
        "coordinates": [
          -46.5105,
          -15.4306
        ]
      }
    },
    {
      "type": "Feature",
      "properties": {
        "municipio": "BURITIS",
        "estado": "MINAS GERAIS",
        "bioma": "Cerrado",
        "date": "2026-06-04",
        "dias_sem_chuva": 20.0,
        "precipitacao": 0.0,
        "risco_fogo": 1.0,
        "indice": 80.6,
        "classe": "ponto de atenção preventivo"
      },
      "geometry": {
        "type": "Point",
        "coordinates": [
          -46.52398,
          -15.41542
        ]
      }
    },
    {
      "type": "Feature",
      "properties": {
        "municipio": "CONFRESA",
        "estado": "MATO GROSSO",
        "bioma": "Amazônia",
        "date": "2026-06-04",
        "dias_sem_chuva": 20.0,
        "precipitacao": 0.0,
        "risco_fogo": 1.0,
        "indice": 80.6,
        "classe": "ponto de atenção preventivo"
      },
      "geometry": {
        "type": "Point",
        "coordinates": [
          -51.92215,
          -10.46459
        ]
      }
    },
    {
      "type": "Feature",
      "properties": {
        "municipio": "SÃO JOÃO DA PONTE",
        "estado": "MINAS GERAIS",
        "bioma": "Caatinga",
        "date": "2026-06-04",
        "dias_sem_chuva": 20.0,
        "precipitacao": 0.0,
        "risco_fogo": 1.0,
        "indice": 80.6,
        "classe": "ponto de atenção preventivo"
      },
      "geometry": {
        "type": "Point",
        "coordinates": [
          -43.82147,
          -15.94413
        ]
      }
    },
    {
      "type": "Feature",
      "properties": {
        "municipio": "BURITIS",
        "estado": "MINAS GERAIS",
        "bioma": "Cerrado",
        "date": "2026-06-04",
        "dias_sem_chuva": 20.0,
        "precipitacao": 0.0,
        "risco_fogo": 1.0,
        "indice": 80.6,
        "classe": "ponto de atenção preventivo"
      },
      "geometry": {
        "type": "Point",
        "coordinates": [
          -46.52288,
          -15.41875
        ]
      }
    },
    {
      "type": "Feature",
      "properties": {
        "municipio": "CONFRESA",
        "estado": "MATO GROSSO",
        "bioma": "Amazônia",
        "date": "2026-06-04",
        "dias_sem_chuva": 20.0,
        "precipitacao": 0.0,
        "risco_fogo": 1.0,
        "indice": 80.6,
        "classe": "ponto de atenção preventivo"
      },
      "geometry": {
        "type": "Point",
        "coordinates": [
          -51.92506,
          -10.47273
        ]
      }
    },
    {
      "type": "Feature",
      "properties": {
        "municipio": "RIO MARIA",
        "estado": "PARÁ",
        "bioma": "Amazônia",
        "date": "2026-06-04",
        "dias_sem_chuva": 20.0,
        "precipitacao": 0.0,
        "risco_fogo": 1.0,
        "indice": 80.6,
        "classe": "ponto de atenção preventivo"
      },
      "geometry": {
        "type": "Point",
        "coordinates": [
          -49.88602,
          -7.54334
        ]
      }
    },
    {
      "type": "Feature",
      "properties": {
        "municipio": "CONFRESA",
        "estado": "MATO GROSSO",
        "bioma": "Amazônia",
        "date": "2026-06-04",
        "dias_sem_chuva": 20.0,
        "precipitacao": 0.0,
        "risco_fogo": 1.0,
        "indice": 80.6,
        "classe": "ponto de atenção preventivo"
      },
      "geometry": {
        "type": "Point",
        "coordinates": [
          -51.91871,
          -10.4604
        ]
      }
    },
    {
      "type": "Feature",
      "properties": {
        "municipio": "SÃO FÉLIX DO ARAGUAIA",
        "estado": "MATO GROSSO",
        "bioma": "Cerrado",
        "date": "2026-06-04",
        "dias_sem_chuva": 20.0,
        "precipitacao": 0.0,
        "risco_fogo": 1.0,
        "indice": 80.6,
        "classe": "ponto de atenção preventivo"
      },
      "geometry": {
        "type": "Point",
        "coordinates": [
          -51.1372,
          -11.35804
        ]
      }
    },
    {
      "type": "Feature",
      "properties": {
        "municipio": "CONFRESA",
        "estado": "MATO GROSSO",
        "bioma": "Amazônia",
        "date": "2026-06-04",
        "dias_sem_chuva": 20.0,
        "precipitacao": 0.0,
        "risco_fogo": 1.0,
        "indice": 80.6,
        "classe": "ponto de atenção preventivo"
      },
      "geometry": {
        "type": "Point",
        "coordinates": [
          -51.92155,
          -10.46812
        ]
      }
    },
    {
      "type": "Feature",
      "properties": {
        "municipio": "CONFRESA",
        "estado": "MATO GROSSO",
        "bioma": "Amazônia",
        "date": "2026-06-04",
        "dias_sem_chuva": 20.0,
        "precipitacao": 0.0,
        "risco_fogo": 1.0,
        "indice": 80.6,
        "classe": "ponto de atenção preventivo"
      },
      "geometry": {
        "type": "Point",
        "coordinates": [
          -51.91812,
          -10.46393
        ]
      }
    },
    {
      "type": "Feature",
      "properties": {
        "municipio": "CONFRESA",
        "estado": "MATO GROSSO",
        "bioma": "Amazônia",
        "date": "2026-06-04",
        "dias_sem_chuva": 20.0,
        "precipitacao": 0.0,
        "risco_fogo": 1.0,
        "indice": 80.6,
        "classe": "ponto de atenção preventivo"
      },
      "geometry": {
        "type": "Point",
        "coordinates": [
          -51.92262,
          -10.46681
        ]
      }
    },
    {
      "type": "Feature",
      "properties": {
        "municipio": "CONFRESA",
        "estado": "MATO GROSSO",
        "bioma": "Amazônia",
        "date": "2026-06-04",
        "dias_sem_chuva": 20.0,
        "precipitacao": 0.0,
        "risco_fogo": 1.0,
        "indice": 80.6,
        "classe": "ponto de atenção preventivo"
      },
      "geometry": {
        "type": "Point",
        "coordinates": [
          -51.92036,
          -10.46498
        ]
      }
    },
    {
      "type": "Feature",
      "properties": {
        "municipio": "BURITIS",
        "estado": "MINAS GERAIS",
        "bioma": "Cerrado",
        "date": "2026-06-04",
        "dias_sem_chuva": 20.0,
        "precipitacao": 0.0,
        "risco_fogo": 1.0,
        "indice": 80.6,
        "classe": "ponto de atenção preventivo"
      },
      "geometry": {
        "type": "Point",
        "coordinates": [
          -46.51817,
          -15.41787
        ]
      }
    },
    {
      "type": "Feature",
      "properties": {
        "municipio": "CONFRESA",
        "estado": "MATO GROSSO",
        "bioma": "Amazônia",
        "date": "2026-06-04",
        "dias_sem_chuva": 20.0,
        "precipitacao": 0.0,
        "risco_fogo": 1.0,
        "indice": 80.6,
        "classe": "ponto de atenção preventivo"
      },
      "geometry": {
        "type": "Point",
        "coordinates": [
          -51.94246,
          -10.51367
        ]
      }
    },
    {
      "type": "Feature",
      "properties": {
        "municipio": "BURITIS",
        "estado": "MINAS GERAIS",
        "bioma": "Cerrado",
        "date": "2026-06-04",
        "dias_sem_chuva": 20.0,
        "precipitacao": 0.0,
        "risco_fogo": 1.0,
        "indice": 80.6,
        "classe": "ponto de atenção preventivo"
      },
      "geometry": {
        "type": "Point",
        "coordinates": [
          -46.51814,
          -15.41415
        ]
      }
    },
    {
      "type": "Feature",
      "properties": {
        "municipio": "FLORIANO",
        "estado": "PIAUÍ",
        "bioma": "Caatinga",
        "date": "2026-06-04",
        "dias_sem_chuva": 20.0,
        "precipitacao": 0.0,
        "risco_fogo": 1.0,
        "indice": 80.6,
        "classe": "ponto de atenção preventivo"
      },
      "geometry": {
        "type": "Point",
        "coordinates": [
          -43.21552,
          -6.77282
        ]
      }
    },
    {
      "type": "Feature",
      "properties": {
        "municipio": "FLORESTA DO ARAGUAIA",
        "estado": "PARÁ",
        "bioma": "Amazônia",
        "date": "2026-06-04",
        "dias_sem_chuva": 20.0,
        "precipitacao": 0.0,
        "risco_fogo": 1.0,
        "indice": 80.6,
        "classe": "ponto de atenção preventivo"
      },
      "geometry": {
        "type": "Point",
        "coordinates": [
          -49.76628,
          -7.40096
        ]
      }
    },
    {
      "type": "Feature",
      "properties": {
        "municipio": "CUMARU DO NORTE",
        "estado": "PARÁ",
        "bioma": "Amazônia",
        "date": "2026-06-04",
        "dias_sem_chuva": 20.0,
        "precipitacao": 0.0,
        "risco_fogo": 1.0,
        "indice": 80.6,
        "classe": "ponto de atenção preventivo"
      },
      "geometry": {
        "type": "Point",
        "coordinates": [
          -50.93716,
          -8.10532
        ]
      }
    },
    {
      "type": "Feature",
      "properties": {
        "municipio": "GOIANORTE",
        "estado": "TOCANTINS",
        "bioma": "Cerrado",
        "date": "2026-06-04",
        "dias_sem_chuva": 20.0,
        "precipitacao": 0.0,
        "risco_fogo": 1.0,
        "indice": 80.6,
        "classe": "ponto de atenção preventivo"
      },
      "geometry": {
        "type": "Point",
        "coordinates": [
          -49.17986,
          -8.88057
        ]
      }
    },
    {
      "type": "Feature",
      "properties": {
        "municipio": "SANTANA DO ARAGUAIA",
        "estado": "PARÁ",
        "bioma": "Amazônia",
        "date": "2026-06-04",
        "dias_sem_chuva": 20.0,
        "precipitacao": 0.0,
        "risco_fogo": 1.0,
        "indice": 80.6,
        "classe": "ponto de atenção preventivo"
      },
      "geometry": {
        "type": "Point",
        "coordinates": [
          -50.6074,
          -9.0887
        ]
      }
    },
    {
      "type": "Feature",
      "properties": {
        "municipio": "SÃO FÉLIX DO ARAGUAIA",
        "estado": "MATO GROSSO",
        "bioma": "Cerrado",
        "date": "2026-06-04",
        "dias_sem_chuva": 20.0,
        "precipitacao": 0.0,
        "risco_fogo": 1.0,
        "indice": 80.6,
        "classe": "ponto de atenção preventivo"
      },
      "geometry": {
        "type": "Point",
        "coordinates": [
          -51.13113,
          -11.35707
        ]
      }
    },
    {
      "type": "Feature",
      "properties": {
        "municipio": "ARINOS",
        "estado": "MINAS GERAIS",
        "bioma": "Cerrado",
        "date": "2026-06-04",
        "dias_sem_chuva": 20.0,
        "precipitacao": 0.0,
        "risco_fogo": 1.0,
        "indice": 80.6,
        "classe": "ponto de atenção preventivo"
      },
      "geometry": {
        "type": "Point",
        "coordinates": [
          -46.0579,
          -15.7542
        ]
      }
    },
    {
      "type": "Feature",
      "properties": {
        "municipio": "SANTA FÉ DE MINAS",
        "estado": "MINAS GERAIS",
        "bioma": "Cerrado",
        "date": "2026-06-04",
        "dias_sem_chuva": 20.0,
        "precipitacao": 0.0,
        "risco_fogo": 1.0,
        "indice": 80.6,
        "classe": "ponto de atenção preventivo"
      },
      "geometry": {
        "type": "Point",
        "coordinates": [
          -45.87664,
          -16.58053
        ]
      }
    },
    {
      "type": "Feature",
      "properties": {
        "municipio": "LAGOA DA CONFUSÃO",
        "estado": "TOCANTINS",
        "bioma": "Cerrado",
        "date": "2026-06-04",
        "dias_sem_chuva": 20.0,
        "precipitacao": 0.0,
        "risco_fogo": 1.0,
        "indice": 80.6,
        "classe": "ponto de atenção preventivo"
      },
      "geometry": {
        "type": "Point",
        "coordinates": [
          -50.08617,
          -10.60528
        ]
      }
    },
    {
      "type": "Feature",
      "properties": {
        "municipio": "JOÃO PINHEIRO",
        "estado": "MINAS GERAIS",
        "bioma": "Cerrado",
        "date": "2026-06-04",
        "dias_sem_chuva": 20.0,
        "precipitacao": 0.0,
        "risco_fogo": 1.0,
        "indice": 80.6,
        "classe": "ponto de atenção preventivo"
      },
      "geometry": {
        "type": "Point",
        "coordinates": [
          -46.44253,
          -17.50171
        ]
      }
    },
    {
      "type": "Feature",
      "properties": {
        "municipio": "SÃO FÉLIX DO ARAGUAIA",
        "estado": "MATO GROSSO",
        "bioma": "Cerrado",
        "date": "2026-06-04",
        "dias_sem_chuva": 20.0,
        "precipitacao": 0.0,
        "risco_fogo": 1.0,
        "indice": 80.6,
        "classe": "ponto de atenção preventivo"
      },
      "geometry": {
        "type": "Point",
        "coordinates": [
          -51.13379,
          -11.35739
        ]
      }
    },
    {
      "type": "Feature",
      "properties": {
        "municipio": "CONFRESA",
        "estado": "MATO GROSSO",
        "bioma": "Amazônia",
        "date": "2026-06-04",
        "dias_sem_chuva": 20.0,
        "precipitacao": 0.0,
        "risco_fogo": 1.0,
        "indice": 80.6,
        "classe": "ponto de atenção preventivo"
      },
      "geometry": {
        "type": "Point",
        "coordinates": [
          -51.92639,
          -10.46396
        ]
      }
    },
    {
      "type": "Feature",
      "properties": {
        "municipio": "BURITIS",
        "estado": "MINAS GERAIS",
        "bioma": "Cerrado",
        "date": "2026-06-04",
        "dias_sem_chuva": 20.0,
        "precipitacao": 0.0,
        "risco_fogo": 1.0,
        "indice": 80.6,
        "classe": "ponto de atenção preventivo"
      },
      "geometry": {
        "type": "Point",
        "coordinates": [
          -46.53029,
          -15.4182
        ]
      }
    },
    {
      "type": "Feature",
      "properties": {
        "municipio": "FLORESTA DO ARAGUAIA",
        "estado": "PARÁ",
        "bioma": "Amazônia",
        "date": "2026-06-04",
        "dias_sem_chuva": 20.0,
        "precipitacao": 0.0,
        "risco_fogo": 1.0,
        "indice": 80.6,
        "classe": "ponto de atenção preventivo"
      },
      "geometry": {
        "type": "Point",
        "coordinates": [
          -49.76718,
          -7.40303
        ]
      }
    },
    {
      "type": "Feature",
      "properties": {
        "municipio": "SANTANA DO ARAGUAIA",
        "estado": "PARÁ",
        "bioma": "Amazônia",
        "date": "2026-06-04",
        "dias_sem_chuva": 20.0,
        "precipitacao": 0.0,
        "risco_fogo": 1.0,
        "indice": 80.6,
        "classe": "ponto de atenção preventivo"
      },
      "geometry": {
        "type": "Point",
        "coordinates": [
          -50.6074,
          -9.0887
        ]
      }
    },
    {
      "type": "Feature",
      "properties": {
        "municipio": "SÃO FÉLIX DO ARAGUAIA",
        "estado": "MATO GROSSO",
        "bioma": "Cerrado",
        "date": "2026-06-04",
        "dias_sem_chuva": 20.0,
        "precipitacao": 0.0,
        "risco_fogo": 1.0,
        "indice": 80.6,
        "classe": "ponto de atenção preventivo"
      },
      "geometry": {
        "type": "Point",
        "coordinates": [
          -51.1304,
          -11.35675
        ]
      }
    },
    {
      "type": "Feature",
      "properties": {
        "municipio": "LAGOA DA CONFUSÃO",
        "estado": "TOCANTINS",
        "bioma": "Cerrado",
        "date": "2026-06-04",
        "dias_sem_chuva": 20.0,
        "precipitacao": 0.0,
        "risco_fogo": 1.0,
        "indice": 80.6,
        "classe": "ponto de atenção preventivo"
      },
      "geometry": {
        "type": "Point",
        "coordinates": [
          -50.08855,
          -10.60616
        ]
      }
    },
    {
      "type": "Feature",
      "properties": {
        "municipio": "BURITIS",
        "estado": "MINAS GERAIS",
        "bioma": "Cerrado",
        "date": "2026-06-04",
        "dias_sem_chuva": 20.0,
        "precipitacao": 0.0,
        "risco_fogo": 1.0,
        "indice": 80.6,
        "classe": "ponto de atenção preventivo"
      },
      "geometry": {
        "type": "Point",
        "coordinates": [
          -46.51836,
          -15.42109
        ]
      }
    },
    {
      "type": "Feature",
      "properties": {
        "municipio": "CONFRESA",
        "estado": "MATO GROSSO",
        "bioma": "Amazônia",
        "date": "2026-06-04",
        "dias_sem_chuva": 20.0,
        "precipitacao": 0.0,
        "risco_fogo": 1.0,
        "indice": 80.6,
        "classe": "ponto de atenção preventivo"
      },
      "geometry": {
        "type": "Point",
        "coordinates": [
          -51.91906,
          -10.45862
        ]
      }
    },
    {
      "type": "Feature",
      "properties": {
        "municipio": "SANTANA DO ARAGUAIA",
        "estado": "PARÁ",
        "bioma": "Amazônia",
        "date": "2026-06-04",
        "dias_sem_chuva": 20.0,
        "precipitacao": 0.0,
        "risco_fogo": 1.0,
        "indice": 80.6,
        "classe": "ponto de atenção preventivo"
      },
      "geometry": {
        "type": "Point",
        "coordinates": [
          -50.6074,
          -9.0887
        ]
      }
    },
    {
      "type": "Feature",
      "properties": {
        "municipio": "BURITIS",
        "estado": "MINAS GERAIS",
        "bioma": "Cerrado",
        "date": "2026-06-04",
        "dias_sem_chuva": 20.0,
        "precipitacao": 0.0,
        "risco_fogo": 1.0,
        "indice": 80.6,
        "classe": "ponto de atenção preventivo"
      },
      "geometry": {
        "type": "Point",
        "coordinates": [
          -46.52356,
          -15.42162
        ]
      }
    },
    {
      "type": "Feature",
      "properties": {
        "municipio": "CAMPOS LINDOS",
        "estado": "TOCANTINS",
        "bioma": "Cerrado",
        "date": "2026-06-04",
        "dias_sem_chuva": 24.0,
        "precipitacao": 0.0,
        "risco_fogo": 0.94,
        "indice": 80.4,
        "classe": "ponto de atenção preventivo"
      },
      "geometry": {
        "type": "Point",
        "coordinates": [
          -46.88783,
          -8.40328
        ]
      }
    },
    {
      "type": "Feature",
      "properties": {
        "municipio": "MONTE DO CARMO",
        "estado": "TOCANTINS",
        "bioma": "Cerrado",
        "date": "2026-06-04",
        "dias_sem_chuva": 34.0,
        "precipitacao": 0.0,
        "risco_fogo": 0.8,
        "indice": 80.4,
        "classe": "ponto de atenção preventivo"
      },
      "geometry": {
        "type": "Point",
        "coordinates": [
          -47.95419,
          -10.44382
        ]
      }
    },
    {
      "type": "Feature",
      "properties": {
        "municipio": "MONTE DO CARMO",
        "estado": "TOCANTINS",
        "bioma": "Cerrado",
        "date": "2026-06-04",
        "dias_sem_chuva": 34.0,
        "precipitacao": 0.0,
        "risco_fogo": 0.8,
        "indice": 80.4,
        "classe": "ponto de atenção preventivo"
      },
      "geometry": {
        "type": "Point",
        "coordinates": [
          -47.95043,
          -10.44758
        ]
      }
    },
    {
      "type": "Feature",
      "properties": {
        "municipio": "APARECIDA DO RIO NEGRO",
        "estado": "TOCANTINS",
        "bioma": "Cerrado",
        "date": "2026-06-04",
        "dias_sem_chuva": 27.0,
        "precipitacao": 0.2,
        "risco_fogo": 0.9,
        "indice": 80.4,
        "classe": "ponto de atenção preventivo"
      },
      "geometry": {
        "type": "Point",
        "coordinates": [
          -48.00236,
          -9.93292
        ]
      }
    },
    {
      "type": "Feature",
      "properties": {
        "municipio": "MIRADOR",
        "estado": "MARANHÃO",
        "bioma": "Cerrado",
        "date": "2026-06-04",
        "dias_sem_chuva": 21.0,
        "precipitacao": 0.0,
        "risco_fogo": 0.98,
        "indice": 80.2,
        "classe": "ponto de atenção preventivo"
      },
      "geometry": {
        "type": "Point",
        "coordinates": [
          -45.45285,
          -6.71851
        ]
      }
    },
    {
      "type": "Feature",
      "properties": {
        "municipio": "SÃO FÉLIX DO ARAGUAIA",
        "estado": "MATO GROSSO",
        "bioma": "Cerrado",
        "date": "2026-06-04",
        "dias_sem_chuva": 20.0,
        "precipitacao": 0.0,
        "risco_fogo": 0.99,
        "indice": 80.0,
        "classe": "ponto de atenção preventivo"
      },
      "geometry": {
        "type": "Point",
        "coordinates": [
          -51.14849,
          -11.35418
        ]
      }
    },
    {
      "type": "Feature",
      "properties": {
        "municipio": "RIO SONO",
        "estado": "TOCANTINS",
        "bioma": "Cerrado",
        "date": "2026-06-04",
        "dias_sem_chuva": 32.0,
        "precipitacao": 0.0,
        "risco_fogo": 0.82,
        "indice": 80.0,
        "classe": "ponto de atenção preventivo"
      },
      "geometry": {
        "type": "Point",
        "coordinates": [
          -47.87879,
          -9.75287
        ]
      }
    },
    {
      "type": "Feature",
      "properties": {
        "municipio": "ALTO PARNAÍBA",
        "estado": "MARANHÃO",
        "bioma": "Cerrado",
        "date": "2026-06-04",
        "dias_sem_chuva": 25.0,
        "precipitacao": 0.0,
        "risco_fogo": 0.92,
        "indice": 80.0,
        "classe": "ponto de atenção preventivo"
      },
      "geometry": {
        "type": "Point",
        "coordinates": [
          -46.31725,
          -9.04051
        ]
      }
    },
    {
      "type": "Feature",
      "properties": {
        "municipio": "GAÚCHA DO NORTE",
        "estado": "MATO GROSSO",
        "bioma": "Amazônia",
        "date": "2026-06-04",
        "dias_sem_chuva": 22.0,
        "precipitacao": 0.0,
        "risco_fogo": 0.96,
        "indice": 79.9,
        "classe": "ponto de atenção preventivo"
      },
      "geometry": {
        "type": "Point",
        "coordinates": [
          -52.9707,
          -12.7638
        ]
      }
    },
    {
      "type": "Feature",
      "properties": {
        "municipio": "GAÚCHA DO NORTE",
        "estado": "MATO GROSSO",
        "bioma": "Amazônia",
        "date": "2026-06-04",
        "dias_sem_chuva": 22.0,
        "precipitacao": 0.0,
        "risco_fogo": 0.96,
        "indice": 79.9,
        "classe": "ponto de atenção preventivo"
      },
      "geometry": {
        "type": "Point",
        "coordinates": [
          -52.9707,
          -12.7638
        ]
      }
    },
    {
      "type": "Feature",
      "properties": {
        "municipio": "GAÚCHA DO NORTE",
        "estado": "MATO GROSSO",
        "bioma": "Amazônia",
        "date": "2026-06-04",
        "dias_sem_chuva": 22.0,
        "precipitacao": 0.0,
        "risco_fogo": 0.96,
        "indice": 79.9,
        "classe": "ponto de atenção preventivo"
      },
      "geometry": {
        "type": "Point",
        "coordinates": [
          -52.9707,
          -12.7638
        ]
      }
    },
    {
      "type": "Feature",
      "properties": {
        "municipio": "GAÚCHA DO NORTE",
        "estado": "MATO GROSSO",
        "bioma": "Amazônia",
        "date": "2026-06-04",
        "dias_sem_chuva": 22.0,
        "precipitacao": 0.0,
        "risco_fogo": 0.96,
        "indice": 79.9,
        "classe": "ponto de atenção preventivo"
      },
      "geometry": {
        "type": "Point",
        "coordinates": [
          -52.9707,
          -12.7638
        ]
      }
    },
    {
      "type": "Feature",
      "properties": {
        "municipio": "ALTA FLORESTA",
        "estado": "MATO GROSSO",
        "bioma": "Amazônia",
        "date": "2026-06-04",
        "dias_sem_chuva": 19.0,
        "precipitacao": 0.0,
        "risco_fogo": 1.0,
        "indice": 79.8,
        "classe": "ponto de atenção preventivo"
      },
      "geometry": {
        "type": "Point",
        "coordinates": [
          -56.22519,
          -9.66399
        ]
      }
    },
    {
      "type": "Feature",
      "properties": {
        "municipio": "CAMPOS LINDOS",
        "estado": "TOCANTINS",
        "bioma": "Cerrado",
        "date": "2026-06-04",
        "dias_sem_chuva": 24.0,
        "precipitacao": 0.0,
        "risco_fogo": 0.93,
        "indice": 79.8,
        "classe": "ponto de atenção preventivo"
      },
      "geometry": {
        "type": "Point",
        "coordinates": [
          -46.79147,
          -8.36985
        ]
      }
    },
    {
      "type": "Feature",
      "properties": {
        "municipio": "ESTREITO",
        "estado": "MARANHÃO",
        "bioma": "Cerrado",
        "date": "2026-06-04",
        "dias_sem_chuva": 19.0,
        "precipitacao": 0.0,
        "risco_fogo": 1.0,
        "indice": 79.8,
        "classe": "ponto de atenção preventivo"
      },
      "geometry": {
        "type": "Point",
        "coordinates": [
          -47.14734,
          -6.97731
        ]
      }
    },
    {
      "type": "Feature",
      "properties": {
        "municipio": "ESTREITO",
        "estado": "MARANHÃO",
        "bioma": "Cerrado",
        "date": "2026-06-04",
        "dias_sem_chuva": 19.0,
        "precipitacao": 0.0,
        "risco_fogo": 1.0,
        "indice": 79.8,
        "classe": "ponto de atenção preventivo"
      },
      "geometry": {
        "type": "Point",
        "coordinates": [
          -47.14639,
          -6.97965
        ]
      }
    },
    {
      "type": "Feature",
      "properties": {
        "municipio": "BALSAS",
        "estado": "MARANHÃO",
        "bioma": "Cerrado",
        "date": "2026-06-04",
        "dias_sem_chuva": 19.0,
        "precipitacao": 0.0,
        "risco_fogo": 1.0,
        "indice": 79.8,
        "classe": "ponto de atenção preventivo"
      },
      "geometry": {
        "type": "Point",
        "coordinates": [
          -46.67657,
          -9.2238
        ]
      }
    },
    {
      "type": "Feature",
      "properties": {
        "municipio": "LAGOA DA CONFUSÃO",
        "estado": "TOCANTINS",
        "bioma": "Cerrado",
        "date": "2026-06-04",
        "dias_sem_chuva": 24.0,
        "precipitacao": 0.0,
        "risco_fogo": 0.93,
        "indice": 79.8,
        "classe": "ponto de atenção preventivo"
      },
      "geometry": {
        "type": "Point",
        "coordinates": [
          -49.722801,
          -10.6376
        ]
      }
    },
    {
      "type": "Feature",
      "properties": {
        "municipio": "RIO MARIA",
        "estado": "PARÁ",
        "bioma": "Amazônia",
        "date": "2026-06-04",
        "dias_sem_chuva": 19.0,
        "precipitacao": 0.0,
        "risco_fogo": 1.0,
        "indice": 79.8,
        "classe": "ponto de atenção preventivo"
      },
      "geometry": {
        "type": "Point",
        "coordinates": [
          -49.8372,
          -7.3379
        ]
      }
    },
    {
      "type": "Feature",
      "properties": {
        "municipio": "RIO MARIA",
        "estado": "PARÁ",
        "bioma": "Amazônia",
        "date": "2026-06-04",
        "dias_sem_chuva": 19.0,
        "precipitacao": 0.0,
        "risco_fogo": 1.0,
        "indice": 79.8,
        "classe": "ponto de atenção preventivo"
      },
      "geometry": {
        "type": "Point",
        "coordinates": [
          -49.8372,
          -7.3379
        ]
      }
    },
    {
      "type": "Feature",
      "properties": {
        "municipio": "ALTA FLORESTA",
        "estado": "MATO GROSSO",
        "bioma": "Amazônia",
        "date": "2026-06-04",
        "dias_sem_chuva": 19.0,
        "precipitacao": 0.0,
        "risco_fogo": 1.0,
        "indice": 79.8,
        "classe": "ponto de atenção preventivo"
      },
      "geometry": {
        "type": "Point",
        "coordinates": [
          -56.22456,
          -9.66633
        ]
      }
    },
    {
      "type": "Feature",
      "properties": {
        "municipio": "FORMOSA",
        "estado": "GOIÁS",
        "bioma": "Cerrado",
        "date": "2026-06-04",
        "dias_sem_chuva": 19.0,
        "precipitacao": 0.0,
        "risco_fogo": 1.0,
        "indice": 79.8,
        "classe": "ponto de atenção preventivo"
      },
      "geometry": {
        "type": "Point",
        "coordinates": [
          -46.97288,
          -15.45966
        ]
      }
    },
    {
      "type": "Feature",
      "properties": {
        "municipio": "FLORIANO",
        "estado": "PIAUÍ",
        "bioma": "Caatinga",
        "date": "2026-06-04",
        "dias_sem_chuva": 19.0,
        "precipitacao": 0.0,
        "risco_fogo": 1.0,
        "indice": 79.8,
        "classe": "ponto de atenção preventivo"
      },
      "geometry": {
        "type": "Point",
        "coordinates": [
          -43.21618,
          -6.76866
        ]
      }
    },
    {
      "type": "Feature",
      "properties": {
        "municipio": "SÃO FÉLIX DO ARAGUAIA",
        "estado": "MATO GROSSO",
        "bioma": "Cerrado",
        "date": "2026-06-04",
        "dias_sem_chuva": 19.0,
        "precipitacao": 0.0,
        "risco_fogo": 1.0,
        "indice": 79.8,
        "classe": "ponto de atenção preventivo"
      },
      "geometry": {
        "type": "Point",
        "coordinates": [
          -51.38127,
          -11.32605
        ]
      }
    },
    {
      "type": "Feature",
      "properties": {
        "municipio": "ESTREITO",
        "estado": "MARANHÃO",
        "bioma": "Cerrado",
        "date": "2026-06-04",
        "dias_sem_chuva": 19.0,
        "precipitacao": 0.0,
        "risco_fogo": 1.0,
        "indice": 79.8,
        "classe": "ponto de atenção preventivo"
      },
      "geometry": {
        "type": "Point",
        "coordinates": [
          -47.14412,
          -6.9769
        ]
      }
    },
    {
      "type": "Feature",
      "properties": {
        "municipio": "ESTREITO",
        "estado": "MARANHÃO",
        "bioma": "Cerrado",
        "date": "2026-06-04",
        "dias_sem_chuva": 19.0,
        "precipitacao": 0.0,
        "risco_fogo": 1.0,
        "indice": 79.8,
        "classe": "ponto de atenção preventivo"
      },
      "geometry": {
        "type": "Point",
        "coordinates": [
          -47.14774,
          -6.97747
        ]
      }
    },
    {
      "type": "Feature",
      "properties": {
        "municipio": "RECURSOLÂNDIA",
        "estado": "TOCANTINS",
        "bioma": "Cerrado",
        "date": "2026-06-04",
        "dias_sem_chuva": 24.0,
        "precipitacao": 0.0,
        "risco_fogo": 0.93,
        "indice": 79.8,
        "classe": "ponto de atenção preventivo"
      },
      "geometry": {
        "type": "Point",
        "coordinates": [
          -47.05965,
          -8.61966
        ]
      }
    },
    {
      "type": "Feature",
      "properties": {
        "municipio": "ESTREITO",
        "estado": "MARANHÃO",
        "bioma": "Cerrado",
        "date": "2026-06-04",
        "dias_sem_chuva": 19.0,
        "precipitacao": 0.0,
        "risco_fogo": 1.0,
        "indice": 79.8,
        "classe": "ponto de atenção preventivo"
      },
      "geometry": {
        "type": "Point",
        "coordinates": [
          -47.14274,
          -6.97667
        ]
      }
    },
    {
      "type": "Feature",
      "properties": {
        "municipio": "UNAÍ",
        "estado": "MINAS GERAIS",
        "bioma": "Cerrado",
        "date": "2026-06-04",
        "dias_sem_chuva": 19.0,
        "precipitacao": 0.0,
        "risco_fogo": 1.0,
        "indice": 79.8,
        "classe": "ponto de atenção preventivo"
      },
      "geometry": {
        "type": "Point",
        "coordinates": [
          -47.00051,
          -16.17526
        ]
      }
    },
    {
      "type": "Feature",
      "properties": {
        "municipio": "ESTREITO",
        "estado": "MARANHÃO",
        "bioma": "Cerrado",
        "date": "2026-06-04",
        "dias_sem_chuva": 19.0,
        "precipitacao": 0.0,
        "risco_fogo": 1.0,
        "indice": 79.8,
        "classe": "ponto de atenção preventivo"
      },
      "geometry": {
        "type": "Point",
        "coordinates": [
          -47.14421,
          -6.97841
        ]
      }
    },
    {
      "type": "Feature",
      "properties": {
        "municipio": "CABECEIRA GRANDE",
        "estado": "MINAS GERAIS",
        "bioma": "Cerrado",
        "date": "2026-06-04",
        "dias_sem_chuva": 19.0,
        "precipitacao": 0.0,
        "risco_fogo": 1.0,
        "indice": 79.8,
        "classe": "ponto de atenção preventivo"
      },
      "geometry": {
        "type": "Point",
        "coordinates": [
          -47.00085,
          -16.17524
        ]
      }
    },
    {
      "type": "Feature",
      "properties": {
        "municipio": "ALTO BOA VISTA",
        "estado": "MATO GROSSO",
        "bioma": "Cerrado",
        "date": "2026-06-04",
        "dias_sem_chuva": 21.0,
        "precipitacao": 0.0,
        "risco_fogo": 0.97,
        "indice": 79.7,
        "classe": "ponto de atenção preventivo"
      },
      "geometry": {
        "type": "Point",
        "coordinates": [
          -51.45138,
          -11.68761
        ]
      }
    },
    {
      "type": "Feature",
      "properties": {
        "municipio": "MONTE DO CARMO",
        "estado": "TOCANTINS",
        "bioma": "Cerrado",
        "date": "2026-06-04",
        "dias_sem_chuva": 33.0,
        "precipitacao": 0.0,
        "risco_fogo": 0.8,
        "indice": 79.7,
        "classe": "ponto de atenção preventivo"
      },
      "geometry": {
        "type": "Point",
        "coordinates": [
          -47.95383,
          -10.44134
        ]
      }
    },
    {
      "type": "Feature",
      "properties": {
        "municipio": "ALTO BOA VISTA",
        "estado": "MATO GROSSO",
        "bioma": "Cerrado",
        "date": "2026-06-04",
        "dias_sem_chuva": 21.0,
        "precipitacao": 0.0,
        "risco_fogo": 0.97,
        "indice": 79.7,
        "classe": "ponto de atenção preventivo"
      },
      "geometry": {
        "type": "Point",
        "coordinates": [
          -51.45009,
          -11.68835
        ]
      }
    },
    {
      "type": "Feature",
      "properties": {
        "municipio": "MONTE DO CARMO",
        "estado": "TOCANTINS",
        "bioma": "Cerrado",
        "date": "2026-06-04",
        "dias_sem_chuva": 33.0,
        "precipitacao": 0.0,
        "risco_fogo": 0.8,
        "indice": 79.7,
        "classe": "ponto de atenção preventivo"
      },
      "geometry": {
        "type": "Point",
        "coordinates": [
          -47.94488,
          -10.44825
        ]
      }
    },
    {
      "type": "Feature",
      "properties": {
        "municipio": "TOCANTÍNIA",
        "estado": "TOCANTINS",
        "bioma": "Cerrado",
        "date": "2026-06-04",
        "dias_sem_chuva": 23.0,
        "precipitacao": 0.05,
        "risco_fogo": 0.94,
        "indice": 79.6,
        "classe": "ponto de atenção preventivo"
      },
      "geometry": {
        "type": "Point",
        "coordinates": [
          -48.30497,
          -9.3751
        ]
      }
    },
    {
      "type": "Feature",
      "properties": {
        "municipio": "GOIANORTE",
        "estado": "TOCANTINS",
        "bioma": "Cerrado",
        "date": "2026-06-04",
        "dias_sem_chuva": 27.0,
        "precipitacao": 0.0,
        "risco_fogo": 0.88,
        "indice": 79.4,
        "classe": "ponto de atenção preventivo"
      },
      "geometry": {
        "type": "Point",
        "coordinates": [
          -49.07045,
          -8.69007
        ]
      }
    },
    {
      "type": "Feature",
      "properties": {
        "municipio": "ESTREITO",
        "estado": "MARANHÃO",
        "bioma": "Cerrado",
        "date": "2026-06-04",
        "dias_sem_chuva": 19.0,
        "precipitacao": 0.0,
        "risco_fogo": 0.99,
        "indice": 79.2,
        "classe": "ponto de atenção preventivo"
      },
      "geometry": {
        "type": "Point",
        "coordinates": [
          -47.28089,
          -6.90056
        ]
      }
    },
    {
      "type": "Feature",
      "properties": {
        "municipio": "ESTREITO",
        "estado": "MARANHÃO",
        "bioma": "Cerrado",
        "date": "2026-06-04",
        "dias_sem_chuva": 19.0,
        "precipitacao": 0.0,
        "risco_fogo": 0.99,
        "indice": 79.2,
        "classe": "ponto de atenção preventivo"
      },
      "geometry": {
        "type": "Point",
        "coordinates": [
          -47.27365,
          -6.8955
        ]
      }
    },
    {
      "type": "Feature",
      "properties": {
        "municipio": "ESTREITO",
        "estado": "MARANHÃO",
        "bioma": "Cerrado",
        "date": "2026-06-04",
        "dias_sem_chuva": 19.0,
        "precipitacao": 0.0,
        "risco_fogo": 0.99,
        "indice": 79.2,
        "classe": "ponto de atenção preventivo"
      },
      "geometry": {
        "type": "Point",
        "coordinates": [
          -47.25938,
          -6.89981
        ]
      }
    },
    {
      "type": "Feature",
      "properties": {
        "municipio": "ESTREITO",
        "estado": "MARANHÃO",
        "bioma": "Cerrado",
        "date": "2026-06-04",
        "dias_sem_chuva": 19.0,
        "precipitacao": 0.0,
        "risco_fogo": 0.99,
        "indice": 79.2,
        "classe": "ponto de atenção preventivo"
      },
      "geometry": {
        "type": "Point",
        "coordinates": [
          -47.2677,
          -6.90118
        ]
      }
    },
    {
      "type": "Feature",
      "properties": {
        "municipio": "ESTREITO",
        "estado": "MARANHÃO",
        "bioma": "Cerrado",
        "date": "2026-06-04",
        "dias_sem_chuva": 19.0,
        "precipitacao": 0.0,
        "risco_fogo": 0.99,
        "indice": 79.2,
        "classe": "ponto de atenção preventivo"
      },
      "geometry": {
        "type": "Point",
        "coordinates": [
          -47.26408,
          -6.90062
        ]
      }
    },
    {
      "type": "Feature",
      "properties": {
        "municipio": "ESTREITO",
        "estado": "MARANHÃO",
        "bioma": "Cerrado",
        "date": "2026-06-04",
        "dias_sem_chuva": 19.0,
        "precipitacao": 0.0,
        "risco_fogo": 0.99,
        "indice": 79.2,
        "classe": "ponto de atenção preventivo"
      },
      "geometry": {
        "type": "Point",
        "coordinates": [
          -47.27442,
          -6.90456
        ]
      }
    },
    {
      "type": "Feature",
      "properties": {
        "municipio": "ESTREITO",
        "estado": "MARANHÃO",
        "bioma": "Cerrado",
        "date": "2026-06-04",
        "dias_sem_chuva": 19.0,
        "precipitacao": 0.0,
        "risco_fogo": 0.99,
        "indice": 79.2,
        "classe": "ponto de atenção preventivo"
      },
      "geometry": {
        "type": "Point",
        "coordinates": [
          -47.26834,
          -6.90099
        ]
      }
    },
    {
      "type": "Feature",
      "properties": {
        "municipio": "ESTREITO",
        "estado": "MARANHÃO",
        "bioma": "Cerrado",
        "date": "2026-06-04",
        "dias_sem_chuva": 19.0,
        "precipitacao": 0.0,
        "risco_fogo": 0.99,
        "indice": 79.2,
        "classe": "ponto de atenção preventivo"
      },
      "geometry": {
        "type": "Point",
        "coordinates": [
          -47.27599,
          -6.89555
        ]
      }
    },
    {
      "type": "Feature",
      "properties": {
        "municipio": "ESTREITO",
        "estado": "MARANHÃO",
        "bioma": "Cerrado",
        "date": "2026-06-04",
        "dias_sem_chuva": 19.0,
        "precipitacao": 0.0,
        "risco_fogo": 0.99,
        "indice": 79.2,
        "classe": "ponto de atenção preventivo"
      },
      "geometry": {
        "type": "Point",
        "coordinates": [
          -47.27238,
          -6.89499
        ]
      }
    },
    {
      "type": "Feature",
      "properties": {
        "municipio": "ESTREITO",
        "estado": "MARANHÃO",
        "bioma": "Cerrado",
        "date": "2026-06-04",
        "dias_sem_chuva": 19.0,
        "precipitacao": 0.0,
        "risco_fogo": 0.99,
        "indice": 79.2,
        "classe": "ponto de atenção preventivo"
      },
      "geometry": {
        "type": "Point",
        "coordinates": [
          -47.26384,
          -6.9004
        ]
      }
    },
    {
      "type": "Feature",
      "properties": {
        "municipio": "ESTREITO",
        "estado": "MARANHÃO",
        "bioma": "Cerrado",
        "date": "2026-06-04",
        "dias_sem_chuva": 19.0,
        "precipitacao": 0.0,
        "risco_fogo": 0.99,
        "indice": 79.2,
        "classe": "ponto de atenção preventivo"
      },
      "geometry": {
        "type": "Point",
        "coordinates": [
          -47.27291,
          -6.90159
        ]
      }
    },
    {
      "type": "Feature",
      "properties": {
        "municipio": "ESTREITO",
        "estado": "MARANHÃO",
        "bioma": "Cerrado",
        "date": "2026-06-04",
        "dias_sem_chuva": 19.0,
        "precipitacao": 0.0,
        "risco_fogo": 0.99,
        "indice": 79.2,
        "classe": "ponto de atenção preventivo"
      },
      "geometry": {
        "type": "Point",
        "coordinates": [
          -47.26303,
          -6.90258
        ]
      }
    },
    {
      "type": "Feature",
      "properties": {
        "municipio": "SÃO PEDRO DOS CRENTES",
        "estado": "MARANHÃO",
        "bioma": "Cerrado",
        "date": "2026-06-04",
        "dias_sem_chuva": 19.0,
        "precipitacao": 0.0,
        "risco_fogo": 0.99,
        "indice": 79.2,
        "classe": "ponto de atenção preventivo"
      },
      "geometry": {
        "type": "Point",
        "coordinates": [
          -46.51768,
          -6.75748
        ]
      }
    },
    {
      "type": "Feature",
      "properties": {
        "municipio": "ESTREITO",
        "estado": "MARANHÃO",
        "bioma": "Cerrado",
        "date": "2026-06-04",
        "dias_sem_chuva": 19.0,
        "precipitacao": 0.0,
        "risco_fogo": 0.99,
        "indice": 79.2,
        "classe": "ponto de atenção preventivo"
      },
      "geometry": {
        "type": "Point",
        "coordinates": [
          -47.26877,
          -6.90358
        ]
      }
    },
    {
      "type": "Feature",
      "properties": {
        "municipio": "ESTREITO",
        "estado": "MARANHÃO",
        "bioma": "Cerrado",
        "date": "2026-06-04",
        "dias_sem_chuva": 19.0,
        "precipitacao": 0.0,
        "risco_fogo": 0.99,
        "indice": 79.2,
        "classe": "ponto de atenção preventivo"
      },
      "geometry": {
        "type": "Point",
        "coordinates": [
          -47.27531,
          -6.89959
        ]
      }
    },
    {
      "type": "Feature",
      "properties": {
        "municipio": "ESTREITO",
        "estado": "MARANHÃO",
        "bioma": "Cerrado",
        "date": "2026-06-04",
        "dias_sem_chuva": 19.0,
        "precipitacao": 0.0,
        "risco_fogo": 0.99,
        "indice": 79.2,
        "classe": "ponto de atenção preventivo"
      },
      "geometry": {
        "type": "Point",
        "coordinates": [
          -47.27546,
          -6.89892
        ]
      }
    },
    {
      "type": "Feature",
      "properties": {
        "municipio": "ALTO PARNAÍBA",
        "estado": "MARANHÃO",
        "bioma": "Cerrado",
        "date": "2026-06-04",
        "dias_sem_chuva": 19.0,
        "precipitacao": 0.0,
        "risco_fogo": 0.99,
        "indice": 79.2,
        "classe": "ponto de atenção preventivo"
      },
      "geometry": {
        "type": "Point",
        "coordinates": [
          -46.34861,
          -9.71437
        ]
      }
    },
    {
      "type": "Feature",
      "properties": {
        "municipio": "ESTREITO",
        "estado": "MARANHÃO",
        "bioma": "Cerrado",
        "date": "2026-06-04",
        "dias_sem_chuva": 19.0,
        "precipitacao": 0.0,
        "risco_fogo": 0.99,
        "indice": 79.2,
        "classe": "ponto de atenção preventivo"
      },
      "geometry": {
        "type": "Point",
        "coordinates": [
          -47.27959,
          -6.89611
        ]
      }
    },
    {
      "type": "Feature",
      "properties": {
        "municipio": "ESTREITO",
        "estado": "MARANHÃO",
        "bioma": "Cerrado",
        "date": "2026-06-04",
        "dias_sem_chuva": 19.0,
        "precipitacao": 0.0,
        "risco_fogo": 0.99,
        "indice": 79.2,
        "classe": "ponto de atenção preventivo"
      },
      "geometry": {
        "type": "Point",
        "coordinates": [
          -47.27185,
          -6.89836
        ]
      }
    },
    {
      "type": "Feature",
      "properties": {
        "municipio": "ESTREITO",
        "estado": "MARANHÃO",
        "bioma": "Cerrado",
        "date": "2026-06-04",
        "dias_sem_chuva": 19.0,
        "precipitacao": 0.0,
        "risco_fogo": 0.99,
        "indice": 79.2,
        "classe": "ponto de atenção preventivo"
      },
      "geometry": {
        "type": "Point",
        "coordinates": [
          -47.26912,
          -6.8949
        ]
      }
    },
    {
      "type": "Feature",
      "properties": {
        "municipio": "ESTREITO",
        "estado": "MARANHÃO",
        "bioma": "Cerrado",
        "date": "2026-06-04",
        "dias_sem_chuva": 19.0,
        "precipitacao": 0.0,
        "risco_fogo": 0.99,
        "indice": 79.2,
        "classe": "ponto de atenção preventivo"
      },
      "geometry": {
        "type": "Point",
        "coordinates": [
          -47.27729,
          -6.89892
        ]
      }
    },
    {
      "type": "Feature",
      "properties": {
        "municipio": "RIBEIRÃO CASCALHEIRA",
        "estado": "MATO GROSSO",
        "bioma": "Cerrado",
        "date": "2026-06-04",
        "dias_sem_chuva": 19.0,
        "precipitacao": 0.0,
        "risco_fogo": 0.99,
        "indice": 79.2,
        "classe": "ponto de atenção preventivo"
      },
      "geometry": {
        "type": "Point",
        "coordinates": [
          -51.43468,
          -12.66363
        ]
      }
    },
    {
      "type": "Feature",
      "properties": {
        "municipio": "LAGOA DO TOCANTINS",
        "estado": "TOCANTINS",
        "bioma": "Cerrado",
        "date": "2026-06-04",
        "dias_sem_chuva": 21.0,
        "precipitacao": 0.0,
        "risco_fogo": 0.96,
        "indice": 79.1,
        "classe": "ponto de atenção preventivo"
      },
      "geometry": {
        "type": "Point",
        "coordinates": [
          -47.48824,
          -10.46443
        ]
      }
    },
    {
      "type": "Feature",
      "properties": {
        "municipio": "LAGOA DO TOCANTINS",
        "estado": "TOCANTINS",
        "bioma": "Cerrado",
        "date": "2026-06-04",
        "dias_sem_chuva": 21.0,
        "precipitacao": 0.0,
        "risco_fogo": 0.96,
        "indice": 79.1,
        "classe": "ponto de atenção preventivo"
      },
      "geometry": {
        "type": "Point",
        "coordinates": [
          -47.49055,
          -10.46749
        ]
      }
    },
    {
      "type": "Feature",
      "properties": {
        "municipio": "LAGOA DO TOCANTINS",
        "estado": "TOCANTINS",
        "bioma": "Cerrado",
        "date": "2026-06-04",
        "dias_sem_chuva": 21.0,
        "precipitacao": 0.0,
        "risco_fogo": 0.96,
        "indice": 79.1,
        "classe": "ponto de atenção preventivo"
      },
      "geometry": {
        "type": "Point",
        "coordinates": [
          -47.49147,
          -10.46055
        ]
      }
    },
    {
      "type": "Feature",
      "properties": {
        "municipio": "LAGOA DO TOCANTINS",
        "estado": "TOCANTINS",
        "bioma": "Cerrado",
        "date": "2026-06-04",
        "dias_sem_chuva": 21.0,
        "precipitacao": 0.0,
        "risco_fogo": 0.96,
        "indice": 79.1,
        "classe": "ponto de atenção preventivo"
      },
      "geometry": {
        "type": "Point",
        "coordinates": [
          -47.49138,
          -10.46289
        ]
      }
    },
    {
      "type": "Feature",
      "properties": {
        "municipio": "ALTA FLORESTA",
        "estado": "MATO GROSSO",
        "bioma": "Amazônia",
        "date": "2026-06-04",
        "dias_sem_chuva": 18.0,
        "precipitacao": 0.0,
        "risco_fogo": 1.0,
        "indice": 79.0,
        "classe": "ponto de atenção preventivo"
      },
      "geometry": {
        "type": "Point",
        "coordinates": [
          -56.22467,
          -9.66738
        ]
      }
    },
    {
      "type": "Feature",
      "properties": {
        "municipio": "BALSAS",
        "estado": "MARANHÃO",
        "bioma": "Cerrado",
        "date": "2026-06-04",
        "dias_sem_chuva": 23.0,
        "precipitacao": 0.0,
        "risco_fogo": 0.93,
        "indice": 79.0,
        "classe": "ponto de atenção preventivo"
      },
      "geometry": {
        "type": "Point",
        "coordinates": [
          -46.18221,
          -8.07235
        ]
      }
    },
    {
      "type": "Feature",
      "properties": {
        "municipio": "PARACATU",
        "estado": "MINAS GERAIS",
        "bioma": "Cerrado",
        "date": "2026-06-04",
        "dias_sem_chuva": 18.0,
        "precipitacao": 0.0,
        "risco_fogo": 1.0,
        "indice": 79.0,
        "classe": "ponto de atenção preventivo"
      },
      "geometry": {
        "type": "Point",
        "coordinates": [
          -46.78741,
          -16.90029
        ]
      }
    },
    {
      "type": "Feature",
      "properties": {
        "municipio": "ESTREITO",
        "estado": "MARANHÃO",
        "bioma": "Cerrado",
        "date": "2026-06-04",
        "dias_sem_chuva": 18.0,
        "precipitacao": 0.0,
        "risco_fogo": 1.0,
        "indice": 79.0,
        "classe": "ponto de atenção preventivo"
      },
      "geometry": {
        "type": "Point",
        "coordinates": [
          -47.25382,
          -6.9486
        ]
      }
    },
    {
      "type": "Feature",
      "properties": {
        "municipio": "SÃO FÉLIX DO ARAGUAIA",
        "estado": "MATO GROSSO",
        "bioma": "Cerrado",
        "date": "2026-06-04",
        "dias_sem_chuva": 18.0,
        "precipitacao": 0.0,
        "risco_fogo": 1.0,
        "indice": 79.0,
        "classe": "ponto de atenção preventivo"
      },
      "geometry": {
        "type": "Point",
        "coordinates": [
          -51.00849,
          -12.10114
        ]
      }
    },
    {
      "type": "Feature",
      "properties": {
        "municipio": "ESTREITO",
        "estado": "MARANHÃO",
        "bioma": "Cerrado",
        "date": "2026-06-04",
        "dias_sem_chuva": 18.0,
        "precipitacao": 0.0,
        "risco_fogo": 1.0,
        "indice": 79.0,
        "classe": "ponto de atenção preventivo"
      },
      "geometry": {
        "type": "Point",
        "coordinates": [
          -47.25948,
          -6.95318
        ]
      }
    },
    {
      "type": "Feature",
      "properties": {
        "municipio": "APARECIDA DO RIO NEGRO",
        "estado": "TOCANTINS",
        "bioma": "Cerrado",
        "date": "2026-06-04",
        "dias_sem_chuva": 28.0,
        "precipitacao": 0.2,
        "risco_fogo": 0.86,
        "indice": 79.0,
        "classe": "ponto de atenção preventivo"
      },
      "geometry": {
        "type": "Point",
        "coordinates": [
          -48.003,
          -9.93162
        ]
      }
    },
    {
      "type": "Feature",
      "properties": {
        "municipio": "ALTAMIRA",
        "estado": "PARÁ",
        "bioma": "Amazônia",
        "date": "2026-06-04",
        "dias_sem_chuva": 18.0,
        "precipitacao": 0.0,
        "risco_fogo": 1.0,
        "indice": 79.0,
        "classe": "ponto de atenção preventivo"
      },
      "geometry": {
        "type": "Point",
        "coordinates": [
          -55.1406,
          -8.32076
        ]
      }
    },
    {
      "type": "Feature",
      "properties": {
        "municipio": "ESTREITO",
        "estado": "MARANHÃO",
        "bioma": "Cerrado",
        "date": "2026-06-04",
        "dias_sem_chuva": 18.0,
        "precipitacao": 0.0,
        "risco_fogo": 1.0,
        "indice": 79.0,
        "classe": "ponto de atenção preventivo"
      },
      "geometry": {
        "type": "Point",
        "coordinates": [
          -47.25234,
          -6.9488
        ]
      }
    },
    {
      "type": "Feature",
      "properties": {
        "municipio": "ESTREITO",
        "estado": "MARANHÃO",
        "bioma": "Cerrado",
        "date": "2026-06-04",
        "dias_sem_chuva": 18.0,
        "precipitacao": 0.0,
        "risco_fogo": 1.0,
        "indice": 79.0,
        "classe": "ponto de atenção preventivo"
      },
      "geometry": {
        "type": "Point",
        "coordinates": [
          -47.25954,
          -6.94992
        ]
      }
    },
    {
      "type": "Feature",
      "properties": {
        "municipio": "ESTREITO",
        "estado": "MARANHÃO",
        "bioma": "Cerrado",
        "date": "2026-06-04",
        "dias_sem_chuva": 18.0,
        "precipitacao": 0.0,
        "risco_fogo": 1.0,
        "indice": 79.0,
        "classe": "ponto de atenção preventivo"
      },
      "geometry": {
        "type": "Point",
        "coordinates": [
          -47.25638,
          -6.95276
        ]
      }
    },
    {
      "type": "Feature",
      "properties": {
        "municipio": "ESTREITO",
        "estado": "MARANHÃO",
        "bioma": "Cerrado",
        "date": "2026-06-04",
        "dias_sem_chuva": 18.0,
        "precipitacao": 0.0,
        "risco_fogo": 1.0,
        "indice": 79.0,
        "classe": "ponto de atenção preventivo"
      },
      "geometry": {
        "type": "Point",
        "coordinates": [
          -47.25854,
          -6.94924
        ]
      }
    },
    {
      "type": "Feature",
      "properties": {
        "municipio": "ESTREITO",
        "estado": "MARANHÃO",
        "bioma": "Cerrado",
        "date": "2026-06-04",
        "dias_sem_chuva": 18.0,
        "precipitacao": 0.0,
        "risco_fogo": 1.0,
        "indice": 79.0,
        "classe": "ponto de atenção preventivo"
      },
      "geometry": {
        "type": "Point",
        "coordinates": [
          -47.26007,
          -6.94655
        ]
      }
    },
    {
      "type": "Feature",
      "properties": {
        "municipio": "SÃO FÉLIX DO ARAGUAIA",
        "estado": "MATO GROSSO",
        "bioma": "Cerrado",
        "date": "2026-06-04",
        "dias_sem_chuva": 18.0,
        "precipitacao": 0.0,
        "risco_fogo": 1.0,
        "indice": 79.0,
        "classe": "ponto de atenção preventivo"
      },
      "geometry": {
        "type": "Point",
        "coordinates": [
          -51.3876,
          -11.33567
        ]
      }
    },
    {
      "type": "Feature",
      "properties": {
        "municipio": "NOVA UBIRATÃ",
        "estado": "MATO GROSSO",
        "bioma": "Amazônia",
        "date": "2026-06-04",
        "dias_sem_chuva": 18.0,
        "precipitacao": 0.0,
        "risco_fogo": 1.0,
        "indice": 79.0,
        "classe": "ponto de atenção preventivo"
      },
      "geometry": {
        "type": "Point",
        "coordinates": [
          -54.73111,
          -12.74736
        ]
      }
    },
    {
      "type": "Feature",
      "properties": {
        "municipio": "SÃO FÉLIX DO ARAGUAIA",
        "estado": "MATO GROSSO",
        "bioma": "Cerrado",
        "date": "2026-06-04",
        "dias_sem_chuva": 18.0,
        "precipitacao": 0.0,
        "risco_fogo": 1.0,
        "indice": 79.0,
        "classe": "ponto de atenção preventivo"
      },
      "geometry": {
        "type": "Point",
        "coordinates": [
          -51.38744,
          -11.3298
        ]
      }
    },
    {
      "type": "Feature",
      "properties": {
        "municipio": "ESTREITO",
        "estado": "MARANHÃO",
        "bioma": "Cerrado",
        "date": "2026-06-04",
        "dias_sem_chuva": 18.0,
        "precipitacao": 0.0,
        "risco_fogo": 1.0,
        "indice": 79.0,
        "classe": "ponto de atenção preventivo"
      },
      "geometry": {
        "type": "Point",
        "coordinates": [
          -47.25594,
          -6.94936
        ]
      }
    },
    {
      "type": "Feature",
      "properties": {
        "municipio": "MONTE DO CARMO",
        "estado": "TOCANTINS",
        "bioma": "Cerrado",
        "date": "2026-06-04",
        "dias_sem_chuva": 32.0,
        "precipitacao": 0.0,
        "risco_fogo": 0.8,
        "indice": 78.9,
        "classe": "ponto de atenção preventivo"
      },
      "geometry": {
        "type": "Point",
        "coordinates": [
          -47.95486,
          -10.43933
        ]
      }
    },
    {
      "type": "Feature",
      "properties": {
        "municipio": "MONTE DO CARMO",
        "estado": "TOCANTINS",
        "bioma": "Cerrado",
        "date": "2026-06-04",
        "dias_sem_chuva": 32.0,
        "precipitacao": 0.0,
        "risco_fogo": 0.8,
        "indice": 78.9,
        "classe": "ponto de atenção preventivo"
      },
      "geometry": {
        "type": "Point",
        "coordinates": [
          -47.94893,
          -10.44024
        ]
      }
    },
    {
      "type": "Feature",
      "properties": {
        "municipio": "MONTE DO CARMO",
        "estado": "TOCANTINS",
        "bioma": "Cerrado",
        "date": "2026-06-04",
        "dias_sem_chuva": 32.0,
        "precipitacao": 0.0,
        "risco_fogo": 0.8,
        "indice": 78.9,
        "classe": "ponto de atenção preventivo"
      },
      "geometry": {
        "type": "Point",
        "coordinates": [
          -47.95341,
          -10.43939
        ]
      }
    },
    {
      "type": "Feature",
      "properties": {
        "municipio": "ESTREITO",
        "estado": "MARANHÃO",
        "bioma": "Cerrado",
        "date": "2026-06-04",
        "dias_sem_chuva": 19.0,
        "precipitacao": 0.0,
        "risco_fogo": 0.98,
        "indice": 78.7,
        "classe": "ponto de atenção preventivo"
      },
      "geometry": {
        "type": "Point",
        "coordinates": [
          -47.26876,
          -6.89443
        ]
      }
    },
    {
      "type": "Feature",
      "properties": {
        "municipio": "RECURSOLÂNDIA",
        "estado": "TOCANTINS",
        "bioma": "Cerrado",
        "date": "2026-06-04",
        "dias_sem_chuva": 24.0,
        "precipitacao": 0.0,
        "risco_fogo": 0.91,
        "indice": 78.7,
        "classe": "ponto de atenção preventivo"
      },
      "geometry": {
        "type": "Point",
        "coordinates": [
          -47.25988,
          -8.60267
        ]
      }
    },
    {
      "type": "Feature",
      "properties": {
        "municipio": "CAMPOS LINDOS",
        "estado": "TOCANTINS",
        "bioma": "Cerrado",
        "date": "2026-06-04",
        "dias_sem_chuva": 24.0,
        "precipitacao": 0.0,
        "risco_fogo": 0.91,
        "indice": 78.7,
        "classe": "ponto de atenção preventivo"
      },
      "geometry": {
        "type": "Point",
        "coordinates": [
          -46.79216,
          -8.36898
        ]
      }
    },
    {
      "type": "Feature",
      "properties": {
        "municipio": "JOÃO LISBOA",
        "estado": "MARANHÃO",
        "bioma": "Amazônia",
        "date": "2026-06-04",
        "dias_sem_chuva": 18.0,
        "precipitacao": 0.82,
        "risco_fogo": 1.0,
        "indice": 78.6,
        "classe": "ponto de atenção preventivo"
      },
      "geometry": {
        "type": "Point",
        "coordinates": [
          -46.94803,
          -5.11602
        ]
      }
    },
    {
      "type": "Feature",
      "properties": {
        "municipio": "JOÃO LISBOA",
        "estado": "MARANHÃO",
        "bioma": "Amazônia",
        "date": "2026-06-04",
        "dias_sem_chuva": 18.0,
        "precipitacao": 0.82,
        "risco_fogo": 1.0,
        "indice": 78.6,
        "classe": "ponto de atenção preventivo"
      },
      "geometry": {
        "type": "Point",
        "coordinates": [
          -46.94411,
          -5.10749
        ]
      }
    },
    {
      "type": "Feature",
      "properties": {
        "municipio": "LAGOA DO TOCANTINS",
        "estado": "TOCANTINS",
        "bioma": "Cerrado",
        "date": "2026-06-04",
        "dias_sem_chuva": 20.0,
        "precipitacao": 0.0,
        "risco_fogo": 0.96,
        "indice": 78.4,
        "classe": "ponto de atenção preventivo"
      },
      "geometry": {
        "type": "Point",
        "coordinates": [
          -47.48669,
          -10.45972
        ]
      }
    },
    {
      "type": "Feature",
      "properties": {
        "municipio": "RIO SONO",
        "estado": "TOCANTINS",
        "bioma": "Cerrado",
        "date": "2026-06-04",
        "dias_sem_chuva": 30.0,
        "precipitacao": 0.0,
        "risco_fogo": 0.82,
        "indice": 78.4,
        "classe": "ponto de atenção preventivo"
      },
      "geometry": {
        "type": "Point",
        "coordinates": [
          -47.88345,
          -9.75049
        ]
      }
    },
    {
      "type": "Feature",
      "properties": {
        "municipio": "SÃO FÉLIX DO ARAGUAIA",
        "estado": "MATO GROSSO",
        "bioma": "Amazônia",
        "date": "2026-06-04",
        "dias_sem_chuva": 20.0,
        "precipitacao": 0.0,
        "risco_fogo": 0.96,
        "indice": 78.4,
        "classe": "ponto de atenção preventivo"
      },
      "geometry": {
        "type": "Point",
        "coordinates": [
          -52.8284,
          -11.5493
        ]
      }
    },
    {
      "type": "Feature",
      "properties": {
        "municipio": "SÃO FÉLIX DO ARAGUAIA",
        "estado": "MATO GROSSO",
        "bioma": "Amazônia",
        "date": "2026-06-04",
        "dias_sem_chuva": 20.0,
        "precipitacao": 0.0,
        "risco_fogo": 0.96,
        "indice": 78.4,
        "classe": "ponto de atenção preventivo"
      },
      "geometry": {
        "type": "Point",
        "coordinates": [
          -52.8284,
          -11.5493
        ]
      }
    },
    {
      "type": "Feature",
      "properties": {
        "municipio": "SÃO FÉLIX DO ARAGUAIA",
        "estado": "MATO GROSSO",
        "bioma": "Cerrado",
        "date": "2026-06-04",
        "dias_sem_chuva": 20.0,
        "precipitacao": 0.0,
        "risco_fogo": 0.96,
        "indice": 78.4,
        "classe": "ponto de atenção preventivo"
      },
      "geometry": {
        "type": "Point",
        "coordinates": [
          -51.1386,
          -11.35409
        ]
      }
    },
    {
      "type": "Feature",
      "properties": {
        "municipio": "SÃO FÉLIX DO ARAGUAIA",
        "estado": "MATO GROSSO",
        "bioma": "Amazônia",
        "date": "2026-06-04",
        "dias_sem_chuva": 20.0,
        "precipitacao": 0.0,
        "risco_fogo": 0.96,
        "indice": 78.4,
        "classe": "ponto de atenção preventivo"
      },
      "geometry": {
        "type": "Point",
        "coordinates": [
          -52.8284,
          -11.5493
        ]
      }
    },
    {
      "type": "Feature",
      "properties": {
        "municipio": "SÃO FÉLIX DO ARAGUAIA",
        "estado": "MATO GROSSO",
        "bioma": "Amazônia",
        "date": "2026-06-04",
        "dias_sem_chuva": 20.0,
        "precipitacao": 0.0,
        "risco_fogo": 0.96,
        "indice": 78.4,
        "classe": "ponto de atenção preventivo"
      },
      "geometry": {
        "type": "Point",
        "coordinates": [
          -52.8284,
          -11.5493
        ]
      }
    },
    {
      "type": "Feature",
      "properties": {
        "municipio": "LAGOA DO TOCANTINS",
        "estado": "TOCANTINS",
        "bioma": "Cerrado",
        "date": "2026-06-04",
        "dias_sem_chuva": 20.0,
        "precipitacao": 0.0,
        "risco_fogo": 0.96,
        "indice": 78.4,
        "classe": "ponto de atenção preventivo"
      },
      "geometry": {
        "type": "Point",
        "coordinates": [
          -47.48685,
          -10.46212
        ]
      }
    },
    {
      "type": "Feature",
      "properties": {
        "municipio": "PARACATU",
        "estado": "MINAS GERAIS",
        "bioma": "Cerrado",
        "date": "2026-06-04",
        "dias_sem_chuva": 18.0,
        "precipitacao": 0.0,
        "risco_fogo": 0.99,
        "indice": 78.4,
        "classe": "ponto de atenção preventivo"
      },
      "geometry": {
        "type": "Point",
        "coordinates": [
          -46.78727,
          -16.89355
        ]
      }
    },
    {
      "type": "Feature",
      "properties": {
        "municipio": "LAGOA DO TOCANTINS",
        "estado": "TOCANTINS",
        "bioma": "Cerrado",
        "date": "2026-06-04",
        "dias_sem_chuva": 20.0,
        "precipitacao": 0.0,
        "risco_fogo": 0.96,
        "indice": 78.4,
        "classe": "ponto de atenção preventivo"
      },
      "geometry": {
        "type": "Point",
        "coordinates": [
          -47.48663,
          -10.46203
        ]
      }
    },
    {
      "type": "Feature",
      "properties": {
        "municipio": "SÃO FÉLIX DO ARAGUAIA",
        "estado": "MATO GROSSO",
        "bioma": "Amazônia",
        "date": "2026-06-04",
        "dias_sem_chuva": 20.0,
        "precipitacao": 0.0,
        "risco_fogo": 0.96,
        "indice": 78.4,
        "classe": "ponto de atenção preventivo"
      },
      "geometry": {
        "type": "Point",
        "coordinates": [
          -52.8284,
          -11.5493
        ]
      }
    },
    {
      "type": "Feature",
      "properties": {
        "municipio": "SÃO FÉLIX DO ARAGUAIA",
        "estado": "MATO GROSSO",
        "bioma": "Amazônia",
        "date": "2026-06-04",
        "dias_sem_chuva": 20.0,
        "precipitacao": 0.0,
        "risco_fogo": 0.96,
        "indice": 78.4,
        "classe": "ponto de atenção preventivo"
      },
      "geometry": {
        "type": "Point",
        "coordinates": [
          -52.8284,
          -11.5493
        ]
      }
    },
    {
      "type": "Feature",
      "properties": {
        "municipio": "SÃO FÉLIX DO ARAGUAIA",
        "estado": "MATO GROSSO",
        "bioma": "Amazônia",
        "date": "2026-06-04",
        "dias_sem_chuva": 20.0,
        "precipitacao": 0.0,
        "risco_fogo": 0.96,
        "indice": 78.4,
        "classe": "ponto de atenção preventivo"
      },
      "geometry": {
        "type": "Point",
        "coordinates": [
          -52.8284,
          -11.5493
        ]
      }
    },
    {
      "type": "Feature",
      "properties": {
        "municipio": "SÃO FÉLIX DO ARAGUAIA",
        "estado": "MATO GROSSO",
        "bioma": "Amazônia",
        "date": "2026-06-04",
        "dias_sem_chuva": 20.0,
        "precipitacao": 0.0,
        "risco_fogo": 0.96,
        "indice": 78.4,
        "classe": "ponto de atenção preventivo"
      },
      "geometry": {
        "type": "Point",
        "coordinates": [
          -52.8284,
          -11.5493
        ]
      }
    },
    {
      "type": "Feature",
      "properties": {
        "municipio": "SÃO FÉLIX DO ARAGUAIA",
        "estado": "MATO GROSSO",
        "bioma": "Cerrado",
        "date": "2026-06-04",
        "dias_sem_chuva": 20.0,
        "precipitacao": 0.0,
        "risco_fogo": 0.96,
        "indice": 78.4,
        "classe": "ponto de atenção preventivo"
      },
      "geometry": {
        "type": "Point",
        "coordinates": [
          -51.13599,
          -11.35414
        ]
      }
    },
    {
      "type": "Feature",
      "properties": {
        "municipio": "CENTRALINA",
        "estado": "MINAS GERAIS",
        "bioma": "Cerrado",
        "date": "2026-06-04",
        "dias_sem_chuva": 17.0,
        "precipitacao": 0.0,
        "risco_fogo": 1.0,
        "indice": 78.2,
        "classe": "ponto de atenção preventivo"
      },
      "geometry": {
        "type": "Point",
        "coordinates": [
          -49.14338,
          -18.67508
        ]
      }
    },
    {
      "type": "Feature",
      "properties": {
        "municipio": "ITUMBIARA",
        "estado": "GOIÁS",
        "bioma": "Cerrado",
        "date": "2026-06-04",
        "dias_sem_chuva": 17.0,
        "precipitacao": 0.0,
        "risco_fogo": 1.0,
        "indice": 78.2,
        "classe": "ponto de atenção preventivo"
      },
      "geometry": {
        "type": "Point",
        "coordinates": [
          -49.7628,
          -18.2761
        ]
      }
    },
    {
      "type": "Feature",
      "properties": {
        "municipio": "RIO VERDE DE MATO GROSSO",
        "estado": "MATO GROSSO DO SUL",
        "bioma": "Pantanal",
        "date": "2026-06-04",
        "dias_sem_chuva": 17.0,
        "precipitacao": 0.0,
        "risco_fogo": 1.0,
        "indice": 78.2,
        "classe": "ponto de atenção preventivo"
      },
      "geometry": {
        "type": "Point",
        "coordinates": [
          -55.18324,
          -19.1672
        ]
      }
    },
    {
      "type": "Feature",
      "properties": {
        "municipio": "NOVO SANTO ANTÔNIO",
        "estado": "MATO GROSSO",
        "bioma": "Cerrado",
        "date": "2026-06-04",
        "dias_sem_chuva": 17.0,
        "precipitacao": 0.0,
        "risco_fogo": 1.0,
        "indice": 78.2,
        "classe": "ponto de atenção preventivo"
      },
      "geometry": {
        "type": "Point",
        "coordinates": [
          -51.01622,
          -12.22265
        ]
      }
    },
    {
      "type": "Feature",
      "properties": {
        "municipio": "LÁBREA",
        "estado": "AMAZONAS",
        "bioma": "Amazônia",
        "date": "2026-06-04",
        "dias_sem_chuva": 17.0,
        "precipitacao": 0.0,
        "risco_fogo": 1.0,
        "indice": 78.2,
        "classe": "ponto de atenção preventivo"
      },
      "geometry": {
        "type": "Point",
        "coordinates": [
          -67.17512,
          -9.61227
        ]
      }
    },
    {
      "type": "Feature",
      "properties": {
        "municipio": "SÃO FÉLIX DO ARAGUAIA",
        "estado": "MATO GROSSO",
        "bioma": "Cerrado",
        "date": "2026-06-04",
        "dias_sem_chuva": 17.0,
        "precipitacao": 0.0,
        "risco_fogo": 1.0,
        "indice": 78.2,
        "classe": "ponto de atenção preventivo"
      },
      "geometry": {
        "type": "Point",
        "coordinates": [
          -51.39249,
          -11.33069
        ]
      }
    },
    {
      "type": "Feature",
      "properties": {
        "municipio": "GURINHATÃ",
        "estado": "MINAS GERAIS",
        "bioma": "Cerrado",
        "date": "2026-06-04",
        "dias_sem_chuva": 17.0,
        "precipitacao": 0.0,
        "risco_fogo": 1.0,
        "indice": 78.2,
        "classe": "ponto de atenção preventivo"
      },
      "geometry": {
        "type": "Point",
        "coordinates": [
          -49.7612,
          -19.12325
        ]
      }
    },
    {
      "type": "Feature",
      "properties": {
        "municipio": "SENADOR GUIOMARD",
        "estado": "ACRE",
        "bioma": "Amazônia",
        "date": "2026-06-04",
        "dias_sem_chuva": 17.0,
        "precipitacao": 0.0,
        "risco_fogo": 1.0,
        "indice": 78.2,
        "classe": "ponto de atenção preventivo"
      },
      "geometry": {
        "type": "Point",
        "coordinates": [
          -67.21555,
          -9.64321
        ]
      }
    },
    {
      "type": "Feature",
      "properties": {
        "municipio": "VALE DO ANARI",
        "estado": "RONDÔNIA",
        "bioma": "Amazônia",
        "date": "2026-06-04",
        "dias_sem_chuva": 17.0,
        "precipitacao": 0.0,
        "risco_fogo": 1.0,
        "indice": 78.2,
        "classe": "ponto de atenção preventivo"
      },
      "geometry": {
        "type": "Point",
        "coordinates": [
          -62.37667,
          -9.85986
        ]
      }
    },
    {
      "type": "Feature",
      "properties": {
        "municipio": "CRISTALINA",
        "estado": "GOIÁS",
        "bioma": "Cerrado",
        "date": "2026-06-04",
        "dias_sem_chuva": 17.0,
        "precipitacao": 0.0,
        "risco_fogo": 1.0,
        "indice": 78.2,
        "classe": "ponto de atenção preventivo"
      },
      "geometry": {
        "type": "Point",
        "coordinates": [
          -47.53656,
          -16.83112
        ]
      }
    },
    {
      "type": "Feature",
      "properties": {
        "municipio": "BANDEIRANTES",
        "estado": "MATO GROSSO DO SUL",
        "bioma": "Cerrado",
        "date": "2026-06-04",
        "dias_sem_chuva": 17.0,
        "precipitacao": 0.0,
        "risco_fogo": 1.0,
        "indice": 78.2,
        "classe": "ponto de atenção preventivo"
      },
      "geometry": {
        "type": "Point",
        "coordinates": [
          -54.65119,
          -19.72397
        ]
      }
    },
    {
      "type": "Feature",
      "properties": {
        "municipio": "PORTO VELHO",
        "estado": "RONDÔNIA",
        "bioma": "Amazônia",
        "date": "2026-06-04",
        "dias_sem_chuva": 17.0,
        "precipitacao": 0.0,
        "risco_fogo": 1.0,
        "indice": 78.2,
        "classe": "ponto de atenção preventivo"
      },
      "geometry": {
        "type": "Point",
        "coordinates": [
          -64.40228,
          -9.25864
        ]
      }
    },
    {
      "type": "Feature",
      "properties": {
        "municipio": "GUARANTÃ DO NORTE",
        "estado": "MATO GROSSO",
        "bioma": "Amazônia",
        "date": "2026-06-04",
        "dias_sem_chuva": 17.0,
        "precipitacao": 0.0,
        "risco_fogo": 1.0,
        "indice": 78.2,
        "classe": "ponto de atenção preventivo"
      },
      "geometry": {
        "type": "Point",
        "coordinates": [
          -54.93571,
          -9.96828
        ]
      }
    },
    {
      "type": "Feature",
      "properties": {
        "municipio": "CÁCERES",
        "estado": "MATO GROSSO",
        "bioma": "Pantanal",
        "date": "2026-06-04",
        "dias_sem_chuva": 17.0,
        "precipitacao": 0.0,
        "risco_fogo": 1.0,
        "indice": 78.2,
        "classe": "ponto de atenção preventivo"
      },
      "geometry": {
        "type": "Point",
        "coordinates": [
          -58.450699,
          -16.1849
        ]
      }
    },
    {
      "type": "Feature",
      "properties": {
        "municipio": "CARNEIRINHO",
        "estado": "MINAS GERAIS",
        "bioma": "Mata Atlântica",
        "date": "2026-06-04",
        "dias_sem_chuva": 17.0,
        "precipitacao": 0.0,
        "risco_fogo": 1.0,
        "indice": 78.2,
        "classe": "ponto de atenção preventivo"
      },
      "geometry": {
        "type": "Point",
        "coordinates": [
          -50.96266,
          -19.78778
        ]
      }
    },
    {
      "type": "Feature",
      "properties": {
        "municipio": "GURINHATÃ",
        "estado": "MINAS GERAIS",
        "bioma": "Cerrado",
        "date": "2026-06-04",
        "dias_sem_chuva": 17.0,
        "precipitacao": 0.0,
        "risco_fogo": 1.0,
        "indice": 78.2,
        "classe": "ponto de atenção preventivo"
      },
      "geometry": {
        "type": "Point",
        "coordinates": [
          -49.76286,
          -19.12614
        ]
      }
    },
    {
      "type": "Feature",
      "properties": {
        "municipio": "RIO VERDE DE MATO GROSSO",
        "estado": "MATO GROSSO DO SUL",
        "bioma": "Pantanal",
        "date": "2026-06-04",
        "dias_sem_chuva": 17.0,
        "precipitacao": 0.0,
        "risco_fogo": 1.0,
        "indice": 78.2,
        "classe": "ponto de atenção preventivo"
      },
      "geometry": {
        "type": "Point",
        "coordinates": [
          -55.18624,
          -19.16656
        ]
      }
    },
    {
      "type": "Feature",
      "properties": {
        "municipio": "BANDEIRANTES",
        "estado": "MATO GROSSO DO SUL",
        "bioma": "Cerrado",
        "date": "2026-06-04",
        "dias_sem_chuva": 17.0,
        "precipitacao": 0.0,
        "risco_fogo": 1.0,
        "indice": 78.2,
        "classe": "ponto de atenção preventivo"
      },
      "geometry": {
        "type": "Point",
        "coordinates": [
          -54.65173,
          -19.72749
        ]
      }
    },
    {
      "type": "Feature",
      "properties": {
        "municipio": "PORTO DOS GAÚCHOS",
        "estado": "MATO GROSSO",
        "bioma": "Amazônia",
        "date": "2026-06-04",
        "dias_sem_chuva": 17.0,
        "precipitacao": 0.0,
        "risco_fogo": 1.0,
        "indice": 78.2,
        "classe": "ponto de atenção preventivo"
      },
      "geometry": {
        "type": "Point",
        "coordinates": [
          -56.83979,
          -11.73649
        ]
      }
    },
    {
      "type": "Feature",
      "properties": {
        "municipio": "BANDEIRANTES",
        "estado": "MATO GROSSO DO SUL",
        "bioma": "Cerrado",
        "date": "2026-06-04",
        "dias_sem_chuva": 17.0,
        "precipitacao": 0.0,
        "risco_fogo": 1.0,
        "indice": 78.2,
        "classe": "ponto de atenção preventivo"
      },
      "geometry": {
        "type": "Point",
        "coordinates": [
          -54.6407,
          -19.7277
        ]
      }
    },
    {
      "type": "Feature",
      "properties": {
        "municipio": "FERNANDO FALCÃO",
        "estado": "MARANHÃO",
        "bioma": "Cerrado",
        "date": "2026-06-04",
        "dias_sem_chuva": 17.0,
        "precipitacao": 0.1,
        "risco_fogo": 1.0,
        "indice": 78.2,
        "classe": "ponto de atenção preventivo"
      },
      "geometry": {
        "type": "Point",
        "coordinates": [
          -45.59109,
          -6.19808
        ]
      }
    },
    {
      "type": "Feature",
      "properties": {
        "municipio": "RIO VERDE DE MATO GROSSO",
        "estado": "MATO GROSSO DO SUL",
        "bioma": "Pantanal",
        "date": "2026-06-04",
        "dias_sem_chuva": 17.0,
        "precipitacao": 0.0,
        "risco_fogo": 1.0,
        "indice": 78.2,
        "classe": "ponto de atenção preventivo"
      },
      "geometry": {
        "type": "Point",
        "coordinates": [
          -55.18233,
          -19.16713
        ]
      }
    },
    {
      "type": "Feature",
      "properties": {
        "municipio": "PARACATU",
        "estado": "MINAS GERAIS",
        "bioma": "Cerrado",
        "date": "2026-06-04",
        "dias_sem_chuva": 17.0,
        "precipitacao": 0.0,
        "risco_fogo": 1.0,
        "indice": 78.2,
        "classe": "ponto de atenção preventivo"
      },
      "geometry": {
        "type": "Point",
        "coordinates": [
          -46.7885,
          -16.89444
        ]
      }
    },
    {
      "type": "Feature",
      "properties": {
        "municipio": "RIO VERDE DE MATO GROSSO",
        "estado": "MATO GROSSO DO SUL",
        "bioma": "Pantanal",
        "date": "2026-06-04",
        "dias_sem_chuva": 17.0,
        "precipitacao": 0.0,
        "risco_fogo": 1.0,
        "indice": 78.2,
        "classe": "ponto de atenção preventivo"
      },
      "geometry": {
        "type": "Point",
        "coordinates": [
          -55.1868,
          -19.16998
        ]
      }
    },
    {
      "type": "Feature",
      "properties": {
        "municipio": "FERNANDO FALCÃO",
        "estado": "MARANHÃO",
        "bioma": "Cerrado",
        "date": "2026-06-04",
        "dias_sem_chuva": 17.0,
        "precipitacao": 0.0,
        "risco_fogo": 1.0,
        "indice": 78.2,
        "classe": "ponto de atenção preventivo"
      },
      "geometry": {
        "type": "Point",
        "coordinates": [
          -45.70541,
          -6.30029
        ]
      }
    },
    {
      "type": "Feature",
      "properties": {
        "municipio": "SÃO FÉLIX DO ARAGUAIA",
        "estado": "MATO GROSSO",
        "bioma": "Cerrado",
        "date": "2026-06-04",
        "dias_sem_chuva": 17.0,
        "precipitacao": 0.0,
        "risco_fogo": 1.0,
        "indice": 78.2,
        "classe": "ponto de atenção preventivo"
      },
      "geometry": {
        "type": "Point",
        "coordinates": [
          -51.38994,
          -11.32819
        ]
      }
    },
    {
      "type": "Feature",
      "properties": {
        "municipio": "SÃO FÉLIX DO ARAGUAIA",
        "estado": "MATO GROSSO",
        "bioma": "Cerrado",
        "date": "2026-06-04",
        "dias_sem_chuva": 17.0,
        "precipitacao": 0.0,
        "risco_fogo": 1.0,
        "indice": 78.2,
        "classe": "ponto de atenção preventivo"
      },
      "geometry": {
        "type": "Point",
        "coordinates": [
          -51.38997,
          -11.32952
        ]
      }
    },
    {
      "type": "Feature",
      "properties": {
        "municipio": "ITUMBIARA",
        "estado": "GOIÁS",
        "bioma": "Cerrado",
        "date": "2026-06-04",
        "dias_sem_chuva": 17.0,
        "precipitacao": 0.0,
        "risco_fogo": 1.0,
        "indice": 78.2,
        "classe": "ponto de atenção preventivo"
      },
      "geometry": {
        "type": "Point",
        "coordinates": [
          -49.7628,
          -18.2761
        ]
      }
    },
    {
      "type": "Feature",
      "properties": {
        "municipio": "RIO VERDE DE MATO GROSSO",
        "estado": "MATO GROSSO DO SUL",
        "bioma": "Pantanal",
        "date": "2026-06-04",
        "dias_sem_chuva": 17.0,
        "precipitacao": 0.0,
        "risco_fogo": 1.0,
        "indice": 78.2,
        "classe": "ponto de atenção preventivo"
      },
      "geometry": {
        "type": "Point",
        "coordinates": [
          -55.1888,
          -19.1701
        ]
      }
    },
    {
      "type": "Feature",
      "properties": {
        "municipio": "FERNANDO FALCÃO",
        "estado": "MARANHÃO",
        "bioma": "Cerrado",
        "date": "2026-06-04",
        "dias_sem_chuva": 17.0,
        "precipitacao": 0.1,
        "risco_fogo": 1.0,
        "indice": 78.2,
        "classe": "ponto de atenção preventivo"
      },
      "geometry": {
        "type": "Point",
        "coordinates": [
          -45.59054,
          -6.2035
        ]
      }
    },
    {
      "type": "Feature",
      "properties": {
        "municipio": "CAMPOS LINDOS",
        "estado": "TOCANTINS",
        "bioma": "Cerrado",
        "date": "2026-06-04",
        "dias_sem_chuva": 24.0,
        "precipitacao": 0.0,
        "risco_fogo": 0.9,
        "indice": 78.2,
        "classe": "ponto de atenção preventivo"
      },
      "geometry": {
        "type": "Point",
        "coordinates": [
          -46.79222,
          -8.36482
        ]
      }
    },
    {
      "type": "Feature",
      "properties": {
        "municipio": "RIACHÃO",
        "estado": "MARANHÃO",
        "bioma": "Cerrado",
        "date": "2026-06-04",
        "dias_sem_chuva": 17.0,
        "precipitacao": 0.0,
        "risco_fogo": 1.0,
        "indice": 78.2,
        "classe": "ponto de atenção preventivo"
      },
      "geometry": {
        "type": "Point",
        "coordinates": [
          -46.2114,
          -7.35083
        ]
      }
    },
    {
      "type": "Feature",
      "properties": {
        "municipio": "SÃO FÉLIX DO ARAGUAIA",
        "estado": "MATO GROSSO",
        "bioma": "Cerrado",
        "date": "2026-06-04",
        "dias_sem_chuva": 17.0,
        "precipitacao": 0.0,
        "risco_fogo": 1.0,
        "indice": 78.2,
        "classe": "ponto de atenção preventivo"
      },
      "geometry": {
        "type": "Point",
        "coordinates": [
          -51.39152,
          -11.33593
        ]
      }
    },
    {
      "type": "Feature",
      "properties": {
        "municipio": "LUCIARA",
        "estado": "MATO GROSSO",
        "bioma": "Cerrado",
        "date": "2026-06-04",
        "dias_sem_chuva": 17.0,
        "precipitacao": 0.0,
        "risco_fogo": 1.0,
        "indice": 78.2,
        "classe": "ponto de atenção preventivo"
      },
      "geometry": {
        "type": "Point",
        "coordinates": [
          -50.78278,
          -11.18061
        ]
      }
    },
    {
      "type": "Feature",
      "properties": {
        "municipio": "FERNANDO FALCÃO",
        "estado": "MARANHÃO",
        "bioma": "Cerrado",
        "date": "2026-06-04",
        "dias_sem_chuva": 17.0,
        "precipitacao": 0.1,
        "risco_fogo": 1.0,
        "indice": 78.2,
        "classe": "ponto de atenção preventivo"
      },
      "geometry": {
        "type": "Point",
        "coordinates": [
          -45.58904,
          -6.2143
        ]
      }
    },
    {
      "type": "Feature",
      "properties": {
        "municipio": "PORTO VELHO",
        "estado": "RONDÔNIA",
        "bioma": "Amazônia",
        "date": "2026-06-04",
        "dias_sem_chuva": 17.0,
        "precipitacao": 0.0,
        "risco_fogo": 1.0,
        "indice": 78.2,
        "classe": "ponto de atenção preventivo"
      },
      "geometry": {
        "type": "Point",
        "coordinates": [
          -64.39796,
          -9.25803
        ]
      }
    },
    {
      "type": "Feature",
      "properties": {
        "municipio": "GURINHATÃ",
        "estado": "MINAS GERAIS",
        "bioma": "Cerrado",
        "date": "2026-06-04",
        "dias_sem_chuva": 17.0,
        "precipitacao": 0.0,
        "risco_fogo": 1.0,
        "indice": 78.2,
        "classe": "ponto de atenção preventivo"
      },
      "geometry": {
        "type": "Point",
        "coordinates": [
          -49.76204,
          -19.12727
        ]
      }
    },
    {
      "type": "Feature",
      "properties": {
        "municipio": "SÃO FÉLIX DO ARAGUAIA",
        "estado": "MATO GROSSO",
        "bioma": "Cerrado",
        "date": "2026-06-04",
        "dias_sem_chuva": 17.0,
        "precipitacao": 0.0,
        "risco_fogo": 1.0,
        "indice": 78.2,
        "classe": "ponto de atenção preventivo"
      },
      "geometry": {
        "type": "Point",
        "coordinates": [
          -51.38922,
          -11.33008
        ]
      }
    },
    {
      "type": "Feature",
      "properties": {
        "municipio": "FERNANDO FALCÃO",
        "estado": "MARANHÃO",
        "bioma": "Cerrado",
        "date": "2026-06-04",
        "dias_sem_chuva": 17.0,
        "precipitacao": 0.0,
        "risco_fogo": 1.0,
        "indice": 78.2,
        "classe": "ponto de atenção preventivo"
      },
      "geometry": {
        "type": "Point",
        "coordinates": [
          -45.65384,
          -6.17015
        ]
      }
    },
    {
      "type": "Feature",
      "properties": {
        "municipio": "BARÃO DE GRAJAÚ",
        "estado": "MARANHÃO",
        "bioma": "Cerrado",
        "date": "2026-06-04",
        "dias_sem_chuva": 17.0,
        "precipitacao": 0.0,
        "risco_fogo": 1.0,
        "indice": 78.2,
        "classe": "ponto de atenção preventivo"
      },
      "geometry": {
        "type": "Point",
        "coordinates": [
          -43.32734,
          -6.5273
        ]
      }
    },
    {
      "type": "Feature",
      "properties": {
        "municipio": "SÃO FÉLIX DO ARAGUAIA",
        "estado": "MATO GROSSO",
        "bioma": "Cerrado",
        "date": "2026-06-04",
        "dias_sem_chuva": 17.0,
        "precipitacao": 0.0,
        "risco_fogo": 1.0,
        "indice": 78.2,
        "classe": "ponto de atenção preventivo"
      },
      "geometry": {
        "type": "Point",
        "coordinates": [
          -51.3918,
          -11.33375
        ]
      }
    },
    {
      "type": "Feature",
      "properties": {
        "municipio": "FERNANDO FALCÃO",
        "estado": "MARANHÃO",
        "bioma": "Cerrado",
        "date": "2026-06-04",
        "dias_sem_chuva": 17.0,
        "precipitacao": 0.0,
        "risco_fogo": 1.0,
        "indice": 78.2,
        "classe": "ponto de atenção preventivo"
      },
      "geometry": {
        "type": "Point",
        "coordinates": [
          -45.65327,
          -6.17377
        ]
      }
    },
    {
      "type": "Feature",
      "properties": {
        "municipio": "BANDEIRANTES",
        "estado": "MATO GROSSO DO SUL",
        "bioma": "Cerrado",
        "date": "2026-06-04",
        "dias_sem_chuva": 17.0,
        "precipitacao": 0.0,
        "risco_fogo": 1.0,
        "indice": 78.2,
        "classe": "ponto de atenção preventivo"
      },
      "geometry": {
        "type": "Point",
        "coordinates": [
          -54.65154,
          -19.72711
        ]
      }
    },
    {
      "type": "Feature",
      "properties": {
        "municipio": "RIO VERDE DE MATO GROSSO",
        "estado": "MATO GROSSO DO SUL",
        "bioma": "Pantanal",
        "date": "2026-06-04",
        "dias_sem_chuva": 17.0,
        "precipitacao": 0.0,
        "risco_fogo": 1.0,
        "indice": 78.2,
        "classe": "ponto de atenção preventivo"
      },
      "geometry": {
        "type": "Point",
        "coordinates": [
          -55.18687,
          -19.17042
        ]
      }
    },
    {
      "type": "Feature",
      "properties": {
        "municipio": "CARNEIRINHO",
        "estado": "MINAS GERAIS",
        "bioma": "Mata Atlântica",
        "date": "2026-06-04",
        "dias_sem_chuva": 17.0,
        "precipitacao": 0.0,
        "risco_fogo": 1.0,
        "indice": 78.2,
        "classe": "ponto de atenção preventivo"
      },
      "geometry": {
        "type": "Point",
        "coordinates": [
          -50.96379,
          -19.79056
        ]
      }
    },
    {
      "type": "Feature",
      "properties": {
        "municipio": "PORTO DOS GAÚCHOS",
        "estado": "MATO GROSSO",
        "bioma": "Amazônia",
        "date": "2026-06-04",
        "dias_sem_chuva": 17.0,
        "precipitacao": 0.0,
        "risco_fogo": 1.0,
        "indice": 78.2,
        "classe": "ponto de atenção preventivo"
      },
      "geometry": {
        "type": "Point",
        "coordinates": [
          -56.83955,
          -11.73547
        ]
      }
    },
    {
      "type": "Feature",
      "properties": {
        "municipio": "SÃO FÉLIX DO ARAGUAIA",
        "estado": "MATO GROSSO",
        "bioma": "Cerrado",
        "date": "2026-06-04",
        "dias_sem_chuva": 17.0,
        "precipitacao": 0.0,
        "risco_fogo": 1.0,
        "indice": 78.2,
        "classe": "ponto de atenção preventivo"
      },
      "geometry": {
        "type": "Point",
        "coordinates": [
          -51.39055,
          -11.32477
        ]
      }
    },
    {
      "type": "Feature",
      "properties": {
        "municipio": "LÁBREA",
        "estado": "AMAZONAS",
        "bioma": "Amazônia",
        "date": "2026-06-04",
        "dias_sem_chuva": 17.0,
        "precipitacao": 0.0,
        "risco_fogo": 1.0,
        "indice": 78.2,
        "classe": "ponto de atenção preventivo"
      },
      "geometry": {
        "type": "Point",
        "coordinates": [
          -67.20956,
          -9.62723
        ]
      }
    },
    {
      "type": "Feature",
      "properties": {
        "municipio": "ALTAMIRA",
        "estado": "PARÁ",
        "bioma": "Amazônia",
        "date": "2026-06-04",
        "dias_sem_chuva": 17.0,
        "precipitacao": 0.0,
        "risco_fogo": 1.0,
        "indice": 78.2,
        "classe": "ponto de atenção preventivo"
      },
      "geometry": {
        "type": "Point",
        "coordinates": [
          -54.74965,
          -8.3943
        ]
      }
    },
    {
      "type": "Feature",
      "properties": {
        "municipio": "BANDEIRANTES",
        "estado": "MATO GROSSO DO SUL",
        "bioma": "Cerrado",
        "date": "2026-06-04",
        "dias_sem_chuva": 17.0,
        "precipitacao": 0.0,
        "risco_fogo": 1.0,
        "indice": 78.2,
        "classe": "ponto de atenção preventivo"
      },
      "geometry": {
        "type": "Point",
        "coordinates": [
          -54.65238,
          -19.72631
        ]
      }
    },
    {
      "type": "Feature",
      "properties": {
        "municipio": "GURINHATÃ",
        "estado": "MINAS GERAIS",
        "bioma": "Cerrado",
        "date": "2026-06-04",
        "dias_sem_chuva": 17.0,
        "precipitacao": 0.0,
        "risco_fogo": 1.0,
        "indice": 78.2,
        "classe": "ponto de atenção preventivo"
      },
      "geometry": {
        "type": "Point",
        "coordinates": [
          -49.7623,
          -19.12276
        ]
      }
    },
    {
      "type": "Feature",
      "properties": {
        "municipio": "BRASÍLIA",
        "estado": "DISTRITO FEDERAL",
        "bioma": "Cerrado",
        "date": "2026-06-04",
        "dias_sem_chuva": 19.0,
        "precipitacao": 0.0,
        "risco_fogo": 0.97,
        "indice": 78.1,
        "classe": "ponto de atenção preventivo"
      },
      "geometry": {
        "type": "Point",
        "coordinates": [
          -47.65129,
          -15.55614
        ]
      }
    },
    {
      "type": "Feature",
      "properties": {
        "municipio": "LAGOA DA CONFUSÃO",
        "estado": "TOCANTINS",
        "bioma": "Cerrado",
        "date": "2026-06-04",
        "dias_sem_chuva": 18.0,
        "precipitacao": 0.0,
        "risco_fogo": 0.98,
        "indice": 77.9,
        "classe": "atenção operacional"
      },
      "geometry": {
        "type": "Point",
        "coordinates": [
          -49.69723,
          -10.67171
        ]
      }
    },
    {
      "type": "Feature",
      "properties": {
        "municipio": "SÃO PEDRO DOS CRENTES",
        "estado": "MARANHÃO",
        "bioma": "Cerrado",
        "date": "2026-06-04",
        "dias_sem_chuva": 18.0,
        "precipitacao": 0.0,
        "risco_fogo": 0.98,
        "indice": 77.9,
        "classe": "atenção operacional"
      },
      "geometry": {
        "type": "Point",
        "coordinates": [
          -46.53542,
          -6.76027
        ]
      }
    },
    {
      "type": "Feature",
      "properties": {
        "municipio": "PARACATU",
        "estado": "MINAS GERAIS",
        "bioma": "Cerrado",
        "date": "2026-06-04",
        "dias_sem_chuva": 18.0,
        "precipitacao": 0.0,
        "risco_fogo": 0.98,
        "indice": 77.9,
        "classe": "atenção operacional"
      },
      "geometry": {
        "type": "Point",
        "coordinates": [
          -46.78433,
          -16.89367
        ]
      }
    },
    {
      "type": "Feature",
      "properties": {
        "municipio": "PORTO VELHO",
        "estado": "RONDÔNIA",
        "bioma": "Amazônia",
        "date": "2026-06-04",
        "dias_sem_chuva": 17.0,
        "precipitacao": 0.0,
        "risco_fogo": 0.99,
        "indice": 77.7,
        "classe": "atenção operacional"
      },
      "geometry": {
        "type": "Point",
        "coordinates": [
          -64.70001,
          -9.42502
        ]
      }
    },
    {
      "type": "Feature",
      "properties": {
        "municipio": "FERNANDO FALCÃO",
        "estado": "MARANHÃO",
        "bioma": "Cerrado",
        "date": "2026-06-04",
        "dias_sem_chuva": 17.0,
        "precipitacao": 0.1,
        "risco_fogo": 0.99,
        "indice": 77.6,
        "classe": "atenção operacional"
      },
      "geometry": {
        "type": "Point",
        "coordinates": [
          -45.58624,
          -6.21096
        ]
      }
    },
    {
      "type": "Feature",
      "properties": {
        "municipio": "RIO MARIA",
        "estado": "PARÁ",
        "bioma": "Amazônia",
        "date": "2026-06-04",
        "dias_sem_chuva": 19.0,
        "precipitacao": 0.0,
        "risco_fogo": 0.96,
        "indice": 77.6,
        "classe": "atenção operacional"
      },
      "geometry": {
        "type": "Point",
        "coordinates": [
          -49.82255,
          -7.34701
        ]
      }
    },
    {
      "type": "Feature",
      "properties": {
        "municipio": "RECURSOLÂNDIA",
        "estado": "TOCANTINS",
        "bioma": "Cerrado",
        "date": "2026-06-04",
        "dias_sem_chuva": 24.0,
        "precipitacao": 0.0,
        "risco_fogo": 0.89,
        "indice": 77.6,
        "classe": "atenção operacional"
      },
      "geometry": {
        "type": "Point",
        "coordinates": [
          -47.25936,
          -8.60602
        ]
      }
    },
    {
      "type": "Feature",
      "properties": {
        "municipio": "LAGOA DO TOCANTINS",
        "estado": "TOCANTINS",
        "bioma": "Cerrado",
        "date": "2026-06-04",
        "dias_sem_chuva": 19.0,
        "precipitacao": 0.0,
        "risco_fogo": 0.96,
        "indice": 77.6,
        "classe": "atenção operacional"
      },
      "geometry": {
        "type": "Point",
        "coordinates": [
          -47.48189,
          -10.46117
        ]
      }
    },
    {
      "type": "Feature",
      "properties": {
        "municipio": "LAGOA DO TOCANTINS",
        "estado": "TOCANTINS",
        "bioma": "Cerrado",
        "date": "2026-06-04",
        "dias_sem_chuva": 19.0,
        "precipitacao": 0.0,
        "risco_fogo": 0.96,
        "indice": 77.6,
        "classe": "atenção operacional"
      },
      "geometry": {
        "type": "Point",
        "coordinates": [
          -47.48194,
          -10.4589
        ]
      }
    },
    {
      "type": "Feature",
      "properties": {
        "municipio": "ESTREITO",
        "estado": "MARANHÃO",
        "bioma": "Cerrado",
        "date": "2026-06-04",
        "dias_sem_chuva": 19.0,
        "precipitacao": 0.0,
        "risco_fogo": 0.96,
        "indice": 77.6,
        "classe": "atenção operacional"
      },
      "geometry": {
        "type": "Point",
        "coordinates": [
          -47.27048,
          -6.89363
        ]
      }
    },
    {
      "type": "Feature",
      "properties": {
        "municipio": "ITACAJÁ",
        "estado": "TOCANTINS",
        "bioma": "Cerrado",
        "date": "2026-06-04",
        "dias_sem_chuva": 26.0,
        "precipitacao": 0.0,
        "risco_fogo": 0.86,
        "indice": 77.5,
        "classe": "atenção operacional"
      },
      "geometry": {
        "type": "Point",
        "coordinates": [
          -47.46041,
          -8.57605
        ]
      }
    },
    {
      "type": "Feature",
      "properties": {
        "municipio": "JUAZEIRO",
        "estado": "BAHIA",
        "bioma": "Caatinga",
        "date": "2026-06-04",
        "dias_sem_chuva": 16.0,
        "precipitacao": 0.0,
        "risco_fogo": 1.0,
        "indice": 77.4,
        "classe": "atenção operacional"
      },
      "geometry": {
        "type": "Point",
        "coordinates": [
          -40.2062,
          -9.3455
        ]
      }
    },
    {
      "type": "Feature",
      "properties": {
        "municipio": "PONTE ALTA DO TOCANTINS",
        "estado": "TOCANTINS",
        "bioma": "Cerrado",
        "date": "2026-06-04",
        "dias_sem_chuva": 16.0,
        "precipitacao": 0.0,
        "risco_fogo": 1.0,
        "indice": 77.4,
        "classe": "atenção operacional"
      },
      "geometry": {
        "type": "Point",
        "coordinates": [
          -47.0565,
          -10.80079
        ]
      }
    },
    {
      "type": "Feature",
      "properties": {
        "municipio": "CAMAPUÃ",
        "estado": "MATO GROSSO DO SUL",
        "bioma": "Cerrado",
        "date": "2026-06-04",
        "dias_sem_chuva": 16.0,
        "precipitacao": 0.0,
        "risco_fogo": 1.0,
        "indice": 77.4,
        "classe": "atenção operacional"
      },
      "geometry": {
        "type": "Point",
        "coordinates": [
          -53.5441,
          -19.7311
        ]
      }
    },
    {
      "type": "Feature",
      "properties": {
        "municipio": "PARANATINGA",
        "estado": "MATO GROSSO",
        "bioma": "Cerrado",
        "date": "2026-06-04",
        "dias_sem_chuva": 16.0,
        "precipitacao": 0.0,
        "risco_fogo": 1.0,
        "indice": 77.4,
        "classe": "atenção operacional"
      },
      "geometry": {
        "type": "Point",
        "coordinates": [
          -53.3909,
          -14.0651
        ]
      }
    },
    {
      "type": "Feature",
      "properties": {
        "municipio": "EMBAÚBA",
        "estado": "SÃO PAULO",
        "bioma": "Mata Atlântica",
        "date": "2026-06-04",
        "dias_sem_chuva": 16.0,
        "precipitacao": 0.0,
        "risco_fogo": 1.0,
        "indice": 77.4,
        "classe": "atenção operacional"
      },
      "geometry": {
        "type": "Point",
        "coordinates": [
          -48.84646,
          -20.99069
        ]
      }
    },
    {
      "type": "Feature",
      "properties": {
        "municipio": "CAMAPUÃ",
        "estado": "MATO GROSSO DO SUL",
        "bioma": "Cerrado",
        "date": "2026-06-04",
        "dias_sem_chuva": 16.0,
        "precipitacao": 0.0,
        "risco_fogo": 1.0,
        "indice": 77.4,
        "classe": "atenção operacional"
      },
      "geometry": {
        "type": "Point",
        "coordinates": [
          -53.54773,
          -19.74778
        ]
      }
    },
    {
      "type": "Feature",
      "properties": {
        "municipio": "FERNANDO FALCÃO",
        "estado": "MARANHÃO",
        "bioma": "Cerrado",
        "date": "2026-06-04",
        "dias_sem_chuva": 16.0,
        "precipitacao": 0.1,
        "risco_fogo": 1.0,
        "indice": 77.4,
        "classe": "atenção operacional"
      },
      "geometry": {
        "type": "Point",
        "coordinates": [
          -45.5897,
          -6.21143
        ]
      }
    },
    {
      "type": "Feature",
      "properties": {
        "municipio": "CAMAPUÃ",
        "estado": "MATO GROSSO DO SUL",
        "bioma": "Cerrado",
        "date": "2026-06-04",
        "dias_sem_chuva": 16.0,
        "precipitacao": 0.0,
        "risco_fogo": 1.0,
        "indice": 77.4,
        "classe": "atenção operacional"
      },
      "geometry": {
        "type": "Point",
        "coordinates": [
          -53.5441,
          -19.7311
        ]
      }
    },
    {
      "type": "Feature",
      "properties": {
        "municipio": "PARANATINGA",
        "estado": "MATO GROSSO",
        "bioma": "Cerrado",
        "date": "2026-06-04",
        "dias_sem_chuva": 16.0,
        "precipitacao": 0.0,
        "risco_fogo": 1.0,
        "indice": 77.4,
        "classe": "atenção operacional"
      },
      "geometry": {
        "type": "Point",
        "coordinates": [
          -53.39629,
          -14.0618
        ]
      }
    },
    {
      "type": "Feature",
      "properties": {
        "municipio": "PARANATINGA",
        "estado": "MATO GROSSO",
        "bioma": "Cerrado",
        "date": "2026-06-04",
        "dias_sem_chuva": 16.0,
        "precipitacao": 0.0,
        "risco_fogo": 1.0,
        "indice": 77.4,
        "classe": "atenção operacional"
      },
      "geometry": {
        "type": "Point",
        "coordinates": [
          -53.39675,
          -14.0598
        ]
      }
    },
    {
      "type": "Feature",
      "properties": {
        "municipio": "CONCEIÇÃO DAS ALAGOAS",
        "estado": "MINAS GERAIS",
        "bioma": "Cerrado",
        "date": "2026-06-04",
        "dias_sem_chuva": 16.0,
        "precipitacao": 0.0,
        "risco_fogo": 1.0,
        "indice": 77.4,
        "classe": "atenção operacional"
      },
      "geometry": {
        "type": "Point",
        "coordinates": [
          -48.19445,
          -20.02483
        ]
      }
    },
    {
      "type": "Feature",
      "properties": {
        "municipio": "CONCEIÇÃO DAS ALAGOAS",
        "estado": "MINAS GERAIS",
        "bioma": "Cerrado",
        "date": "2026-06-04",
        "dias_sem_chuva": 16.0,
        "precipitacao": 0.0,
        "risco_fogo": 1.0,
        "indice": 77.4,
        "classe": "atenção operacional"
      },
      "geometry": {
        "type": "Point",
        "coordinates": [
          -48.19016,
          -20.02542
        ]
      }
    },
    {
      "type": "Feature",
      "properties": {
        "municipio": "FRUTAL",
        "estado": "MINAS GERAIS",
        "bioma": "Cerrado",
        "date": "2026-06-04",
        "dias_sem_chuva": 16.0,
        "precipitacao": 0.0,
        "risco_fogo": 1.0,
        "indice": 77.4,
        "classe": "atenção operacional"
      },
      "geometry": {
        "type": "Point",
        "coordinates": [
          -48.96412,
          -19.91143
        ]
      }
    },
    {
      "type": "Feature",
      "properties": {
        "municipio": "CAMAPUÃ",
        "estado": "MATO GROSSO DO SUL",
        "bioma": "Cerrado",
        "date": "2026-06-04",
        "dias_sem_chuva": 16.0,
        "precipitacao": 0.0,
        "risco_fogo": 1.0,
        "indice": 77.4,
        "classe": "atenção operacional"
      },
      "geometry": {
        "type": "Point",
        "coordinates": [
          -53.53447,
          -19.74612
        ]
      }
    },
    {
      "type": "Feature",
      "properties": {
        "municipio": "CAMAPUÃ",
        "estado": "MATO GROSSO DO SUL",
        "bioma": "Cerrado",
        "date": "2026-06-04",
        "dias_sem_chuva": 16.0,
        "precipitacao": 0.0,
        "risco_fogo": 1.0,
        "indice": 77.4,
        "classe": "atenção operacional"
      },
      "geometry": {
        "type": "Point",
        "coordinates": [
          -53.54914,
          -19.73738
        ]
      }
    },
    {
      "type": "Feature",
      "properties": {
        "municipio": "CONCEIÇÃO DAS ALAGOAS",
        "estado": "MINAS GERAIS",
        "bioma": "Cerrado",
        "date": "2026-06-04",
        "dias_sem_chuva": 16.0,
        "precipitacao": 0.0,
        "risco_fogo": 1.0,
        "indice": 77.4,
        "classe": "atenção operacional"
      },
      "geometry": {
        "type": "Point",
        "coordinates": [
          -48.19233,
          -20.02403
        ]
      }
    },
    {
      "type": "Feature",
      "properties": {
        "municipio": "CAMAPUÃ",
        "estado": "MATO GROSSO DO SUL",
        "bioma": "Cerrado",
        "date": "2026-06-04",
        "dias_sem_chuva": 16.0,
        "precipitacao": 0.0,
        "risco_fogo": 1.0,
        "indice": 77.4,
        "classe": "atenção operacional"
      },
      "geometry": {
        "type": "Point",
        "coordinates": [
          -53.55209,
          -19.7397
        ]
      }
    },
    {
      "type": "Feature",
      "properties": {
        "municipio": "CAMAPUÃ",
        "estado": "MATO GROSSO DO SUL",
        "bioma": "Cerrado",
        "date": "2026-06-04",
        "dias_sem_chuva": 16.0,
        "precipitacao": 0.0,
        "risco_fogo": 1.0,
        "indice": 77.4,
        "classe": "atenção operacional"
      },
      "geometry": {
        "type": "Point",
        "coordinates": [
          -53.54892,
          -19.74036
        ]
      }
    },
    {
      "type": "Feature",
      "properties": {
        "municipio": "PARANATINGA",
        "estado": "MATO GROSSO",
        "bioma": "Cerrado",
        "date": "2026-06-04",
        "dias_sem_chuva": 16.0,
        "precipitacao": 0.0,
        "risco_fogo": 1.0,
        "indice": 77.4,
        "classe": "atenção operacional"
      },
      "geometry": {
        "type": "Point",
        "coordinates": [
          -53.39661,
          -14.06108
        ]
      }
    },
    {
      "type": "Feature",
      "properties": {
        "municipio": "PARANATINGA",
        "estado": "MATO GROSSO",
        "bioma": "Cerrado",
        "date": "2026-06-04",
        "dias_sem_chuva": 16.0,
        "precipitacao": 0.0,
        "risco_fogo": 1.0,
        "indice": 77.4,
        "classe": "atenção operacional"
      },
      "geometry": {
        "type": "Point",
        "coordinates": [
          -53.4005,
          -14.0603
        ]
      }
    },
    {
      "type": "Feature",
      "properties": {
        "municipio": "PARANATINGA",
        "estado": "MATO GROSSO",
        "bioma": "Cerrado",
        "date": "2026-06-04",
        "dias_sem_chuva": 16.0,
        "precipitacao": 0.0,
        "risco_fogo": 1.0,
        "indice": 77.4,
        "classe": "atenção operacional"
      },
      "geometry": {
        "type": "Point",
        "coordinates": [
          -53.39772,
          -14.05894
        ]
      }
    },
    {
      "type": "Feature",
      "properties": {
        "municipio": "LÁBREA",
        "estado": "AMAZONAS",
        "bioma": "Amazônia",
        "date": "2026-06-04",
        "dias_sem_chuva": 16.0,
        "precipitacao": 0.0,
        "risco_fogo": 1.0,
        "indice": 77.4,
        "classe": "atenção operacional"
      },
      "geometry": {
        "type": "Point",
        "coordinates": [
          -67.1497,
          -9.60944
        ]
      }
    },
    {
      "type": "Feature",
      "properties": {
        "municipio": "APIACÁS",
        "estado": "MATO GROSSO",
        "bioma": "Amazônia",
        "date": "2026-06-04",
        "dias_sem_chuva": 16.0,
        "precipitacao": 0.0,
        "risco_fogo": 1.0,
        "indice": 77.4,
        "classe": "atenção operacional"
      },
      "geometry": {
        "type": "Point",
        "coordinates": [
          -57.44781,
          -9.38557
        ]
      }
    },
    {
      "type": "Feature",
      "properties": {
        "municipio": "CÁCERES",
        "estado": "MATO GROSSO",
        "bioma": "Pantanal",
        "date": "2026-06-04",
        "dias_sem_chuva": 16.0,
        "precipitacao": 0.0,
        "risco_fogo": 1.0,
        "indice": 77.4,
        "classe": "atenção operacional"
      },
      "geometry": {
        "type": "Point",
        "coordinates": [
          -58.4822,
          -16.185
        ]
      }
    },
    {
      "type": "Feature",
      "properties": {
        "municipio": "CAMAPUÃ",
        "estado": "MATO GROSSO DO SUL",
        "bioma": "Cerrado",
        "date": "2026-06-04",
        "dias_sem_chuva": 16.0,
        "precipitacao": 0.0,
        "risco_fogo": 1.0,
        "indice": 77.4,
        "classe": "atenção operacional"
      },
      "geometry": {
        "type": "Point",
        "coordinates": [
          -53.540001,
          -19.736601
        ]
      }
    },
    {
      "type": "Feature",
      "properties": {
        "municipio": "NOVA UBIRATÃ",
        "estado": "MATO GROSSO",
        "bioma": "Amazônia",
        "date": "2026-06-04",
        "dias_sem_chuva": 18.0,
        "precipitacao": 0.0,
        "risco_fogo": 0.97,
        "indice": 77.4,
        "classe": "atenção operacional"
      },
      "geometry": {
        "type": "Point",
        "coordinates": [
          -54.1385,
          -12.3096
        ]
      }
    },
    {
      "type": "Feature",
      "properties": {
        "municipio": "PARANATINGA",
        "estado": "MATO GROSSO",
        "bioma": "Cerrado",
        "date": "2026-06-04",
        "dias_sem_chuva": 16.0,
        "precipitacao": 0.0,
        "risco_fogo": 1.0,
        "indice": 77.4,
        "classe": "atenção operacional"
      },
      "geometry": {
        "type": "Point",
        "coordinates": [
          -53.38348,
          -14.07533
        ]
      }
    },
    {
      "type": "Feature",
      "properties": {
        "municipio": "PARANATINGA",
        "estado": "MATO GROSSO",
        "bioma": "Cerrado",
        "date": "2026-06-04",
        "dias_sem_chuva": 16.0,
        "precipitacao": 0.0,
        "risco_fogo": 1.0,
        "indice": 77.4,
        "classe": "atenção operacional"
      },
      "geometry": {
        "type": "Point",
        "coordinates": [
          -53.39774,
          -14.06666
        ]
      }
    },
    {
      "type": "Feature",
      "properties": {
        "municipio": "XAPURI",
        "estado": "ACRE",
        "bioma": "Amazônia",
        "date": "2026-06-04",
        "dias_sem_chuva": 16.0,
        "precipitacao": 0.0,
        "risco_fogo": 1.0,
        "indice": 77.4,
        "classe": "atenção operacional"
      },
      "geometry": {
        "type": "Point",
        "coordinates": [
          -68.32699,
          -10.75558
        ]
      }
    },
    {
      "type": "Feature",
      "properties": {
        "municipio": "PARANATINGA",
        "estado": "MATO GROSSO",
        "bioma": "Cerrado",
        "date": "2026-06-04",
        "dias_sem_chuva": 16.0,
        "precipitacao": 0.0,
        "risco_fogo": 1.0,
        "indice": 77.4,
        "classe": "atenção operacional"
      },
      "geometry": {
        "type": "Point",
        "coordinates": [
          -53.39988,
          -14.06018
        ]
      }
    },
    {
      "type": "Feature",
      "properties": {
        "municipio": "NOVA UBIRATÃ",
        "estado": "MATO GROSSO",
        "bioma": "Amazônia",
        "date": "2026-06-04",
        "dias_sem_chuva": 18.0,
        "precipitacao": 0.0,
        "risco_fogo": 0.97,
        "indice": 77.4,
        "classe": "atenção operacional"
      },
      "geometry": {
        "type": "Point",
        "coordinates": [
          -54.1385,
          -12.3096
        ]
      }
    },
    {
      "type": "Feature",
      "properties": {
        "municipio": "PARANATINGA",
        "estado": "MATO GROSSO",
        "bioma": "Cerrado",
        "date": "2026-06-04",
        "dias_sem_chuva": 16.0,
        "precipitacao": 0.0,
        "risco_fogo": 1.0,
        "indice": 77.4,
        "classe": "atenção operacional"
      },
      "geometry": {
        "type": "Point",
        "coordinates": [
          -53.39893,
          -14.05956
        ]
      }
    },
    {
      "type": "Feature",
      "properties": {
        "municipio": "CACAULÂNDIA",
        "estado": "RONDÔNIA",
        "bioma": "Amazônia",
        "date": "2026-06-04",
        "dias_sem_chuva": 16.0,
        "precipitacao": 0.0,
        "risco_fogo": 1.0,
        "indice": 77.4,
        "classe": "atenção operacional"
      },
      "geometry": {
        "type": "Point",
        "coordinates": [
          -62.78379,
          -10.24627
        ]
      }
    },
    {
      "type": "Feature",
      "properties": {
        "municipio": "SÃO FÉLIX DO ARAGUAIA",
        "estado": "MATO GROSSO",
        "bioma": "Cerrado",
        "date": "2026-06-04",
        "dias_sem_chuva": 16.0,
        "precipitacao": 0.0,
        "risco_fogo": 1.0,
        "indice": 77.4,
        "classe": "atenção operacional"
      },
      "geometry": {
        "type": "Point",
        "coordinates": [
          -51.39348,
          -11.33244
        ]
      }
    },
    {
      "type": "Feature",
      "properties": {
        "municipio": "LÁBREA",
        "estado": "AMAZONAS",
        "bioma": "Amazônia",
        "date": "2026-06-04",
        "dias_sem_chuva": 16.0,
        "precipitacao": 0.0,
        "risco_fogo": 1.0,
        "indice": 77.4,
        "classe": "atenção operacional"
      },
      "geometry": {
        "type": "Point",
        "coordinates": [
          -67.15266,
          -9.6056
        ]
      }
    },
    {
      "type": "Feature",
      "properties": {
        "municipio": "PARANATINGA",
        "estado": "MATO GROSSO",
        "bioma": "Cerrado",
        "date": "2026-06-04",
        "dias_sem_chuva": 16.0,
        "precipitacao": 0.0,
        "risco_fogo": 1.0,
        "indice": 77.4,
        "classe": "atenção operacional"
      },
      "geometry": {
        "type": "Point",
        "coordinates": [
          -53.3962,
          -14.05629
        ]
      }
    },
    {
      "type": "Feature",
      "properties": {
        "municipio": "CÁCERES",
        "estado": "MATO GROSSO",
        "bioma": "Pantanal",
        "date": "2026-06-04",
        "dias_sem_chuva": 16.0,
        "precipitacao": 0.0,
        "risco_fogo": 1.0,
        "indice": 77.4,
        "classe": "atenção operacional"
      },
      "geometry": {
        "type": "Point",
        "coordinates": [
          -58.4822,
          -16.185
        ]
      }
    },
    {
      "type": "Feature",
      "properties": {
        "municipio": "CAMAPUÃ",
        "estado": "MATO GROSSO DO SUL",
        "bioma": "Cerrado",
        "date": "2026-06-04",
        "dias_sem_chuva": 16.0,
        "precipitacao": 0.0,
        "risco_fogo": 1.0,
        "indice": 77.4,
        "classe": "atenção operacional"
      },
      "geometry": {
        "type": "Point",
        "coordinates": [
          -53.55137,
          -19.73825
        ]
      }
    },
    {
      "type": "Feature",
      "properties": {
        "municipio": "CONCEIÇÃO DAS ALAGOAS",
        "estado": "MINAS GERAIS",
        "bioma": "Cerrado",
        "date": "2026-06-04",
        "dias_sem_chuva": 16.0,
        "precipitacao": 0.0,
        "risco_fogo": 1.0,
        "indice": 77.4,
        "classe": "atenção operacional"
      },
      "geometry": {
        "type": "Point",
        "coordinates": [
          -48.18777,
          -20.02485
        ]
      }
    },
    {
      "type": "Feature",
      "properties": {
        "municipio": "CONCEIÇÃO DAS ALAGOAS",
        "estado": "MINAS GERAIS",
        "bioma": "Cerrado",
        "date": "2026-06-04",
        "dias_sem_chuva": 16.0,
        "precipitacao": 0.0,
        "risco_fogo": 1.0,
        "indice": 77.4,
        "classe": "atenção operacional"
      },
      "geometry": {
        "type": "Point",
        "coordinates": [
          -48.35409,
          -19.85493
        ]
      }
    },
    {
      "type": "Feature",
      "properties": {
        "municipio": "CAMAPUÃ",
        "estado": "MATO GROSSO DO SUL",
        "bioma": "Cerrado",
        "date": "2026-06-04",
        "dias_sem_chuva": 16.0,
        "precipitacao": 0.0,
        "risco_fogo": 1.0,
        "indice": 77.4,
        "classe": "atenção operacional"
      },
      "geometry": {
        "type": "Point",
        "coordinates": [
          -53.54935,
          -19.74003
        ]
      }
    },
    {
      "type": "Feature",
      "properties": {
        "municipio": "CÁCERES",
        "estado": "MATO GROSSO",
        "bioma": "Pantanal",
        "date": "2026-06-04",
        "dias_sem_chuva": 16.0,
        "precipitacao": 0.0,
        "risco_fogo": 1.0,
        "indice": 77.4,
        "classe": "atenção operacional"
      },
      "geometry": {
        "type": "Point",
        "coordinates": [
          -58.49016,
          -16.18994
        ]
      }
    },
    {
      "type": "Feature",
      "properties": {
        "municipio": "PARANATINGA",
        "estado": "MATO GROSSO",
        "bioma": "Cerrado",
        "date": "2026-06-04",
        "dias_sem_chuva": 16.0,
        "precipitacao": 0.0,
        "risco_fogo": 1.0,
        "indice": 77.4,
        "classe": "atenção operacional"
      },
      "geometry": {
        "type": "Point",
        "coordinates": [
          -53.39475,
          -14.06215
        ]
      }
    },
    {
      "type": "Feature",
      "properties": {
        "municipio": "SÃO FÉLIX DO ARAGUAIA",
        "estado": "MATO GROSSO",
        "bioma": "Cerrado",
        "date": "2026-06-04",
        "dias_sem_chuva": 16.0,
        "precipitacao": 0.0,
        "risco_fogo": 1.0,
        "indice": 77.4,
        "classe": "atenção operacional"
      },
      "geometry": {
        "type": "Point",
        "coordinates": [
          -51.39351,
          -11.33379
        ]
      }
    },
    {
      "type": "Feature",
      "properties": {
        "municipio": "CÁCERES",
        "estado": "MATO GROSSO",
        "bioma": "Pantanal",
        "date": "2026-06-04",
        "dias_sem_chuva": 16.0,
        "precipitacao": 0.0,
        "risco_fogo": 1.0,
        "indice": 77.4,
        "classe": "atenção operacional"
      },
      "geometry": {
        "type": "Point",
        "coordinates": [
          -58.4822,
          -16.185
        ]
      }
    },
    {
      "type": "Feature",
      "properties": {
        "municipio": "CONCEIÇÃO DAS ALAGOAS",
        "estado": "MINAS GERAIS",
        "bioma": "Cerrado",
        "date": "2026-06-04",
        "dias_sem_chuva": 16.0,
        "precipitacao": 0.0,
        "risco_fogo": 1.0,
        "indice": 77.4,
        "classe": "atenção operacional"
      },
      "geometry": {
        "type": "Point",
        "coordinates": [
          -48.18961,
          -20.0245
        ]
      }
    },
    {
      "type": "Feature",
      "properties": {
        "municipio": "PONTAL",
        "estado": "SÃO PAULO",
        "bioma": "Cerrado",
        "date": "2026-06-04",
        "dias_sem_chuva": 16.0,
        "precipitacao": 0.0,
        "risco_fogo": 1.0,
        "indice": 77.4,
        "classe": "atenção operacional"
      },
      "geometry": {
        "type": "Point",
        "coordinates": [
          -48.01216,
          -20.95321
        ]
      }
    },
    {
      "type": "Feature",
      "properties": {
        "municipio": "CAMAPUÃ",
        "estado": "MATO GROSSO DO SUL",
        "bioma": "Cerrado",
        "date": "2026-06-04",
        "dias_sem_chuva": 16.0,
        "precipitacao": 0.0,
        "risco_fogo": 1.0,
        "indice": 77.4,
        "classe": "atenção operacional"
      },
      "geometry": {
        "type": "Point",
        "coordinates": [
          -53.55188,
          -19.73631
        ]
      }
    },
    {
      "type": "Feature",
      "properties": {
        "municipio": "CAMAPUÃ",
        "estado": "MATO GROSSO DO SUL",
        "bioma": "Cerrado",
        "date": "2026-06-04",
        "dias_sem_chuva": 16.0,
        "precipitacao": 0.0,
        "risco_fogo": 1.0,
        "indice": 77.4,
        "classe": "atenção operacional"
      },
      "geometry": {
        "type": "Point",
        "coordinates": [
          -53.54583,
          -19.73918
        ]
      }
    },
    {
      "type": "Feature",
      "properties": {
        "municipio": "CÁCERES",
        "estado": "MATO GROSSO",
        "bioma": "Pantanal",
        "date": "2026-06-04",
        "dias_sem_chuva": 16.0,
        "precipitacao": 0.0,
        "risco_fogo": 1.0,
        "indice": 77.4,
        "classe": "atenção operacional"
      },
      "geometry": {
        "type": "Point",
        "coordinates": [
          -58.4822,
          -16.185
        ]
      }
    },
    {
      "type": "Feature",
      "properties": {
        "municipio": "CÁCERES",
        "estado": "MATO GROSSO",
        "bioma": "Pantanal",
        "date": "2026-06-04",
        "dias_sem_chuva": 16.0,
        "precipitacao": 0.0,
        "risco_fogo": 1.0,
        "indice": 77.4,
        "classe": "atenção operacional"
      },
      "geometry": {
        "type": "Point",
        "coordinates": [
          -58.4822,
          -16.185
        ]
      }
    },
    {
      "type": "Feature",
      "properties": {
        "municipio": "CÁCERES",
        "estado": "MATO GROSSO",
        "bioma": "Pantanal",
        "date": "2026-06-04",
        "dias_sem_chuva": 16.0,
        "precipitacao": 0.0,
        "risco_fogo": 1.0,
        "indice": 77.4,
        "classe": "atenção operacional"
      },
      "geometry": {
        "type": "Point",
        "coordinates": [
          -58.4822,
          -16.185
        ]
      }
    },
    {
      "type": "Feature",
      "properties": {
        "municipio": "CÁCERES",
        "estado": "MATO GROSSO",
        "bioma": "Pantanal",
        "date": "2026-06-04",
        "dias_sem_chuva": 16.0,
        "precipitacao": 0.0,
        "risco_fogo": 1.0,
        "indice": 77.4,
        "classe": "atenção operacional"
      },
      "geometry": {
        "type": "Point",
        "coordinates": [
          -58.4822,
          -16.185
        ]
      }
    },
    {
      "type": "Feature",
      "properties": {
        "municipio": "PRATA",
        "estado": "MINAS GERAIS",
        "bioma": "Cerrado",
        "date": "2026-06-04",
        "dias_sem_chuva": 16.0,
        "precipitacao": 0.0,
        "risco_fogo": 1.0,
        "indice": 77.4,
        "classe": "atenção operacional"
      },
      "geometry": {
        "type": "Point",
        "coordinates": [
          -49.10543,
          -19.16241
        ]
      }
    },
    {
      "type": "Feature",
      "properties": {
        "municipio": "PARANATINGA",
        "estado": "MATO GROSSO",
        "bioma": "Cerrado",
        "date": "2026-06-04",
        "dias_sem_chuva": 16.0,
        "precipitacao": 0.0,
        "risco_fogo": 1.0,
        "indice": 77.4,
        "classe": "atenção operacional"
      },
      "geometry": {
        "type": "Point",
        "coordinates": [
          -53.39729,
          -14.0633
        ]
      }
    },
    {
      "type": "Feature",
      "properties": {
        "municipio": "PARANATINGA",
        "estado": "MATO GROSSO",
        "bioma": "Cerrado",
        "date": "2026-06-04",
        "dias_sem_chuva": 16.0,
        "precipitacao": 0.0,
        "risco_fogo": 1.0,
        "indice": 77.4,
        "classe": "atenção operacional"
      },
      "geometry": {
        "type": "Point",
        "coordinates": [
          -53.38265,
          -14.07673
        ]
      }
    },
    {
      "type": "Feature",
      "properties": {
        "municipio": "PARANATINGA",
        "estado": "MATO GROSSO",
        "bioma": "Cerrado",
        "date": "2026-06-04",
        "dias_sem_chuva": 16.0,
        "precipitacao": 0.0,
        "risco_fogo": 1.0,
        "indice": 77.4,
        "classe": "atenção operacional"
      },
      "geometry": {
        "type": "Point",
        "coordinates": [
          -53.39839,
          -14.06262
        ]
      }
    },
    {
      "type": "Feature",
      "properties": {
        "municipio": "CÁCERES",
        "estado": "MATO GROSSO",
        "bioma": "Pantanal",
        "date": "2026-06-04",
        "dias_sem_chuva": 16.0,
        "precipitacao": 0.0,
        "risco_fogo": 1.0,
        "indice": 77.4,
        "classe": "atenção operacional"
      },
      "geometry": {
        "type": "Point",
        "coordinates": [
          -58.4822,
          -16.185
        ]
      }
    },
    {
      "type": "Feature",
      "properties": {
        "municipio": "SÃO FÉLIX DO ARAGUAIA",
        "estado": "MATO GROSSO",
        "bioma": "Cerrado",
        "date": "2026-06-04",
        "dias_sem_chuva": 16.0,
        "precipitacao": 0.0,
        "risco_fogo": 1.0,
        "indice": 77.4,
        "classe": "atenção operacional"
      },
      "geometry": {
        "type": "Point",
        "coordinates": [
          -51.39648,
          -11.33698
        ]
      }
    },
    {
      "type": "Feature",
      "properties": {
        "municipio": "CAMAPUÃ",
        "estado": "MATO GROSSO DO SUL",
        "bioma": "Cerrado",
        "date": "2026-06-04",
        "dias_sem_chuva": 16.0,
        "precipitacao": 0.0,
        "risco_fogo": 1.0,
        "indice": 77.4,
        "classe": "atenção operacional"
      },
      "geometry": {
        "type": "Point",
        "coordinates": [
          -53.54644,
          -19.74245
        ]
      }
    },
    {
      "type": "Feature",
      "properties": {
        "municipio": "CÁCERES",
        "estado": "MATO GROSSO",
        "bioma": "Pantanal",
        "date": "2026-06-04",
        "dias_sem_chuva": 16.0,
        "precipitacao": 0.0,
        "risco_fogo": 1.0,
        "indice": 77.4,
        "classe": "atenção operacional"
      },
      "geometry": {
        "type": "Point",
        "coordinates": [
          -58.48626,
          -16.19444
        ]
      }
    },
    {
      "type": "Feature",
      "properties": {
        "municipio": "CAMAPUÃ",
        "estado": "MATO GROSSO DO SUL",
        "bioma": "Cerrado",
        "date": "2026-06-04",
        "dias_sem_chuva": 16.0,
        "precipitacao": 0.0,
        "risco_fogo": 1.0,
        "indice": 77.4,
        "classe": "atenção operacional"
      },
      "geometry": {
        "type": "Point",
        "coordinates": [
          -53.54678,
          -19.74
        ]
      }
    },
    {
      "type": "Feature",
      "properties": {
        "municipio": "PARANATINGA",
        "estado": "MATO GROSSO",
        "bioma": "Cerrado",
        "date": "2026-06-04",
        "dias_sem_chuva": 16.0,
        "precipitacao": 0.0,
        "risco_fogo": 1.0,
        "indice": 77.4,
        "classe": "atenção operacional"
      },
      "geometry": {
        "type": "Point",
        "coordinates": [
          -53.39839,
          -14.06289
        ]
      }
    },
    {
      "type": "Feature",
      "properties": {
        "municipio": "CENTRALINA",
        "estado": "MINAS GERAIS",
        "bioma": "Cerrado",
        "date": "2026-06-04",
        "dias_sem_chuva": 16.0,
        "precipitacao": 0.0,
        "risco_fogo": 1.0,
        "indice": 77.4,
        "classe": "atenção operacional"
      },
      "geometry": {
        "type": "Point",
        "coordinates": [
          -49.14359,
          -18.67147
        ]
      }
    },
    {
      "type": "Feature",
      "properties": {
        "municipio": "CAMAPUÃ",
        "estado": "MATO GROSSO DO SUL",
        "bioma": "Cerrado",
        "date": "2026-06-04",
        "dias_sem_chuva": 16.0,
        "precipitacao": 0.0,
        "risco_fogo": 1.0,
        "indice": 77.4,
        "classe": "atenção operacional"
      },
      "geometry": {
        "type": "Point",
        "coordinates": [
          -53.5441,
          -19.7311
        ]
      }
    },
    {
      "type": "Feature",
      "properties": {
        "municipio": "PARANATINGA",
        "estado": "MATO GROSSO",
        "bioma": "Cerrado",
        "date": "2026-06-04",
        "dias_sem_chuva": 16.0,
        "precipitacao": 0.0,
        "risco_fogo": 1.0,
        "indice": 77.4,
        "classe": "atenção operacional"
      },
      "geometry": {
        "type": "Point",
        "coordinates": [
          -53.383701,
          -14.0635
        ]
      }
    },
    {
      "type": "Feature",
      "properties": {
        "municipio": "PARANATINGA",
        "estado": "MATO GROSSO",
        "bioma": "Cerrado",
        "date": "2026-06-04",
        "dias_sem_chuva": 16.0,
        "precipitacao": 0.0,
        "risco_fogo": 1.0,
        "indice": 77.4,
        "classe": "atenção operacional"
      },
      "geometry": {
        "type": "Point",
        "coordinates": [
          -53.38239,
          -14.07708
        ]
      }
    },
    {
      "type": "Feature",
      "properties": {
        "municipio": "CAMAPUÃ",
        "estado": "MATO GROSSO DO SUL",
        "bioma": "Cerrado",
        "date": "2026-06-04",
        "dias_sem_chuva": 16.0,
        "precipitacao": 0.0,
        "risco_fogo": 1.0,
        "indice": 77.4,
        "classe": "atenção operacional"
      },
      "geometry": {
        "type": "Point",
        "coordinates": [
          -53.54959,
          -19.73973
        ]
      }
    },
    {
      "type": "Feature",
      "properties": {
        "municipio": "CÁCERES",
        "estado": "MATO GROSSO",
        "bioma": "Pantanal",
        "date": "2026-06-04",
        "dias_sem_chuva": 16.0,
        "precipitacao": 0.0,
        "risco_fogo": 1.0,
        "indice": 77.4,
        "classe": "atenção operacional"
      },
      "geometry": {
        "type": "Point",
        "coordinates": [
          -58.4822,
          -16.185
        ]
      }
    },
    {
      "type": "Feature",
      "properties": {
        "municipio": "CAMAPUÃ",
        "estado": "MATO GROSSO DO SUL",
        "bioma": "Cerrado",
        "date": "2026-06-04",
        "dias_sem_chuva": 16.0,
        "precipitacao": 0.0,
        "risco_fogo": 1.0,
        "indice": 77.4,
        "classe": "atenção operacional"
      },
      "geometry": {
        "type": "Point",
        "coordinates": [
          -53.5407,
          -19.7513
        ]
      }
    },
    {
      "type": "Feature",
      "properties": {
        "municipio": "CONCEIÇÃO DAS ALAGOAS",
        "estado": "MINAS GERAIS",
        "bioma": "Cerrado",
        "date": "2026-06-04",
        "dias_sem_chuva": 16.0,
        "precipitacao": 0.0,
        "risco_fogo": 1.0,
        "indice": 77.4,
        "classe": "atenção operacional"
      },
      "geometry": {
        "type": "Point",
        "coordinates": [
          -48.18959,
          -20.02182
        ]
      }
    },
    {
      "type": "Feature",
      "properties": {
        "municipio": "CAMAPUÃ",
        "estado": "MATO GROSSO DO SUL",
        "bioma": "Cerrado",
        "date": "2026-06-04",
        "dias_sem_chuva": 16.0,
        "precipitacao": 0.0,
        "risco_fogo": 1.0,
        "indice": 77.4,
        "classe": "atenção operacional"
      },
      "geometry": {
        "type": "Point",
        "coordinates": [
          -53.55082,
          -19.73455
        ]
      }
    },
    {
      "type": "Feature",
      "properties": {
        "municipio": "CORUMBÁ",
        "estado": "MATO GROSSO DO SUL",
        "bioma": "Pantanal",
        "date": "2026-06-04",
        "dias_sem_chuva": 16.0,
        "precipitacao": 0.0,
        "risco_fogo": 1.0,
        "indice": 77.4,
        "classe": "atenção operacional"
      },
      "geometry": {
        "type": "Point",
        "coordinates": [
          -55.47677,
          -17.70461
        ]
      }
    },
    {
      "type": "Feature",
      "properties": {
        "municipio": "CAMAPUÃ",
        "estado": "MATO GROSSO DO SUL",
        "bioma": "Cerrado",
        "date": "2026-06-04",
        "dias_sem_chuva": 16.0,
        "precipitacao": 0.0,
        "risco_fogo": 1.0,
        "indice": 77.4,
        "classe": "atenção operacional"
      },
      "geometry": {
        "type": "Point",
        "coordinates": [
          -53.55256,
          -19.73979
        ]
      }
    },
    {
      "type": "Feature",
      "properties": {
        "municipio": "CÁCERES",
        "estado": "MATO GROSSO",
        "bioma": "Pantanal",
        "date": "2026-06-04",
        "dias_sem_chuva": 16.0,
        "precipitacao": 0.0,
        "risco_fogo": 1.0,
        "indice": 77.4,
        "classe": "atenção operacional"
      },
      "geometry": {
        "type": "Point",
        "coordinates": [
          -58.4822,
          -16.185
        ]
      }
    },
    {
      "type": "Feature",
      "properties": {
        "municipio": "SÃO FÉLIX DO ARAGUAIA",
        "estado": "MATO GROSSO",
        "bioma": "Cerrado",
        "date": "2026-06-04",
        "dias_sem_chuva": 16.0,
        "precipitacao": 0.0,
        "risco_fogo": 1.0,
        "indice": 77.4,
        "classe": "atenção operacional"
      },
      "geometry": {
        "type": "Point",
        "coordinates": [
          -51.3941,
          -11.33021
        ]
      }
    },
    {
      "type": "Feature",
      "properties": {
        "municipio": "CAMAPUÃ",
        "estado": "MATO GROSSO DO SUL",
        "bioma": "Cerrado",
        "date": "2026-06-04",
        "dias_sem_chuva": 16.0,
        "precipitacao": 0.0,
        "risco_fogo": 1.0,
        "indice": 77.4,
        "classe": "atenção operacional"
      },
      "geometry": {
        "type": "Point",
        "coordinates": [
          -53.54784,
          -19.73701
        ]
      }
    },
    {
      "type": "Feature",
      "properties": {
        "municipio": "CAMAPUÃ",
        "estado": "MATO GROSSO DO SUL",
        "bioma": "Cerrado",
        "date": "2026-06-04",
        "dias_sem_chuva": 16.0,
        "precipitacao": 0.0,
        "risco_fogo": 1.0,
        "indice": 77.4,
        "classe": "atenção operacional"
      },
      "geometry": {
        "type": "Point",
        "coordinates": [
          -53.54851,
          -19.74049
        ]
      }
    },
    {
      "type": "Feature",
      "properties": {
        "municipio": "FLORESTA DO ARAGUAIA",
        "estado": "PARÁ",
        "bioma": "Amazônia",
        "date": "2026-06-04",
        "dias_sem_chuva": 20.0,
        "precipitacao": 0.0,
        "risco_fogo": 0.94,
        "indice": 77.3,
        "classe": "atenção operacional"
      },
      "geometry": {
        "type": "Point",
        "coordinates": [
          -49.66771,
          -7.41096
        ]
      }
    },
    {
      "type": "Feature",
      "properties": {
        "municipio": "TARAUACÁ",
        "estado": "ACRE",
        "bioma": "Amazônia",
        "date": "2026-06-04",
        "dias_sem_chuva": 16.0,
        "precipitacao": 0.19,
        "risco_fogo": 1.0,
        "indice": 77.3,
        "classe": "atenção operacional"
      },
      "geometry": {
        "type": "Point",
        "coordinates": [
          -71.47122,
          -7.94294
        ]
      }
    },
    {
      "type": "Feature",
      "properties": {
        "municipio": "LAGOA DO MATO",
        "estado": "MARANHÃO",
        "bioma": "Cerrado",
        "date": "2026-06-04",
        "dias_sem_chuva": 20.0,
        "precipitacao": 0.1,
        "risco_fogo": 0.94,
        "indice": 77.2,
        "classe": "atenção operacional"
      },
      "geometry": {
        "type": "Point",
        "coordinates": [
          -43.47734,
          -5.93053
        ]
      }
    },
    {
      "type": "Feature",
      "properties": {
        "municipio": "BALSAS",
        "estado": "MARANHÃO",
        "bioma": "Cerrado",
        "date": "2026-06-04",
        "dias_sem_chuva": 22.0,
        "precipitacao": 0.0,
        "risco_fogo": 0.91,
        "indice": 77.2,
        "classe": "atenção operacional"
      },
      "geometry": {
        "type": "Point",
        "coordinates": [
          -46.18367,
          -8.07111
        ]
      }
    },
    {
      "type": "Feature",
      "properties": {
        "municipio": "SANTANA DO PARAÍSO",
        "estado": "MINAS GERAIS",
        "bioma": "Mata Atlântica",
        "date": "2026-06-04",
        "dias_sem_chuva": 16.0,
        "precipitacao": 0.48,
        "risco_fogo": 1.0,
        "indice": 77.2,
        "classe": "atenção operacional"
      },
      "geometry": {
        "type": "Point",
        "coordinates": [
          -42.53907,
          -19.41251
        ]
      }
    },
    {
      "type": "Feature",
      "properties": {
        "municipio": "LAGOA DA CONFUSÃO",
        "estado": "TOCANTINS",
        "bioma": "Cerrado",
        "date": "2026-06-04",
        "dias_sem_chuva": 22.0,
        "precipitacao": 0.0,
        "risco_fogo": 0.91,
        "indice": 77.2,
        "classe": "atenção operacional"
      },
      "geometry": {
        "type": "Point",
        "coordinates": [
          -49.7145,
          -10.6357
        ]
      }
    },
    {
      "type": "Feature",
      "properties": {
        "municipio": "MANICORÉ",
        "estado": "AMAZONAS",
        "bioma": "Amazônia",
        "date": "2026-06-04",
        "dias_sem_chuva": 17.0,
        "precipitacao": 0.0,
        "risco_fogo": 0.98,
        "indice": 77.1,
        "classe": "atenção operacional"
      },
      "geometry": {
        "type": "Point",
        "coordinates": [
          -61.4781,
          -8.453
        ]
      }
    },
    {
      "type": "Feature",
      "properties": {
        "municipio": "NOVO ARIPUANÃ",
        "estado": "AMAZONAS",
        "bioma": "Amazônia",
        "date": "2026-06-04",
        "dias_sem_chuva": 17.0,
        "precipitacao": 0.0,
        "risco_fogo": 0.98,
        "indice": 77.1,
        "classe": "atenção operacional"
      },
      "geometry": {
        "type": "Point",
        "coordinates": [
          -61.459,
          -8.4531
        ]
      }
    },
    {
      "type": "Feature",
      "properties": {
        "municipio": "NOVO ARIPUANÃ",
        "estado": "AMAZONAS",
        "bioma": "Amazônia",
        "date": "2026-06-04",
        "dias_sem_chuva": 17.0,
        "precipitacao": 0.0,
        "risco_fogo": 0.98,
        "indice": 77.1,
        "classe": "atenção operacional"
      },
      "geometry": {
        "type": "Point",
        "coordinates": [
          -61.4599,
          -8.4345
        ]
      }
    },
    {
      "type": "Feature",
      "properties": {
        "municipio": "NOVO ARIPUANÃ",
        "estado": "AMAZONAS",
        "bioma": "Amazônia",
        "date": "2026-06-04",
        "dias_sem_chuva": 17.0,
        "precipitacao": 0.0,
        "risco_fogo": 0.98,
        "indice": 77.1,
        "classe": "atenção operacional"
      },
      "geometry": {
        "type": "Point",
        "coordinates": [
          -61.45726,
          -8.43879
        ]
      }
    },
    {
      "type": "Feature",
      "properties": {
        "municipio": "NOVO ARIPUANÃ",
        "estado": "AMAZONAS",
        "bioma": "Amazônia",
        "date": "2026-06-04",
        "dias_sem_chuva": 17.0,
        "precipitacao": 0.0,
        "risco_fogo": 0.98,
        "indice": 77.1,
        "classe": "atenção operacional"
      },
      "geometry": {
        "type": "Point",
        "coordinates": [
          -61.47313,
          -8.45137
        ]
      }
    },
    {
      "type": "Feature",
      "properties": {
        "municipio": "NOVO ARIPUANÃ",
        "estado": "AMAZONAS",
        "bioma": "Amazônia",
        "date": "2026-06-04",
        "dias_sem_chuva": 17.0,
        "precipitacao": 0.0,
        "risco_fogo": 0.98,
        "indice": 77.1,
        "classe": "atenção operacional"
      },
      "geometry": {
        "type": "Point",
        "coordinates": [
          -61.459,
          -8.4531
        ]
      }
    },
    {
      "type": "Feature",
      "properties": {
        "municipio": "NOVO ARIPUANÃ",
        "estado": "AMAZONAS",
        "bioma": "Amazônia",
        "date": "2026-06-04",
        "dias_sem_chuva": 17.0,
        "precipitacao": 0.0,
        "risco_fogo": 0.98,
        "indice": 77.1,
        "classe": "atenção operacional"
      },
      "geometry": {
        "type": "Point",
        "coordinates": [
          -61.45825,
          -8.43658
        ]
      }
    },
    {
      "type": "Feature",
      "properties": {
        "municipio": "NOVO ARIPUANÃ",
        "estado": "AMAZONAS",
        "bioma": "Amazônia",
        "date": "2026-06-04",
        "dias_sem_chuva": 17.0,
        "precipitacao": 0.0,
        "risco_fogo": 0.98,
        "indice": 77.1,
        "classe": "atenção operacional"
      },
      "geometry": {
        "type": "Point",
        "coordinates": [
          -61.46022,
          -8.44263
        ]
      }
    },
    {
      "type": "Feature",
      "properties": {
        "municipio": "MANICORÉ",
        "estado": "AMAZONAS",
        "bioma": "Amazônia",
        "date": "2026-06-04",
        "dias_sem_chuva": 17.0,
        "precipitacao": 0.0,
        "risco_fogo": 0.98,
        "indice": 77.1,
        "classe": "atenção operacional"
      },
      "geometry": {
        "type": "Point",
        "coordinates": [
          -61.47958,
          -8.45573
        ]
      }
    },
    {
      "type": "Feature",
      "properties": {
        "municipio": "NOVO ARIPUANÃ",
        "estado": "AMAZONAS",
        "bioma": "Amazônia",
        "date": "2026-06-04",
        "dias_sem_chuva": 17.0,
        "precipitacao": 0.0,
        "risco_fogo": 0.98,
        "indice": 77.1,
        "classe": "atenção operacional"
      },
      "geometry": {
        "type": "Point",
        "coordinates": [
          -61.4599,
          -8.4345
        ]
      }
    },
    {
      "type": "Feature",
      "properties": {
        "municipio": "NOVO ARIPUANÃ",
        "estado": "AMAZONAS",
        "bioma": "Amazônia",
        "date": "2026-06-04",
        "dias_sem_chuva": 17.0,
        "precipitacao": 0.0,
        "risco_fogo": 0.98,
        "indice": 77.1,
        "classe": "atenção operacional"
      },
      "geometry": {
        "type": "Point",
        "coordinates": [
          -61.462,
          -8.44162
        ]
      }
    },
    {
      "type": "Feature",
      "properties": {
        "municipio": "MANICORÉ",
        "estado": "AMAZONAS",
        "bioma": "Amazônia",
        "date": "2026-06-04",
        "dias_sem_chuva": 17.0,
        "precipitacao": 0.0,
        "risco_fogo": 0.98,
        "indice": 77.1,
        "classe": "atenção operacional"
      },
      "geometry": {
        "type": "Point",
        "coordinates": [
          -61.4781,
          -8.453
        ]
      }
    },
    {
      "type": "Feature",
      "properties": {
        "municipio": "NOVO ARIPUANÃ",
        "estado": "AMAZONAS",
        "bioma": "Amazônia",
        "date": "2026-06-04",
        "dias_sem_chuva": 17.0,
        "precipitacao": 0.0,
        "risco_fogo": 0.98,
        "indice": 77.1,
        "classe": "atenção operacional"
      },
      "geometry": {
        "type": "Point",
        "coordinates": [
          -61.459,
          -8.4531
        ]
      }
    },
    {
      "type": "Feature",
      "properties": {
        "municipio": "MANICORÉ",
        "estado": "AMAZONAS",
        "bioma": "Amazônia",
        "date": "2026-06-04",
        "dias_sem_chuva": 17.0,
        "precipitacao": 0.0,
        "risco_fogo": 0.98,
        "indice": 77.1,
        "classe": "atenção operacional"
      },
      "geometry": {
        "type": "Point",
        "coordinates": [
          -61.4781,
          -8.453
        ]
      }
    },
    {
      "type": "Feature",
      "properties": {
        "municipio": "NOVO ARIPUANÃ",
        "estado": "AMAZONAS",
        "bioma": "Amazônia",
        "date": "2026-06-04",
        "dias_sem_chuva": 17.0,
        "precipitacao": 0.0,
        "risco_fogo": 0.98,
        "indice": 77.1,
        "classe": "atenção operacional"
      },
      "geometry": {
        "type": "Point",
        "coordinates": [
          -61.459,
          -8.4531
        ]
      }
    },
    {
      "type": "Feature",
      "properties": {
        "municipio": "NOVO ARIPUANÃ",
        "estado": "AMAZONAS",
        "bioma": "Amazônia",
        "date": "2026-06-04",
        "dias_sem_chuva": 17.0,
        "precipitacao": 0.0,
        "risco_fogo": 0.98,
        "indice": 77.1,
        "classe": "atenção operacional"
      },
      "geometry": {
        "type": "Point",
        "coordinates": [
          -61.45382,
          -8.43827
        ]
      }
    },
    {
      "type": "Feature",
      "properties": {
        "municipio": "NOVO ARIPUANÃ",
        "estado": "AMAZONAS",
        "bioma": "Amazônia",
        "date": "2026-06-04",
        "dias_sem_chuva": 17.0,
        "precipitacao": 0.0,
        "risco_fogo": 0.98,
        "indice": 77.1,
        "classe": "atenção operacional"
      },
      "geometry": {
        "type": "Point",
        "coordinates": [
          -61.47263,
          -8.45468
        ]
      }
    },
    {
      "type": "Feature",
      "properties": {
        "municipio": "NOVO ARIPUANÃ",
        "estado": "AMAZONAS",
        "bioma": "Amazônia",
        "date": "2026-06-04",
        "dias_sem_chuva": 17.0,
        "precipitacao": 0.0,
        "risco_fogo": 0.98,
        "indice": 77.1,
        "classe": "atenção operacional"
      },
      "geometry": {
        "type": "Point",
        "coordinates": [
          -61.44952,
          -8.43539
        ]
      }
    },
    {
      "type": "Feature",
      "properties": {
        "municipio": "MANICORÉ",
        "estado": "AMAZONAS",
        "bioma": "Amazônia",
        "date": "2026-06-04",
        "dias_sem_chuva": 17.0,
        "precipitacao": 0.0,
        "risco_fogo": 0.98,
        "indice": 77.1,
        "classe": "atenção operacional"
      },
      "geometry": {
        "type": "Point",
        "coordinates": [
          -61.4756,
          -8.45852
        ]
      }
    },
    {
      "type": "Feature",
      "properties": {
        "municipio": "MANICORÉ",
        "estado": "AMAZONAS",
        "bioma": "Amazônia",
        "date": "2026-06-04",
        "dias_sem_chuva": 17.0,
        "precipitacao": 0.0,
        "risco_fogo": 0.98,
        "indice": 77.1,
        "classe": "atenção operacional"
      },
      "geometry": {
        "type": "Point",
        "coordinates": [
          -61.47611,
          -8.45521
        ]
      }
    },
    {
      "type": "Feature",
      "properties": {
        "municipio": "NOVO ARIPUANÃ",
        "estado": "AMAZONAS",
        "bioma": "Amazônia",
        "date": "2026-06-04",
        "dias_sem_chuva": 17.0,
        "precipitacao": 0.0,
        "risco_fogo": 0.98,
        "indice": 77.1,
        "classe": "atenção operacional"
      },
      "geometry": {
        "type": "Point",
        "coordinates": [
          -61.46965,
          -8.45084
        ]
      }
    },
    {
      "type": "Feature",
      "properties": {
        "municipio": "NOVO ARIPUANÃ",
        "estado": "AMAZONAS",
        "bioma": "Amazônia",
        "date": "2026-06-04",
        "dias_sem_chuva": 17.0,
        "precipitacao": 0.0,
        "risco_fogo": 0.98,
        "indice": 77.1,
        "classe": "atenção operacional"
      },
      "geometry": {
        "type": "Point",
        "coordinates": [
          -61.4637,
          -8.44316
        ]
      }
    },
    {
      "type": "Feature",
      "properties": {
        "municipio": "NOVO ARIPUANÃ",
        "estado": "AMAZONAS",
        "bioma": "Amazônia",
        "date": "2026-06-04",
        "dias_sem_chuva": 17.0,
        "precipitacao": 0.0,
        "risco_fogo": 0.98,
        "indice": 77.1,
        "classe": "atenção operacional"
      },
      "geometry": {
        "type": "Point",
        "coordinates": [
          -61.44,
          -8.4532
        ]
      }
    },
    {
      "type": "Feature",
      "properties": {
        "municipio": "NOVO ARIPUANÃ",
        "estado": "AMAZONAS",
        "bioma": "Amazônia",
        "date": "2026-06-04",
        "dias_sem_chuva": 17.0,
        "precipitacao": 0.0,
        "risco_fogo": 0.98,
        "indice": 77.1,
        "classe": "atenção operacional"
      },
      "geometry": {
        "type": "Point",
        "coordinates": [
          -61.4599,
          -8.4345
        ]
      }
    },
    {
      "type": "Feature",
      "properties": {
        "municipio": "NOVO ARIPUANÃ",
        "estado": "AMAZONAS",
        "bioma": "Amazônia",
        "date": "2026-06-04",
        "dias_sem_chuva": 17.0,
        "precipitacao": 0.0,
        "risco_fogo": 0.98,
        "indice": 77.1,
        "classe": "atenção operacional"
      },
      "geometry": {
        "type": "Point",
        "coordinates": [
          -61.459,
          -8.4531
        ]
      }
    },
    {
      "type": "Feature",
      "properties": {
        "municipio": "NOVO ARIPUANÃ",
        "estado": "AMAZONAS",
        "bioma": "Amazônia",
        "date": "2026-06-04",
        "dias_sem_chuva": 17.0,
        "precipitacao": 0.0,
        "risco_fogo": 0.98,
        "indice": 77.1,
        "classe": "atenção operacional"
      },
      "geometry": {
        "type": "Point",
        "coordinates": [
          -61.4599,
          -8.4345
        ]
      }
    },
    {
      "type": "Feature",
      "properties": {
        "municipio": "CÁCERES",
        "estado": "MATO GROSSO",
        "bioma": "Pantanal",
        "date": "2026-06-04",
        "dias_sem_chuva": 17.0,
        "precipitacao": 0.0,
        "risco_fogo": 0.98,
        "indice": 77.1,
        "classe": "atenção operacional"
      },
      "geometry": {
        "type": "Point",
        "coordinates": [
          -58.4599,
          -16.2047
        ]
      }
    },
    {
      "type": "Feature",
      "properties": {
        "municipio": "NOVO ARIPUANÃ",
        "estado": "AMAZONAS",
        "bioma": "Amazônia",
        "date": "2026-06-04",
        "dias_sem_chuva": 17.0,
        "precipitacao": 0.0,
        "risco_fogo": 0.98,
        "indice": 77.1,
        "classe": "atenção operacional"
      },
      "geometry": {
        "type": "Point",
        "coordinates": [
          -61.46073,
          -8.43932
        ]
      }
    },
    {
      "type": "Feature",
      "properties": {
        "municipio": "NOVO ARIPUANÃ",
        "estado": "AMAZONAS",
        "bioma": "Amazônia",
        "date": "2026-06-04",
        "dias_sem_chuva": 17.0,
        "precipitacao": 0.0,
        "risco_fogo": 0.98,
        "indice": 77.1,
        "classe": "atenção operacional"
      },
      "geometry": {
        "type": "Point",
        "coordinates": [
          -61.47016,
          -8.44753
        ]
      }
    },
    {
      "type": "Feature",
      "properties": {
        "municipio": "NOVO ARIPUANÃ",
        "estado": "AMAZONAS",
        "bioma": "Amazônia",
        "date": "2026-06-04",
        "dias_sem_chuva": 17.0,
        "precipitacao": 0.0,
        "risco_fogo": 0.98,
        "indice": 77.1,
        "classe": "atenção operacional"
      },
      "geometry": {
        "type": "Point",
        "coordinates": [
          -61.45763,
          -8.44102
        ]
      }
    },
    {
      "type": "Feature",
      "properties": {
        "municipio": "NOVO ARIPUANÃ",
        "estado": "AMAZONAS",
        "bioma": "Amazônia",
        "date": "2026-06-04",
        "dias_sem_chuva": 17.0,
        "precipitacao": 0.0,
        "risco_fogo": 0.98,
        "indice": 77.1,
        "classe": "atenção operacional"
      },
      "geometry": {
        "type": "Point",
        "coordinates": [
          -61.46951,
          -8.45172
        ]
      }
    },
    {
      "type": "Feature",
      "properties": {
        "municipio": "NOVO ARIPUANÃ",
        "estado": "AMAZONAS",
        "bioma": "Amazônia",
        "date": "2026-06-04",
        "dias_sem_chuva": 17.0,
        "precipitacao": 0.0,
        "risco_fogo": 0.98,
        "indice": 77.1,
        "classe": "atenção operacional"
      },
      "geometry": {
        "type": "Point",
        "coordinates": [
          -61.46574,
          -8.44666
        ]
      }
    },
    {
      "type": "Feature",
      "properties": {
        "municipio": "NOVO ARIPUANÃ",
        "estado": "AMAZONAS",
        "bioma": "Amazônia",
        "date": "2026-06-04",
        "dias_sem_chuva": 17.0,
        "precipitacao": 0.0,
        "risco_fogo": 0.98,
        "indice": 77.1,
        "classe": "atenção operacional"
      },
      "geometry": {
        "type": "Point",
        "coordinates": [
          -61.46138,
          -8.44606
        ]
      }
    },
    {
      "type": "Feature",
      "properties": {
        "municipio": "NOVO ARIPUANÃ",
        "estado": "AMAZONAS",
        "bioma": "Amazônia",
        "date": "2026-06-04",
        "dias_sem_chuva": 17.0,
        "precipitacao": 0.0,
        "risco_fogo": 0.98,
        "indice": 77.1,
        "classe": "atenção operacional"
      },
      "geometry": {
        "type": "Point",
        "coordinates": [
          -61.44632,
          -8.44052
        ]
      }
    },
    {
      "type": "Feature",
      "properties": {
        "municipio": "NOVO ARIPUANÃ",
        "estado": "AMAZONAS",
        "bioma": "Amazônia",
        "date": "2026-06-04",
        "dias_sem_chuva": 17.0,
        "precipitacao": 0.0,
        "risco_fogo": 0.98,
        "indice": 77.1,
        "classe": "atenção operacional"
      },
      "geometry": {
        "type": "Point",
        "coordinates": [
          -61.45675,
          -8.4421
        ]
      }
    },
    {
      "type": "Feature",
      "properties": {
        "municipio": "NOVO ARIPUANÃ",
        "estado": "AMAZONAS",
        "bioma": "Amazônia",
        "date": "2026-06-04",
        "dias_sem_chuva": 17.0,
        "precipitacao": 0.0,
        "risco_fogo": 0.98,
        "indice": 77.1,
        "classe": "atenção operacional"
      },
      "geometry": {
        "type": "Point",
        "coordinates": [
          -61.45972,
          -8.44594
        ]
      }
    },
    {
      "type": "Feature",
      "properties": {
        "municipio": "MANICORÉ",
        "estado": "AMAZONAS",
        "bioma": "Amazônia",
        "date": "2026-06-04",
        "dias_sem_chuva": 17.0,
        "precipitacao": 0.0,
        "risco_fogo": 0.98,
        "indice": 77.1,
        "classe": "atenção operacional"
      },
      "geometry": {
        "type": "Point",
        "coordinates": [
          -61.4781,
          -8.453
        ]
      }
    },
    {
      "type": "Feature",
      "properties": {
        "municipio": "NOVO ARIPUANÃ",
        "estado": "AMAZONAS",
        "bioma": "Amazônia",
        "date": "2026-06-04",
        "dias_sem_chuva": 17.0,
        "precipitacao": 0.0,
        "risco_fogo": 0.98,
        "indice": 77.1,
        "classe": "atenção operacional"
      },
      "geometry": {
        "type": "Point",
        "coordinates": [
          -61.46667,
          -8.447
        ]
      }
    },
    {
      "type": "Feature",
      "properties": {
        "municipio": "NOVO ARIPUANÃ",
        "estado": "AMAZONAS",
        "bioma": "Amazônia",
        "date": "2026-06-04",
        "dias_sem_chuva": 17.0,
        "precipitacao": 0.0,
        "risco_fogo": 0.98,
        "indice": 77.1,
        "classe": "atenção operacional"
      },
      "geometry": {
        "type": "Point",
        "coordinates": [
          -61.45388,
          -8.43598
        ]
      }
    },
    {
      "type": "Feature",
      "properties": {
        "municipio": "CÁCERES",
        "estado": "MATO GROSSO",
        "bioma": "Pantanal",
        "date": "2026-06-04",
        "dias_sem_chuva": 17.0,
        "precipitacao": 0.0,
        "risco_fogo": 0.98,
        "indice": 77.1,
        "classe": "atenção operacional"
      },
      "geometry": {
        "type": "Point",
        "coordinates": [
          -58.4599,
          -16.2047
        ]
      }
    },
    {
      "type": "Feature",
      "properties": {
        "municipio": "NOVO ARIPUANÃ",
        "estado": "AMAZONAS",
        "bioma": "Amazônia",
        "date": "2026-06-04",
        "dias_sem_chuva": 17.0,
        "precipitacao": 0.0,
        "risco_fogo": 0.98,
        "indice": 77.1,
        "classe": "atenção operacional"
      },
      "geometry": {
        "type": "Point",
        "coordinates": [
          -61.4632,
          -8.44647
        ]
      }
    },
    {
      "type": "Feature",
      "properties": {
        "municipio": "CÁCERES",
        "estado": "MATO GROSSO",
        "bioma": "Pantanal",
        "date": "2026-06-04",
        "dias_sem_chuva": 17.0,
        "precipitacao": 0.0,
        "risco_fogo": 0.98,
        "indice": 77.1,
        "classe": "atenção operacional"
      },
      "geometry": {
        "type": "Point",
        "coordinates": [
          -58.4599,
          -16.2047
        ]
      }
    },
    {
      "type": "Feature",
      "properties": {
        "municipio": "NOVO ARIPUANÃ",
        "estado": "AMAZONAS",
        "bioma": "Amazônia",
        "date": "2026-06-04",
        "dias_sem_chuva": 17.0,
        "precipitacao": 0.0,
        "risco_fogo": 0.98,
        "indice": 77.1,
        "classe": "atenção operacional"
      },
      "geometry": {
        "type": "Point",
        "coordinates": [
          -61.45034,
          -8.43774
        ]
      }
    },
    {
      "type": "Feature",
      "properties": {
        "municipio": "CÁCERES",
        "estado": "MATO GROSSO",
        "bioma": "Pantanal",
        "date": "2026-06-04",
        "dias_sem_chuva": 17.0,
        "precipitacao": 0.0,
        "risco_fogo": 0.98,
        "indice": 77.1,
        "classe": "atenção operacional"
      },
      "geometry": {
        "type": "Point",
        "coordinates": [
          -58.4599,
          -16.2047
        ]
      }
    },
    {
      "type": "Feature",
      "properties": {
        "municipio": "CÁCERES",
        "estado": "MATO GROSSO",
        "bioma": "Pantanal",
        "date": "2026-06-04",
        "dias_sem_chuva": 17.0,
        "precipitacao": 0.0,
        "risco_fogo": 0.98,
        "indice": 77.1,
        "classe": "atenção operacional"
      },
      "geometry": {
        "type": "Point",
        "coordinates": [
          -58.4599,
          -16.2047
        ]
      }
    },
    {
      "type": "Feature",
      "properties": {
        "municipio": "NOVO ARIPUANÃ",
        "estado": "AMAZONAS",
        "bioma": "Amazônia",
        "date": "2026-06-04",
        "dias_sem_chuva": 17.0,
        "precipitacao": 0.0,
        "risco_fogo": 0.98,
        "indice": 77.1,
        "classe": "atenção operacional"
      },
      "geometry": {
        "type": "Point",
        "coordinates": [
          -61.46617,
          -8.45031
        ]
      }
    },
    {
      "type": "Feature",
      "properties": {
        "municipio": "NOVO ARIPUANÃ",
        "estado": "AMAZONAS",
        "bioma": "Amazônia",
        "date": "2026-06-04",
        "dias_sem_chuva": 17.0,
        "precipitacao": 0.0,
        "risco_fogo": 0.98,
        "indice": 77.1,
        "classe": "atenção operacional"
      },
      "geometry": {
        "type": "Point",
        "coordinates": [
          -61.47012,
          -8.44727
        ]
      }
    },
    {
      "type": "Feature",
      "properties": {
        "municipio": "NOVO ARIPUANÃ",
        "estado": "AMAZONAS",
        "bioma": "Amazônia",
        "date": "2026-06-04",
        "dias_sem_chuva": 17.0,
        "precipitacao": 0.0,
        "risco_fogo": 0.98,
        "indice": 77.1,
        "classe": "atenção operacional"
      },
      "geometry": {
        "type": "Point",
        "coordinates": [
          -61.46515,
          -8.45112
        ]
      }
    },
    {
      "type": "Feature",
      "properties": {
        "municipio": "NOVO ARIPUANÃ",
        "estado": "AMAZONAS",
        "bioma": "Amazônia",
        "date": "2026-06-04",
        "dias_sem_chuva": 17.0,
        "precipitacao": 0.0,
        "risco_fogo": 0.98,
        "indice": 77.1,
        "classe": "atenção operacional"
      },
      "geometry": {
        "type": "Point",
        "coordinates": [
          -61.4599,
          -8.4345
        ]
      }
    },
    {
      "type": "Feature",
      "properties": {
        "municipio": "BABAÇULÂNDIA",
        "estado": "TOCANTINS",
        "bioma": "Cerrado",
        "date": "2026-06-04",
        "dias_sem_chuva": 17.0,
        "precipitacao": 0.0,
        "risco_fogo": 0.98,
        "indice": 77.1,
        "classe": "atenção operacional"
      },
      "geometry": {
        "type": "Point",
        "coordinates": [
          -47.72361,
          -6.99331
        ]
      }
    },
    {
      "type": "Feature",
      "properties": {
        "municipio": "MANICORÉ",
        "estado": "AMAZONAS",
        "bioma": "Amazônia",
        "date": "2026-06-04",
        "dias_sem_chuva": 17.0,
        "precipitacao": 0.0,
        "risco_fogo": 0.98,
        "indice": 77.1,
        "classe": "atenção operacional"
      },
      "geometry": {
        "type": "Point",
        "coordinates": [
          -61.4781,
          -8.453
        ]
      }
    },
    {
      "type": "Feature",
      "properties": {
        "municipio": "CAMPOS LINDOS",
        "estado": "TOCANTINS",
        "bioma": "Cerrado",
        "date": "2026-06-04",
        "dias_sem_chuva": 24.0,
        "precipitacao": 0.0,
        "risco_fogo": 0.88,
        "indice": 77.1,
        "classe": "atenção operacional"
      },
      "geometry": {
        "type": "Point",
        "coordinates": [
          -46.88769,
          -8.40124
        ]
      }
    },
    {
      "type": "Feature",
      "properties": {
        "municipio": "NOVO ARIPUANÃ",
        "estado": "AMAZONAS",
        "bioma": "Amazônia",
        "date": "2026-06-04",
        "dias_sem_chuva": 17.0,
        "precipitacao": 0.0,
        "risco_fogo": 0.98,
        "indice": 77.1,
        "classe": "atenção operacional"
      },
      "geometry": {
        "type": "Point",
        "coordinates": [
          -61.4599,
          -8.4345
        ]
      }
    },
    {
      "type": "Feature",
      "properties": {
        "municipio": "NOVO ARIPUANÃ",
        "estado": "AMAZONAS",
        "bioma": "Amazônia",
        "date": "2026-06-04",
        "dias_sem_chuva": 17.0,
        "precipitacao": 0.0,
        "risco_fogo": 0.98,
        "indice": 77.1,
        "classe": "atenção operacional"
      },
      "geometry": {
        "type": "Point",
        "coordinates": [
          -61.44683,
          -8.43721
        ]
      }
    },
    {
      "type": "Feature",
      "properties": {
        "municipio": "MANICORÉ",
        "estado": "AMAZONAS",
        "bioma": "Amazônia",
        "date": "2026-06-04",
        "dias_sem_chuva": 17.0,
        "precipitacao": 0.0,
        "risco_fogo": 0.98,
        "indice": 77.1,
        "classe": "atenção operacional"
      },
      "geometry": {
        "type": "Point",
        "coordinates": [
          -61.47908,
          -8.45905
        ]
      }
    },
    {
      "type": "Feature",
      "properties": {
        "municipio": "NOVO ARIPUANÃ",
        "estado": "AMAZONAS",
        "bioma": "Amazônia",
        "date": "2026-06-04",
        "dias_sem_chuva": 17.0,
        "precipitacao": 0.0,
        "risco_fogo": 0.98,
        "indice": 77.1,
        "classe": "atenção operacional"
      },
      "geometry": {
        "type": "Point",
        "coordinates": [
          -61.459,
          -8.4531
        ]
      }
    },
    {
      "type": "Feature",
      "properties": {
        "municipio": "JOÃO LISBOA",
        "estado": "MARANHÃO",
        "bioma": "Amazônia",
        "date": "2026-06-04",
        "dias_sem_chuva": 18.0,
        "precipitacao": 0.76,
        "risco_fogo": 0.97,
        "indice": 77.0,
        "classe": "atenção operacional"
      },
      "geometry": {
        "type": "Point",
        "coordinates": [
          -46.95118,
          -5.11212
        ]
      }
    },
    {
      "type": "Feature",
      "properties": {
        "municipio": "RIO MARIA",
        "estado": "PARÁ",
        "bioma": "Amazônia",
        "date": "2026-06-04",
        "dias_sem_chuva": 19.0,
        "precipitacao": 0.0,
        "risco_fogo": 0.95,
        "indice": 77.0,
        "classe": "atenção operacional"
      },
      "geometry": {
        "type": "Point",
        "coordinates": [
          -49.82366,
          -7.34674
        ]
      }
    },
    {
      "type": "Feature",
      "properties": {
        "municipio": "TARAUACÁ",
        "estado": "ACRE",
        "bioma": "Amazônia",
        "date": "2026-06-04",
        "dias_sem_chuva": 16.0,
        "precipitacao": 0.2,
        "risco_fogo": 0.99,
        "indice": 76.8,
        "classe": "atenção operacional"
      },
      "geometry": {
        "type": "Point",
        "coordinates": [
          -71.46641,
          -7.94454
        ]
      }
    },
    {
      "type": "Feature",
      "properties": {
        "municipio": "CÁCERES",
        "estado": "MATO GROSSO",
        "bioma": "Pantanal",
        "date": "2026-06-04",
        "dias_sem_chuva": 18.0,
        "precipitacao": 0.0,
        "risco_fogo": 0.96,
        "indice": 76.8,
        "classe": "atenção operacional"
      },
      "geometry": {
        "type": "Point",
        "coordinates": [
          -57.26511,
          -16.43888
        ]
      }
    },
    {
      "type": "Feature",
      "properties": {
        "municipio": "PARACATU",
        "estado": "MINAS GERAIS",
        "bioma": "Cerrado",
        "date": "2026-06-04",
        "dias_sem_chuva": 18.0,
        "precipitacao": 0.0,
        "risco_fogo": 0.96,
        "indice": 76.8,
        "classe": "atenção operacional"
      },
      "geometry": {
        "type": "Point",
        "coordinates": [
          -46.78367,
          -16.89301
        ]
      }
    },
    {
      "type": "Feature",
      "properties": {
        "municipio": "CÁCERES",
        "estado": "MATO GROSSO",
        "bioma": "Pantanal",
        "date": "2026-06-04",
        "dias_sem_chuva": 18.0,
        "precipitacao": 0.0,
        "risco_fogo": 0.96,
        "indice": 76.8,
        "classe": "atenção operacional"
      },
      "geometry": {
        "type": "Point",
        "coordinates": [
          -57.26543,
          -16.43898
        ]
      }
    },
    {
      "type": "Feature",
      "properties": {
        "municipio": "TARAUACÁ",
        "estado": "ACRE",
        "bioma": "Amazônia",
        "date": "2026-06-04",
        "dias_sem_chuva": 16.0,
        "precipitacao": 0.19,
        "risco_fogo": 0.99,
        "indice": 76.8,
        "classe": "atenção operacional"
      },
      "geometry": {
        "type": "Point",
        "coordinates": [
          -71.45849,
          -7.94578
        ]
      }
    },
    {
      "type": "Feature",
      "properties": {
        "municipio": "CÁCERES",
        "estado": "MATO GROSSO",
        "bioma": "Pantanal",
        "date": "2026-06-04",
        "dias_sem_chuva": 18.0,
        "precipitacao": 0.0,
        "risco_fogo": 0.96,
        "indice": 76.8,
        "classe": "atenção operacional"
      },
      "geometry": {
        "type": "Point",
        "coordinates": [
          -57.26964,
          -16.44172
        ]
      }
    },
    {
      "type": "Feature",
      "properties": {
        "municipio": "PARANATINGA",
        "estado": "MATO GROSSO",
        "bioma": "Cerrado",
        "date": "2026-06-04",
        "dias_sem_chuva": 15.0,
        "precipitacao": 0.0,
        "risco_fogo": 1.0,
        "indice": 76.7,
        "classe": "atenção operacional"
      },
      "geometry": {
        "type": "Point",
        "coordinates": [
          -53.37996,
          -14.08662
        ]
      }
    },
    {
      "type": "Feature",
      "properties": {
        "municipio": "PARANATINGA",
        "estado": "MATO GROSSO",
        "bioma": "Cerrado",
        "date": "2026-06-04",
        "dias_sem_chuva": 15.0,
        "precipitacao": 0.0,
        "risco_fogo": 1.0,
        "indice": 76.7,
        "classe": "atenção operacional"
      },
      "geometry": {
        "type": "Point",
        "coordinates": [
          -53.39093,
          -14.07943
        ]
      }
    },
    {
      "type": "Feature",
      "properties": {
        "municipio": "SÃO FÉLIX DO TOCANTINS",
        "estado": "TOCANTINS",
        "bioma": "Cerrado",
        "date": "2026-06-04",
        "dias_sem_chuva": 15.0,
        "precipitacao": 0.0,
        "risco_fogo": 1.0,
        "indice": 76.7,
        "classe": "atenção operacional"
      },
      "geometry": {
        "type": "Point",
        "coordinates": [
          -46.81874,
          -10.01133
        ]
      }
    },
    {
      "type": "Feature",
      "properties": {
        "municipio": "MOCOCA",
        "estado": "SÃO PAULO",
        "bioma": "Cerrado",
        "date": "2026-06-04",
        "dias_sem_chuva": 15.0,
        "precipitacao": 0.0,
        "risco_fogo": 1.0,
        "indice": 76.7,
        "classe": "atenção operacional"
      },
      "geometry": {
        "type": "Point",
        "coordinates": [
          -47.07829,
          -21.46339
        ]
      }
    },
    {
      "type": "Feature",
      "properties": {
        "municipio": "PONTE ALTA DO TOCANTINS",
        "estado": "TOCANTINS",
        "bioma": "Cerrado",
        "date": "2026-06-04",
        "dias_sem_chuva": 15.0,
        "precipitacao": 0.0,
        "risco_fogo": 1.0,
        "indice": 76.7,
        "classe": "atenção operacional"
      },
      "geometry": {
        "type": "Point",
        "coordinates": [
          -47.03424,
          -10.79918
        ]
      }
    },
    {
      "type": "Feature",
      "properties": {
        "municipio": "PARANATINGA",
        "estado": "MATO GROSSO",
        "bioma": "Cerrado",
        "date": "2026-06-04",
        "dias_sem_chuva": 15.0,
        "precipitacao": 0.0,
        "risco_fogo": 1.0,
        "indice": 76.7,
        "classe": "atenção operacional"
      },
      "geometry": {
        "type": "Point",
        "coordinates": [
          -53.3832,
          -14.0786
        ]
      }
    },
    {
      "type": "Feature",
      "properties": {
        "municipio": "COXIM",
        "estado": "MATO GROSSO DO SUL",
        "bioma": "Cerrado",
        "date": "2026-06-04",
        "dias_sem_chuva": 15.0,
        "precipitacao": 0.0,
        "risco_fogo": 1.0,
        "indice": 76.7,
        "classe": "atenção operacional"
      },
      "geometry": {
        "type": "Point",
        "coordinates": [
          -54.692101,
          -18.465799
        ]
      }
    },
    {
      "type": "Feature",
      "properties": {
        "municipio": "PONTE ALTA DO TOCANTINS",
        "estado": "TOCANTINS",
        "bioma": "Cerrado",
        "date": "2026-06-04",
        "dias_sem_chuva": 15.0,
        "precipitacao": 0.0,
        "risco_fogo": 1.0,
        "indice": 76.7,
        "classe": "atenção operacional"
      },
      "geometry": {
        "type": "Point",
        "coordinates": [
          -47.03257,
          -10.806
        ]
      }
    },
    {
      "type": "Feature",
      "properties": {
        "municipio": "QUIRINÓPOLIS",
        "estado": "GOIÁS",
        "bioma": "Mata Atlântica",
        "date": "2026-06-04",
        "dias_sem_chuva": 15.0,
        "precipitacao": 0.0,
        "risco_fogo": 1.0,
        "indice": 76.7,
        "classe": "atenção operacional"
      },
      "geometry": {
        "type": "Point",
        "coordinates": [
          -50.44329,
          -18.47342
        ]
      }
    },
    {
      "type": "Feature",
      "properties": {
        "municipio": "MOCOCA",
        "estado": "SÃO PAULO",
        "bioma": "Cerrado",
        "date": "2026-06-04",
        "dias_sem_chuva": 15.0,
        "precipitacao": 0.0,
        "risco_fogo": 1.0,
        "indice": 76.7,
        "classe": "atenção operacional"
      },
      "geometry": {
        "type": "Point",
        "coordinates": [
          -47.07556,
          -21.46088
        ]
      }
    },
    {
      "type": "Feature",
      "properties": {
        "municipio": "TAQUARITINGA",
        "estado": "SÃO PAULO",
        "bioma": "Cerrado",
        "date": "2026-06-04",
        "dias_sem_chuva": 15.0,
        "precipitacao": 0.0,
        "risco_fogo": 1.0,
        "indice": 76.7,
        "classe": "atenção operacional"
      },
      "geometry": {
        "type": "Point",
        "coordinates": [
          -48.53176,
          -21.42813
        ]
      }
    },
    {
      "type": "Feature",
      "properties": {
        "municipio": "SÃO FÉLIX DO ARAGUAIA",
        "estado": "MATO GROSSO",
        "bioma": "Cerrado",
        "date": "2026-06-04",
        "dias_sem_chuva": 20.0,
        "precipitacao": 0.0,
        "risco_fogo": 0.93,
        "indice": 76.7,
        "classe": "atenção operacional"
      },
      "geometry": {
        "type": "Point",
        "coordinates": [
          -51.13428,
          -11.35348
        ]
      }
    },
    {
      "type": "Feature",
      "properties": {
        "municipio": "PARANATINGA",
        "estado": "MATO GROSSO",
        "bioma": "Cerrado",
        "date": "2026-06-04",
        "dias_sem_chuva": 15.0,
        "precipitacao": 0.0,
        "risco_fogo": 1.0,
        "indice": 76.7,
        "classe": "atenção operacional"
      },
      "geometry": {
        "type": "Point",
        "coordinates": [
          -53.38446,
          -14.08119
        ]
      }
    },
    {
      "type": "Feature",
      "properties": {
        "municipio": "MOCOCA",
        "estado": "SÃO PAULO",
        "bioma": "Cerrado",
        "date": "2026-06-04",
        "dias_sem_chuva": 15.0,
        "precipitacao": 0.0,
        "risco_fogo": 1.0,
        "indice": 76.7,
        "classe": "atenção operacional"
      },
      "geometry": {
        "type": "Point",
        "coordinates": [
          -47.07572,
          -21.46496
        ]
      }
    },
    {
      "type": "Feature",
      "properties": {
        "municipio": "PARANATINGA",
        "estado": "MATO GROSSO",
        "bioma": "Cerrado",
        "date": "2026-06-04",
        "dias_sem_chuva": 15.0,
        "precipitacao": 0.0,
        "risco_fogo": 1.0,
        "indice": 76.7,
        "classe": "atenção operacional"
      },
      "geometry": {
        "type": "Point",
        "coordinates": [
          -53.38962,
          -14.08568
        ]
      }
    },
    {
      "type": "Feature",
      "properties": {
        "municipio": "ITÁPOLIS",
        "estado": "SÃO PAULO",
        "bioma": "Cerrado",
        "date": "2026-06-04",
        "dias_sem_chuva": 15.0,
        "precipitacao": 0.0,
        "risco_fogo": 1.0,
        "indice": 76.7,
        "classe": "atenção operacional"
      },
      "geometry": {
        "type": "Point",
        "coordinates": [
          -48.769001,
          -21.502701
        ]
      }
    },
    {
      "type": "Feature",
      "properties": {
        "municipio": "PONTE ALTA DO TOCANTINS",
        "estado": "TOCANTINS",
        "bioma": "Cerrado",
        "date": "2026-06-04",
        "dias_sem_chuva": 15.0,
        "precipitacao": 0.0,
        "risco_fogo": 1.0,
        "indice": 76.7,
        "classe": "atenção operacional"
      },
      "geometry": {
        "type": "Point",
        "coordinates": [
          -47.03103,
          -10.80666
        ]
      }
    },
    {
      "type": "Feature",
      "properties": {
        "municipio": "PARANATINGA",
        "estado": "MATO GROSSO",
        "bioma": "Cerrado",
        "date": "2026-06-04",
        "dias_sem_chuva": 15.0,
        "precipitacao": 0.0,
        "risco_fogo": 1.0,
        "indice": 76.7,
        "classe": "atenção operacional"
      },
      "geometry": {
        "type": "Point",
        "coordinates": [
          -53.38846,
          -14.08085
        ]
      }
    },
    {
      "type": "Feature",
      "properties": {
        "municipio": "PONTE ALTA DO TOCANTINS",
        "estado": "TOCANTINS",
        "bioma": "Cerrado",
        "date": "2026-06-04",
        "dias_sem_chuva": 15.0,
        "precipitacao": 0.0,
        "risco_fogo": 1.0,
        "indice": 76.7,
        "classe": "atenção operacional"
      },
      "geometry": {
        "type": "Point",
        "coordinates": [
          -47.02955,
          -10.80578
        ]
      }
    },
    {
      "type": "Feature",
      "properties": {
        "municipio": "PONTE ALTA DO TOCANTINS",
        "estado": "TOCANTINS",
        "bioma": "Cerrado",
        "date": "2026-06-04",
        "dias_sem_chuva": 15.0,
        "precipitacao": 0.0,
        "risco_fogo": 1.0,
        "indice": 76.7,
        "classe": "atenção operacional"
      },
      "geometry": {
        "type": "Point",
        "coordinates": [
          -47.03688,
          -10.80286
        ]
      }
    },
    {
      "type": "Feature",
      "properties": {
        "municipio": "PARANATINGA",
        "estado": "MATO GROSSO",
        "bioma": "Cerrado",
        "date": "2026-06-04",
        "dias_sem_chuva": 15.0,
        "precipitacao": 0.0,
        "risco_fogo": 1.0,
        "indice": 76.7,
        "classe": "atenção operacional"
      },
      "geometry": {
        "type": "Point",
        "coordinates": [
          -53.3879,
          -14.0852
        ]
      }
    },
    {
      "type": "Feature",
      "properties": {
        "municipio": "PARANATINGA",
        "estado": "MATO GROSSO",
        "bioma": "Cerrado",
        "date": "2026-06-04",
        "dias_sem_chuva": 15.0,
        "precipitacao": 0.0,
        "risco_fogo": 1.0,
        "indice": 76.7,
        "classe": "atenção operacional"
      },
      "geometry": {
        "type": "Point",
        "coordinates": [
          -53.38831,
          -14.08145
        ]
      }
    },
    {
      "type": "Feature",
      "properties": {
        "municipio": "PARANATINGA",
        "estado": "MATO GROSSO",
        "bioma": "Cerrado",
        "date": "2026-06-04",
        "dias_sem_chuva": 15.0,
        "precipitacao": 0.0,
        "risco_fogo": 1.0,
        "indice": 76.7,
        "classe": "atenção operacional"
      },
      "geometry": {
        "type": "Point",
        "coordinates": [
          -53.39148,
          -14.08294
        ]
      }
    },
    {
      "type": "Feature",
      "properties": {
        "municipio": "PONTE ALTA DO TOCANTINS",
        "estado": "TOCANTINS",
        "bioma": "Cerrado",
        "date": "2026-06-04",
        "dias_sem_chuva": 15.0,
        "precipitacao": 0.0,
        "risco_fogo": 1.0,
        "indice": 76.7,
        "classe": "atenção operacional"
      },
      "geometry": {
        "type": "Point",
        "coordinates": [
          -47.03547,
          -10.80194
        ]
      }
    },
    {
      "type": "Feature",
      "properties": {
        "municipio": "PONTE ALTA DO TOCANTINS",
        "estado": "TOCANTINS",
        "bioma": "Cerrado",
        "date": "2026-06-04",
        "dias_sem_chuva": 15.0,
        "precipitacao": 0.0,
        "risco_fogo": 1.0,
        "indice": 76.7,
        "classe": "atenção operacional"
      },
      "geometry": {
        "type": "Point",
        "coordinates": [
          -47.02811,
          -10.79789
        ]
      }
    },
    {
      "type": "Feature",
      "properties": {
        "municipio": "PONTE ALTA DO TOCANTINS",
        "estado": "TOCANTINS",
        "bioma": "Cerrado",
        "date": "2026-06-04",
        "dias_sem_chuva": 15.0,
        "precipitacao": 0.0,
        "risco_fogo": 1.0,
        "indice": 76.7,
        "classe": "atenção operacional"
      },
      "geometry": {
        "type": "Point",
        "coordinates": [
          -47.02597,
          -10.80573
        ]
      }
    },
    {
      "type": "Feature",
      "properties": {
        "municipio": "PONTE ALTA DO TOCANTINS",
        "estado": "TOCANTINS",
        "bioma": "Cerrado",
        "date": "2026-06-04",
        "dias_sem_chuva": 15.0,
        "precipitacao": 0.0,
        "risco_fogo": 1.0,
        "indice": 76.7,
        "classe": "atenção operacional"
      },
      "geometry": {
        "type": "Point",
        "coordinates": [
          -47.03053,
          -10.80107
        ]
      }
    },
    {
      "type": "Feature",
      "properties": {
        "municipio": "PARANATINGA",
        "estado": "MATO GROSSO",
        "bioma": "Cerrado",
        "date": "2026-06-04",
        "dias_sem_chuva": 15.0,
        "precipitacao": 0.0,
        "risco_fogo": 1.0,
        "indice": 76.7,
        "classe": "atenção operacional"
      },
      "geometry": {
        "type": "Point",
        "coordinates": [
          -53.39354,
          -14.08625
        ]
      }
    },
    {
      "type": "Feature",
      "properties": {
        "municipio": "PARANATINGA",
        "estado": "MATO GROSSO",
        "bioma": "Cerrado",
        "date": "2026-06-04",
        "dias_sem_chuva": 15.0,
        "precipitacao": 0.0,
        "risco_fogo": 1.0,
        "indice": 76.7,
        "classe": "atenção operacional"
      },
      "geometry": {
        "type": "Point",
        "coordinates": [
          -53.389,
          -14.08532
        ]
      }
    },
    {
      "type": "Feature",
      "properties": {
        "municipio": "PEDRO GOMES",
        "estado": "MATO GROSSO DO SUL",
        "bioma": "Cerrado",
        "date": "2026-06-04",
        "dias_sem_chuva": 15.0,
        "precipitacao": 0.0,
        "risco_fogo": 1.0,
        "indice": 76.7,
        "classe": "atenção operacional"
      },
      "geometry": {
        "type": "Point",
        "coordinates": [
          -54.59644,
          -18.23545
        ]
      }
    },
    {
      "type": "Feature",
      "properties": {
        "municipio": "PARANATINGA",
        "estado": "MATO GROSSO",
        "bioma": "Cerrado",
        "date": "2026-06-04",
        "dias_sem_chuva": 15.0,
        "precipitacao": 0.0,
        "risco_fogo": 1.0,
        "indice": 76.7,
        "classe": "atenção operacional"
      },
      "geometry": {
        "type": "Point",
        "coordinates": [
          -53.38802,
          -14.08703
        ]
      }
    },
    {
      "type": "Feature",
      "properties": {
        "municipio": "PARANATINGA",
        "estado": "MATO GROSSO",
        "bioma": "Cerrado",
        "date": "2026-06-04",
        "dias_sem_chuva": 15.0,
        "precipitacao": 0.0,
        "risco_fogo": 1.0,
        "indice": 76.7,
        "classe": "atenção operacional"
      },
      "geometry": {
        "type": "Point",
        "coordinates": [
          -53.38693,
          -14.08001
        ]
      }
    },
    {
      "type": "Feature",
      "properties": {
        "municipio": "PARANATINGA",
        "estado": "MATO GROSSO",
        "bioma": "Cerrado",
        "date": "2026-06-04",
        "dias_sem_chuva": 15.0,
        "precipitacao": 0.0,
        "risco_fogo": 1.0,
        "indice": 76.7,
        "classe": "atenção operacional"
      },
      "geometry": {
        "type": "Point",
        "coordinates": [
          -53.38639,
          -14.0765
        ]
      }
    },
    {
      "type": "Feature",
      "properties": {
        "municipio": "PARANATINGA",
        "estado": "MATO GROSSO",
        "bioma": "Cerrado",
        "date": "2026-06-04",
        "dias_sem_chuva": 15.0,
        "precipitacao": 0.0,
        "risco_fogo": 1.0,
        "indice": 76.7,
        "classe": "atenção operacional"
      },
      "geometry": {
        "type": "Point",
        "coordinates": [
          -53.38353,
          -14.08209
        ]
      }
    },
    {
      "type": "Feature",
      "properties": {
        "municipio": "PARANATINGA",
        "estado": "MATO GROSSO",
        "bioma": "Cerrado",
        "date": "2026-06-04",
        "dias_sem_chuva": 15.0,
        "precipitacao": 0.0,
        "risco_fogo": 1.0,
        "indice": 76.7,
        "classe": "atenção operacional"
      },
      "geometry": {
        "type": "Point",
        "coordinates": [
          -53.386501,
          -14.0847
        ]
      }
    },
    {
      "type": "Feature",
      "properties": {
        "municipio": "LAGOA DO MATO",
        "estado": "MARANHÃO",
        "bioma": "Cerrado",
        "date": "2026-06-04",
        "dias_sem_chuva": 20.0,
        "precipitacao": 0.1,
        "risco_fogo": 0.93,
        "indice": 76.7,
        "classe": "atenção operacional"
      },
      "geometry": {
        "type": "Point",
        "coordinates": [
          -43.48038,
          -5.92956
        ]
      }
    },
    {
      "type": "Feature",
      "properties": {
        "municipio": "LAGOA DO MATO",
        "estado": "MARANHÃO",
        "bioma": "Cerrado",
        "date": "2026-06-04",
        "dias_sem_chuva": 20.0,
        "precipitacao": 0.1,
        "risco_fogo": 0.93,
        "indice": 76.7,
        "classe": "atenção operacional"
      },
      "geometry": {
        "type": "Point",
        "coordinates": [
          -43.47548,
          -5.92889
        ]
      }
    },
    {
      "type": "Feature",
      "properties": {
        "municipio": "PARANATINGA",
        "estado": "MATO GROSSO",
        "bioma": "Cerrado",
        "date": "2026-06-04",
        "dias_sem_chuva": 15.0,
        "precipitacao": 0.0,
        "risco_fogo": 1.0,
        "indice": 76.7,
        "classe": "atenção operacional"
      },
      "geometry": {
        "type": "Point",
        "coordinates": [
          -53.39458,
          -14.08248
        ]
      }
    },
    {
      "type": "Feature",
      "properties": {
        "municipio": "PARANATINGA",
        "estado": "MATO GROSSO",
        "bioma": "Cerrado",
        "date": "2026-06-04",
        "dias_sem_chuva": 15.0,
        "precipitacao": 0.0,
        "risco_fogo": 1.0,
        "indice": 76.7,
        "classe": "atenção operacional"
      },
      "geometry": {
        "type": "Point",
        "coordinates": [
          -53.39202,
          -14.08644
        ]
      }
    },
    {
      "type": "Feature",
      "properties": {
        "municipio": "PARANATINGA",
        "estado": "MATO GROSSO",
        "bioma": "Cerrado",
        "date": "2026-06-04",
        "dias_sem_chuva": 15.0,
        "precipitacao": 0.0,
        "risco_fogo": 1.0,
        "indice": 76.7,
        "classe": "atenção operacional"
      },
      "geometry": {
        "type": "Point",
        "coordinates": [
          -53.38789,
          -14.08287
        ]
      }
    },
    {
      "type": "Feature",
      "properties": {
        "municipio": "PARANATINGA",
        "estado": "MATO GROSSO",
        "bioma": "Cerrado",
        "date": "2026-06-04",
        "dias_sem_chuva": 15.0,
        "precipitacao": 0.0,
        "risco_fogo": 1.0,
        "indice": 76.7,
        "classe": "atenção operacional"
      },
      "geometry": {
        "type": "Point",
        "coordinates": [
          -53.38332,
          -14.08041
        ]
      }
    },
    {
      "type": "Feature",
      "properties": {
        "municipio": "PARANATINGA",
        "estado": "MATO GROSSO",
        "bioma": "Cerrado",
        "date": "2026-06-04",
        "dias_sem_chuva": 15.0,
        "precipitacao": 0.0,
        "risco_fogo": 1.0,
        "indice": 76.7,
        "classe": "atenção operacional"
      },
      "geometry": {
        "type": "Point",
        "coordinates": [
          -53.38776,
          -14.07965
        ]
      }
    },
    {
      "type": "Feature",
      "properties": {
        "municipio": "PARANATINGA",
        "estado": "MATO GROSSO",
        "bioma": "Cerrado",
        "date": "2026-06-04",
        "dias_sem_chuva": 15.0,
        "precipitacao": 0.0,
        "risco_fogo": 1.0,
        "indice": 76.7,
        "classe": "atenção operacional"
      },
      "geometry": {
        "type": "Point",
        "coordinates": [
          -53.38843,
          -14.08333
        ]
      }
    },
    {
      "type": "Feature",
      "properties": {
        "municipio": "PARANATINGA",
        "estado": "MATO GROSSO",
        "bioma": "Cerrado",
        "date": "2026-06-04",
        "dias_sem_chuva": 15.0,
        "precipitacao": 0.0,
        "risco_fogo": 1.0,
        "indice": 76.7,
        "classe": "atenção operacional"
      },
      "geometry": {
        "type": "Point",
        "coordinates": [
          -53.3891,
          -14.08701
        ]
      }
    },
    {
      "type": "Feature",
      "properties": {
        "municipio": "PARANATINGA",
        "estado": "MATO GROSSO",
        "bioma": "Cerrado",
        "date": "2026-06-04",
        "dias_sem_chuva": 15.0,
        "precipitacao": 0.0,
        "risco_fogo": 1.0,
        "indice": 76.7,
        "classe": "atenção operacional"
      },
      "geometry": {
        "type": "Point",
        "coordinates": [
          -53.38955,
          -14.08655
        ]
      }
    },
    {
      "type": "Feature",
      "properties": {
        "municipio": "PARACATU",
        "estado": "MINAS GERAIS",
        "bioma": "Cerrado",
        "date": "2026-06-04",
        "dias_sem_chuva": 15.0,
        "precipitacao": 0.0,
        "risco_fogo": 1.0,
        "indice": 76.7,
        "classe": "atenção operacional"
      },
      "geometry": {
        "type": "Point",
        "coordinates": [
          -47.14764,
          -16.92775
        ]
      }
    },
    {
      "type": "Feature",
      "properties": {
        "municipio": "PARANATINGA",
        "estado": "MATO GROSSO",
        "bioma": "Cerrado",
        "date": "2026-06-04",
        "dias_sem_chuva": 15.0,
        "precipitacao": 0.0,
        "risco_fogo": 1.0,
        "indice": 76.7,
        "classe": "atenção operacional"
      },
      "geometry": {
        "type": "Point",
        "coordinates": [
          -53.38803,
          -14.08174
        ]
      }
    },
    {
      "type": "Feature",
      "properties": {
        "municipio": "ITÁPOLIS",
        "estado": "SÃO PAULO",
        "bioma": "Cerrado",
        "date": "2026-06-04",
        "dias_sem_chuva": 15.0,
        "precipitacao": 0.0,
        "risco_fogo": 1.0,
        "indice": 76.7,
        "classe": "atenção operacional"
      },
      "geometry": {
        "type": "Point",
        "coordinates": [
          -48.77889,
          -21.49786
        ]
      }
    },
    {
      "type": "Feature",
      "properties": {
        "municipio": "PAU D'ARCO",
        "estado": "TOCANTINS",
        "bioma": "Amazônia",
        "date": "2026-06-04",
        "dias_sem_chuva": 15.0,
        "precipitacao": 0.0,
        "risco_fogo": 1.0,
        "indice": 76.7,
        "classe": "atenção operacional"
      },
      "geometry": {
        "type": "Point",
        "coordinates": [
          -49.29102,
          -7.49496
        ]
      }
    },
    {
      "type": "Feature",
      "properties": {
        "municipio": "IPIRANGA DO NORTE",
        "estado": "MATO GROSSO",
        "bioma": "Cerrado",
        "date": "2026-06-04",
        "dias_sem_chuva": 15.0,
        "precipitacao": 0.0,
        "risco_fogo": 1.0,
        "indice": 76.7,
        "classe": "atenção operacional"
      },
      "geometry": {
        "type": "Point",
        "coordinates": [
          -56.08135,
          -12.07036
        ]
      }
    },
    {
      "type": "Feature",
      "properties": {
        "municipio": "PONTE ALTA DO TOCANTINS",
        "estado": "TOCANTINS",
        "bioma": "Cerrado",
        "date": "2026-06-04",
        "dias_sem_chuva": 15.0,
        "precipitacao": 0.0,
        "risco_fogo": 1.0,
        "indice": 76.7,
        "classe": "atenção operacional"
      },
      "geometry": {
        "type": "Point",
        "coordinates": [
          -47.02895,
          -10.79837
        ]
      }
    },
    {
      "type": "Feature",
      "properties": {
        "municipio": "PARANATINGA",
        "estado": "MATO GROSSO",
        "bioma": "Cerrado",
        "date": "2026-06-04",
        "dias_sem_chuva": 15.0,
        "precipitacao": 0.0,
        "risco_fogo": 1.0,
        "indice": 76.7,
        "classe": "atenção operacional"
      },
      "geometry": {
        "type": "Point",
        "coordinates": [
          -53.38527,
          -14.08602
        ]
      }
    },
    {
      "type": "Feature",
      "properties": {
        "municipio": "PONTE ALTA DO TOCANTINS",
        "estado": "TOCANTINS",
        "bioma": "Cerrado",
        "date": "2026-06-04",
        "dias_sem_chuva": 15.0,
        "precipitacao": 0.0,
        "risco_fogo": 1.0,
        "indice": 76.7,
        "classe": "atenção operacional"
      },
      "geometry": {
        "type": "Point",
        "coordinates": [
          -47.03509,
          -10.79962
        ]
      }
    },
    {
      "type": "Feature",
      "properties": {
        "municipio": "PARANATINGA",
        "estado": "MATO GROSSO",
        "bioma": "Cerrado",
        "date": "2026-06-04",
        "dias_sem_chuva": 15.0,
        "precipitacao": 0.0,
        "risco_fogo": 1.0,
        "indice": 76.7,
        "classe": "atenção operacional"
      },
      "geometry": {
        "type": "Point",
        "coordinates": [
          -53.40314,
          -14.06852
        ]
      }
    },
    {
      "type": "Feature",
      "properties": {
        "municipio": "PARANATINGA",
        "estado": "MATO GROSSO",
        "bioma": "Cerrado",
        "date": "2026-06-04",
        "dias_sem_chuva": 15.0,
        "precipitacao": 0.0,
        "risco_fogo": 1.0,
        "indice": 76.7,
        "classe": "atenção operacional"
      },
      "geometry": {
        "type": "Point",
        "coordinates": [
          -53.38708,
          -14.07597
        ]
      }
    },
    {
      "type": "Feature",
      "properties": {
        "municipio": "PARANATINGA",
        "estado": "MATO GROSSO",
        "bioma": "Cerrado",
        "date": "2026-06-04",
        "dias_sem_chuva": 15.0,
        "precipitacao": 0.0,
        "risco_fogo": 1.0,
        "indice": 76.7,
        "classe": "atenção operacional"
      },
      "geometry": {
        "type": "Point",
        "coordinates": [
          -53.38293,
          -14.08059
        ]
      }
    },
    {
      "type": "Feature",
      "properties": {
        "municipio": "PARANATINGA",
        "estado": "MATO GROSSO",
        "bioma": "Cerrado",
        "date": "2026-06-04",
        "dias_sem_chuva": 15.0,
        "precipitacao": 0.0,
        "risco_fogo": 1.0,
        "indice": 76.7,
        "classe": "atenção operacional"
      },
      "geometry": {
        "type": "Point",
        "coordinates": [
          -53.39319,
          -14.09198
        ]
      }
    },
    {
      "type": "Feature",
      "properties": {
        "municipio": "PARANATINGA",
        "estado": "MATO GROSSO",
        "bioma": "Cerrado",
        "date": "2026-06-04",
        "dias_sem_chuva": 15.0,
        "precipitacao": 0.0,
        "risco_fogo": 1.0,
        "indice": 76.7,
        "classe": "atenção operacional"
      },
      "geometry": {
        "type": "Point",
        "coordinates": [
          -53.38708,
          -14.08725
        ]
      }
    },
    {
      "type": "Feature",
      "properties": {
        "municipio": "PARANATINGA",
        "estado": "MATO GROSSO",
        "bioma": "Cerrado",
        "date": "2026-06-04",
        "dias_sem_chuva": 15.0,
        "precipitacao": 0.0,
        "risco_fogo": 1.0,
        "indice": 76.7,
        "classe": "atenção operacional"
      },
      "geometry": {
        "type": "Point",
        "coordinates": [
          -53.38464,
          -14.08089
        ]
      }
    },
    {
      "type": "Feature",
      "properties": {
        "municipio": "PARANATINGA",
        "estado": "MATO GROSSO",
        "bioma": "Cerrado",
        "date": "2026-06-04",
        "dias_sem_chuva": 15.0,
        "precipitacao": 0.0,
        "risco_fogo": 1.0,
        "indice": 76.7,
        "classe": "atenção operacional"
      },
      "geometry": {
        "type": "Point",
        "coordinates": [
          -53.39233,
          -14.07934
        ]
      }
    },
    {
      "type": "Feature",
      "properties": {
        "municipio": "PEDRO GOMES",
        "estado": "MATO GROSSO DO SUL",
        "bioma": "Cerrado",
        "date": "2026-06-04",
        "dias_sem_chuva": 15.0,
        "precipitacao": 0.0,
        "risco_fogo": 1.0,
        "indice": 76.7,
        "classe": "atenção operacional"
      },
      "geometry": {
        "type": "Point",
        "coordinates": [
          -54.5947,
          -18.23689
        ]
      }
    },
    {
      "type": "Feature",
      "properties": {
        "municipio": "PARANATINGA",
        "estado": "MATO GROSSO",
        "bioma": "Cerrado",
        "date": "2026-06-04",
        "dias_sem_chuva": 15.0,
        "precipitacao": 0.0,
        "risco_fogo": 1.0,
        "indice": 76.7,
        "classe": "atenção operacional"
      },
      "geometry": {
        "type": "Point",
        "coordinates": [
          -53.38848,
          -14.08011
        ]
      }
    },
    {
      "type": "Feature",
      "properties": {
        "municipio": "PONTE ALTA DO TOCANTINS",
        "estado": "TOCANTINS",
        "bioma": "Cerrado",
        "date": "2026-06-04",
        "dias_sem_chuva": 15.0,
        "precipitacao": 0.0,
        "risco_fogo": 1.0,
        "indice": 76.7,
        "classe": "atenção operacional"
      },
      "geometry": {
        "type": "Point",
        "coordinates": [
          -47.03342,
          -10.80645
        ]
      }
    },
    {
      "type": "Feature",
      "properties": {
        "municipio": "PONTE ALTA DO TOCANTINS",
        "estado": "TOCANTINS",
        "bioma": "Cerrado",
        "date": "2026-06-04",
        "dias_sem_chuva": 15.0,
        "precipitacao": 0.0,
        "risco_fogo": 1.0,
        "indice": 76.7,
        "classe": "atenção operacional"
      },
      "geometry": {
        "type": "Point",
        "coordinates": [
          -47.03195,
          -10.80195
        ]
      }
    },
    {
      "type": "Feature",
      "properties": {
        "municipio": "PEDRO GOMES",
        "estado": "MATO GROSSO DO SUL",
        "bioma": "Cerrado",
        "date": "2026-06-04",
        "dias_sem_chuva": 15.0,
        "precipitacao": 0.0,
        "risco_fogo": 1.0,
        "indice": 76.7,
        "classe": "atenção operacional"
      },
      "geometry": {
        "type": "Point",
        "coordinates": [
          -54.59566,
          -18.23632
        ]
      }
    },
    {
      "type": "Feature",
      "properties": {
        "municipio": "COROADOS",
        "estado": "SÃO PAULO",
        "bioma": "Mata Atlântica",
        "date": "2026-06-04",
        "dias_sem_chuva": 15.0,
        "precipitacao": 0.0,
        "risco_fogo": 1.0,
        "indice": 76.7,
        "classe": "atenção operacional"
      },
      "geometry": {
        "type": "Point",
        "coordinates": [
          -50.287102,
          -21.2617
        ]
      }
    },
    {
      "type": "Feature",
      "properties": {
        "municipio": "PEDRO GOMES",
        "estado": "MATO GROSSO DO SUL",
        "bioma": "Cerrado",
        "date": "2026-06-04",
        "dias_sem_chuva": 15.0,
        "precipitacao": 0.0,
        "risco_fogo": 1.0,
        "indice": 76.7,
        "classe": "atenção operacional"
      },
      "geometry": {
        "type": "Point",
        "coordinates": [
          -54.59745,
          -18.23723
        ]
      }
    },
    {
      "type": "Feature",
      "properties": {
        "municipio": "PARANATINGA",
        "estado": "MATO GROSSO",
        "bioma": "Cerrado",
        "date": "2026-06-04",
        "dias_sem_chuva": 15.0,
        "precipitacao": 0.0,
        "risco_fogo": 1.0,
        "indice": 76.7,
        "classe": "atenção operacional"
      },
      "geometry": {
        "type": "Point",
        "coordinates": [
          -53.39287,
          -14.08257
        ]
      }
    },
    {
      "type": "Feature",
      "properties": {
        "municipio": "PONTE ALTA DO TOCANTINS",
        "estado": "TOCANTINS",
        "bioma": "Cerrado",
        "date": "2026-06-04",
        "dias_sem_chuva": 15.0,
        "precipitacao": 0.0,
        "risco_fogo": 1.0,
        "indice": 76.7,
        "classe": "atenção operacional"
      },
      "geometry": {
        "type": "Point",
        "coordinates": [
          -47.02704,
          -10.80516
        ]
      }
    },
    {
      "type": "Feature",
      "properties": {
        "municipio": "PARANATINGA",
        "estado": "MATO GROSSO",
        "bioma": "Cerrado",
        "date": "2026-06-04",
        "dias_sem_chuva": 15.0,
        "precipitacao": 0.0,
        "risco_fogo": 1.0,
        "indice": 76.7,
        "classe": "atenção operacional"
      },
      "geometry": {
        "type": "Point",
        "coordinates": [
          -53.38748,
          -14.08352
        ]
      }
    },
    {
      "type": "Feature",
      "properties": {
        "municipio": "ITUMBIARA",
        "estado": "GOIÁS",
        "bioma": "Cerrado",
        "date": "2026-06-04",
        "dias_sem_chuva": 15.0,
        "precipitacao": 0.0,
        "risco_fogo": 1.0,
        "indice": 76.7,
        "classe": "atenção operacional"
      },
      "geometry": {
        "type": "Point",
        "coordinates": [
          -49.7591,
          -18.2961
        ]
      }
    },
    {
      "type": "Feature",
      "properties": {
        "municipio": "ITUMBIARA",
        "estado": "GOIÁS",
        "bioma": "Cerrado",
        "date": "2026-06-04",
        "dias_sem_chuva": 15.0,
        "precipitacao": 0.0,
        "risco_fogo": 1.0,
        "indice": 76.7,
        "classe": "atenção operacional"
      },
      "geometry": {
        "type": "Point",
        "coordinates": [
          -49.7404,
          -18.2767
        ]
      }
    },
    {
      "type": "Feature",
      "properties": {
        "municipio": "PARANATINGA",
        "estado": "MATO GROSSO",
        "bioma": "Cerrado",
        "date": "2026-06-04",
        "dias_sem_chuva": 15.0,
        "precipitacao": 0.0,
        "risco_fogo": 1.0,
        "indice": 76.7,
        "classe": "atenção operacional"
      },
      "geometry": {
        "type": "Point",
        "coordinates": [
          -53.38749,
          -14.08507
        ]
      }
    },
    {
      "type": "Feature",
      "properties": {
        "municipio": "PARANATINGA",
        "estado": "MATO GROSSO",
        "bioma": "Cerrado",
        "date": "2026-06-04",
        "dias_sem_chuva": 15.0,
        "precipitacao": 0.0,
        "risco_fogo": 1.0,
        "indice": 76.7,
        "classe": "atenção operacional"
      },
      "geometry": {
        "type": "Point",
        "coordinates": [
          -53.39219,
          -14.07889
        ]
      }
    },
    {
      "type": "Feature",
      "properties": {
        "municipio": "PARANATINGA",
        "estado": "MATO GROSSO",
        "bioma": "Cerrado",
        "date": "2026-06-04",
        "dias_sem_chuva": 15.0,
        "precipitacao": 0.0,
        "risco_fogo": 1.0,
        "indice": 76.7,
        "classe": "atenção operacional"
      },
      "geometry": {
        "type": "Point",
        "coordinates": [
          -53.3832,
          -14.0786
        ]
      }
    },
    {
      "type": "Feature",
      "properties": {
        "municipio": "PARANATINGA",
        "estado": "MATO GROSSO",
        "bioma": "Cerrado",
        "date": "2026-06-04",
        "dias_sem_chuva": 15.0,
        "precipitacao": 0.0,
        "risco_fogo": 1.0,
        "indice": 76.7,
        "classe": "atenção operacional"
      },
      "geometry": {
        "type": "Point",
        "coordinates": [
          -53.38393,
          -14.08452
        ]
      }
    },
    {
      "type": "Feature",
      "properties": {
        "municipio": "LIZARDA",
        "estado": "TOCANTINS",
        "bioma": "Cerrado",
        "date": "2026-06-04",
        "dias_sem_chuva": 15.0,
        "precipitacao": 0.2,
        "risco_fogo": 1.0,
        "indice": 76.6,
        "classe": "atenção operacional"
      },
      "geometry": {
        "type": "Point",
        "coordinates": [
          -46.77862,
          -9.74847
        ]
      }
    },
    {
      "type": "Feature",
      "properties": {
        "municipio": "LIZARDA",
        "estado": "TOCANTINS",
        "bioma": "Cerrado",
        "date": "2026-06-04",
        "dias_sem_chuva": 15.0,
        "precipitacao": 0.2,
        "risco_fogo": 1.0,
        "indice": 76.6,
        "classe": "atenção operacional"
      },
      "geometry": {
        "type": "Point",
        "coordinates": [
          -46.77502,
          -9.7479
        ]
      }
    },
    {
      "type": "Feature",
      "properties": {
        "municipio": "LIZARDA",
        "estado": "TOCANTINS",
        "bioma": "Cerrado",
        "date": "2026-06-04",
        "dias_sem_chuva": 15.0,
        "precipitacao": 0.2,
        "risco_fogo": 1.0,
        "indice": 76.6,
        "classe": "atenção operacional"
      },
      "geometry": {
        "type": "Point",
        "coordinates": [
          -46.77667,
          -9.75242
        ]
      }
    },
    {
      "type": "Feature",
      "properties": {
        "municipio": "LIZARDA",
        "estado": "TOCANTINS",
        "bioma": "Cerrado",
        "date": "2026-06-04",
        "dias_sem_chuva": 15.0,
        "precipitacao": 0.2,
        "risco_fogo": 1.0,
        "indice": 76.6,
        "classe": "atenção operacional"
      },
      "geometry": {
        "type": "Point",
        "coordinates": [
          -46.77707,
          -9.74677
        ]
      }
    },
    {
      "type": "Feature",
      "properties": {
        "municipio": "BALSAS",
        "estado": "MARANHÃO",
        "bioma": "Cerrado",
        "date": "2026-06-04",
        "dias_sem_chuva": 17.0,
        "precipitacao": 0.0,
        "risco_fogo": 0.97,
        "indice": 76.6,
        "classe": "atenção operacional"
      },
      "geometry": {
        "type": "Point",
        "coordinates": [
          -46.83488,
          -8.92703
        ]
      }
    },
    {
      "type": "Feature",
      "properties": {
        "municipio": "LIZARDA",
        "estado": "TOCANTINS",
        "bioma": "Cerrado",
        "date": "2026-06-04",
        "dias_sem_chuva": 15.0,
        "precipitacao": 0.2,
        "risco_fogo": 1.0,
        "indice": 76.6,
        "classe": "atenção operacional"
      },
      "geometry": {
        "type": "Point",
        "coordinates": [
          -46.77692,
          -9.74791
        ]
      }
    },
    {
      "type": "Feature",
      "properties": {
        "municipio": "BALSAS",
        "estado": "MARANHÃO",
        "bioma": "Cerrado",
        "date": "2026-06-04",
        "dias_sem_chuva": 22.0,
        "precipitacao": 0.0,
        "risco_fogo": 0.9,
        "indice": 76.6,
        "classe": "atenção operacional"
      },
      "geometry": {
        "type": "Point",
        "coordinates": [
          -46.20095,
          -8.06671
        ]
      }
    },
    {
      "type": "Feature",
      "properties": {
        "municipio": "CAMPOS LINDOS",
        "estado": "TOCANTINS",
        "bioma": "Cerrado",
        "date": "2026-06-04",
        "dias_sem_chuva": 24.0,
        "precipitacao": 0.0,
        "risco_fogo": 0.87,
        "indice": 76.5,
        "classe": "atenção operacional"
      },
      "geometry": {
        "type": "Point",
        "coordinates": [
          -46.79294,
          -8.3677
        ]
      }
    },
    {
      "type": "Feature",
      "properties": {
        "municipio": "GOIATINS",
        "estado": "TOCANTINS",
        "bioma": "Cerrado",
        "date": "2026-06-04",
        "dias_sem_chuva": 21.0,
        "precipitacao": 0.0,
        "risco_fogo": 0.91,
        "indice": 76.4,
        "classe": "atenção operacional"
      },
      "geometry": {
        "type": "Point",
        "coordinates": [
          -47.54472,
          -8.4047
        ]
      }
    },
    {
      "type": "Feature",
      "properties": {
        "municipio": "TUPIRATINS",
        "estado": "TOCANTINS",
        "bioma": "Cerrado",
        "date": "2026-06-04",
        "dias_sem_chuva": 20.0,
        "precipitacao": 0.0,
        "risco_fogo": 0.92,
        "indice": 76.2,
        "classe": "atenção operacional"
      },
      "geometry": {
        "type": "Point",
        "coordinates": [
          -48.23762,
          -8.2686
        ]
      }
    },
    {
      "type": "Feature",
      "properties": {
        "municipio": "LUCIARA",
        "estado": "MATO GROSSO",
        "bioma": "Cerrado",
        "date": "2026-06-04",
        "dias_sem_chuva": 20.0,
        "precipitacao": 0.0,
        "risco_fogo": 0.92,
        "indice": 76.2,
        "classe": "atenção operacional"
      },
      "geometry": {
        "type": "Point",
        "coordinates": [
          -51.01537,
          -11.16065
        ]
      }
    },
    {
      "type": "Feature",
      "properties": {
        "municipio": "APARECIDA DO RIO NEGRO",
        "estado": "TOCANTINS",
        "bioma": "Cerrado",
        "date": "2026-06-04",
        "dias_sem_chuva": 28.0,
        "precipitacao": 0.2,
        "risco_fogo": 0.81,
        "indice": 76.2,
        "classe": "atenção operacional"
      },
      "geometry": {
        "type": "Point",
        "coordinates": [
          -48.00625,
          -9.93223
        ]
      }
    },
    {
      "type": "Feature",
      "properties": {
        "municipio": "GUARDA-MOR",
        "estado": "MINAS GERAIS",
        "bioma": "Cerrado",
        "date": "2026-06-04",
        "dias_sem_chuva": 15.0,
        "precipitacao": 0.0,
        "risco_fogo": 0.99,
        "indice": 76.1,
        "classe": "atenção operacional"
      },
      "geometry": {
        "type": "Point",
        "coordinates": [
          -47.25696,
          -17.49631
        ]
      }
    },
    {
      "type": "Feature",
      "properties": {
        "municipio": "GUARDA-MOR",
        "estado": "MINAS GERAIS",
        "bioma": "Cerrado",
        "date": "2026-06-04",
        "dias_sem_chuva": 15.0,
        "precipitacao": 0.0,
        "risco_fogo": 0.99,
        "indice": 76.1,
        "classe": "atenção operacional"
      },
      "geometry": {
        "type": "Point",
        "coordinates": [
          -47.25819,
          -17.49285
        ]
      }
    },
    {
      "type": "Feature",
      "properties": {
        "municipio": "GUARDA-MOR",
        "estado": "MINAS GERAIS",
        "bioma": "Cerrado",
        "date": "2026-06-04",
        "dias_sem_chuva": 15.0,
        "precipitacao": 0.0,
        "risco_fogo": 0.99,
        "indice": 76.1,
        "classe": "atenção operacional"
      },
      "geometry": {
        "type": "Point",
        "coordinates": [
          -47.25621,
          -17.49928
        ]
      }
    },
    {
      "type": "Feature",
      "properties": {
        "municipio": "GUARDA-MOR",
        "estado": "MINAS GERAIS",
        "bioma": "Cerrado",
        "date": "2026-06-04",
        "dias_sem_chuva": 15.0,
        "precipitacao": 0.0,
        "risco_fogo": 0.99,
        "indice": 76.1,
        "classe": "atenção operacional"
      },
      "geometry": {
        "type": "Point",
        "coordinates": [
          -47.25227,
          -17.49667
        ]
      }
    },
    {
      "type": "Feature",
      "properties": {
        "municipio": "GUARDA-MOR",
        "estado": "MINAS GERAIS",
        "bioma": "Cerrado",
        "date": "2026-06-04",
        "dias_sem_chuva": 15.0,
        "precipitacao": 0.0,
        "risco_fogo": 0.99,
        "indice": 76.1,
        "classe": "atenção operacional"
      },
      "geometry": {
        "type": "Point",
        "coordinates": [
          -47.25568,
          -17.49936
        ]
      }
    },
    {
      "type": "Feature",
      "properties": {
        "municipio": "GUARDA-MOR",
        "estado": "MINAS GERAIS",
        "bioma": "Cerrado",
        "date": "2026-06-04",
        "dias_sem_chuva": 15.0,
        "precipitacao": 0.0,
        "risco_fogo": 0.99,
        "indice": 76.1,
        "classe": "atenção operacional"
      },
      "geometry": {
        "type": "Point",
        "coordinates": [
          -47.25749,
          -17.49298
        ]
      }
    },
    {
      "type": "Feature",
      "properties": {
        "municipio": "GUARDA-MOR",
        "estado": "MINAS GERAIS",
        "bioma": "Cerrado",
        "date": "2026-06-04",
        "dias_sem_chuva": 15.0,
        "precipitacao": 0.0,
        "risco_fogo": 0.99,
        "indice": 76.1,
        "classe": "atenção operacional"
      },
      "geometry": {
        "type": "Point",
        "coordinates": [
          -47.25344,
          -17.49626
        ]
      }
    },
    {
      "type": "Feature",
      "properties": {
        "municipio": "GOIANORTE",
        "estado": "TOCANTINS",
        "bioma": "Cerrado",
        "date": "2026-06-04",
        "dias_sem_chuva": 27.0,
        "precipitacao": 0.0,
        "risco_fogo": 0.82,
        "indice": 76.1,
        "classe": "atenção operacional"
      },
      "geometry": {
        "type": "Point",
        "coordinates": [
          -49.07135,
          -8.69234
        ]
      }
    },
    {
      "type": "Feature",
      "properties": {
        "municipio": "GUARDA-MOR",
        "estado": "MINAS GERAIS",
        "bioma": "Cerrado",
        "date": "2026-06-04",
        "dias_sem_chuva": 15.0,
        "precipitacao": 0.0,
        "risco_fogo": 0.99,
        "indice": 76.1,
        "classe": "atenção operacional"
      },
      "geometry": {
        "type": "Point",
        "coordinates": [
          -47.2533,
          -17.49578
        ]
      }
    },
    {
      "type": "Feature",
      "properties": {
        "municipio": "CÁCERES",
        "estado": "MATO GROSSO",
        "bioma": "Pantanal",
        "date": "2026-06-04",
        "dias_sem_chuva": 17.0,
        "precipitacao": 0.0,
        "risco_fogo": 0.96,
        "indice": 76.0,
        "classe": "atenção operacional"
      },
      "geometry": {
        "type": "Point",
        "coordinates": [
          -58.46875,
          -16.1985
        ]
      }
    },
    {
      "type": "Feature",
      "properties": {
        "municipio": "NOVO ARIPUANÃ",
        "estado": "AMAZONAS",
        "bioma": "Amazônia",
        "date": "2026-06-04",
        "dias_sem_chuva": 17.0,
        "precipitacao": 0.0,
        "risco_fogo": 0.96,
        "indice": 76.0,
        "classe": "atenção operacional"
      },
      "geometry": {
        "type": "Point",
        "coordinates": [
          -61.4225,
          -8.4163
        ]
      }
    },
    {
      "type": "Feature",
      "properties": {
        "municipio": "NOVO ARIPUANÃ",
        "estado": "AMAZONAS",
        "bioma": "Amazônia",
        "date": "2026-06-04",
        "dias_sem_chuva": 17.0,
        "precipitacao": 0.0,
        "risco_fogo": 0.96,
        "indice": 76.0,
        "classe": "atenção operacional"
      },
      "geometry": {
        "type": "Point",
        "coordinates": [
          -61.4225,
          -8.4163
        ]
      }
    },
    {
      "type": "Feature",
      "properties": {
        "municipio": "NOVO ARIPUANÃ",
        "estado": "AMAZONAS",
        "bioma": "Amazônia",
        "date": "2026-06-04",
        "dias_sem_chuva": 17.0,
        "precipitacao": 0.0,
        "risco_fogo": 0.96,
        "indice": 76.0,
        "classe": "atenção operacional"
      },
      "geometry": {
        "type": "Point",
        "coordinates": [
          -61.4225,
          -8.4163
        ]
      }
    },
    {
      "type": "Feature",
      "properties": {
        "municipio": "PORTO VELHO",
        "estado": "RONDÔNIA",
        "bioma": "Amazônia",
        "date": "2026-06-04",
        "dias_sem_chuva": 17.0,
        "precipitacao": 0.0,
        "risco_fogo": 0.96,
        "indice": 76.0,
        "classe": "atenção operacional"
      },
      "geometry": {
        "type": "Point",
        "coordinates": [
          -64.69881,
          -9.42342
        ]
      }
    },
    {
      "type": "Feature",
      "properties": {
        "municipio": "NOVO ARIPUANÃ",
        "estado": "AMAZONAS",
        "bioma": "Amazônia",
        "date": "2026-06-04",
        "dias_sem_chuva": 17.0,
        "precipitacao": 0.0,
        "risco_fogo": 0.96,
        "indice": 76.0,
        "classe": "atenção operacional"
      },
      "geometry": {
        "type": "Point",
        "coordinates": [
          -61.4408,
          -8.4347
        ]
      }
    },
    {
      "type": "Feature",
      "properties": {
        "municipio": "CAROLINA",
        "estado": "MARANHÃO",
        "bioma": "Cerrado",
        "date": "2026-06-04",
        "dias_sem_chuva": 17.0,
        "precipitacao": 0.0,
        "risco_fogo": 0.96,
        "indice": 76.0,
        "classe": "atenção operacional"
      },
      "geometry": {
        "type": "Point",
        "coordinates": [
          -47.54951,
          -7.13481
        ]
      }
    },
    {
      "type": "Feature",
      "properties": {
        "municipio": "NOVO ARIPUANÃ",
        "estado": "AMAZONAS",
        "bioma": "Amazônia",
        "date": "2026-06-04",
        "dias_sem_chuva": 17.0,
        "precipitacao": 0.0,
        "risco_fogo": 0.96,
        "indice": 76.0,
        "classe": "atenção operacional"
      },
      "geometry": {
        "type": "Point",
        "coordinates": [
          -61.4408,
          -8.4347
        ]
      }
    },
    {
      "type": "Feature",
      "properties": {
        "municipio": "NOVO ARIPUANÃ",
        "estado": "AMAZONAS",
        "bioma": "Amazônia",
        "date": "2026-06-04",
        "dias_sem_chuva": 17.0,
        "precipitacao": 0.0,
        "risco_fogo": 0.96,
        "indice": 76.0,
        "classe": "atenção operacional"
      },
      "geometry": {
        "type": "Point",
        "coordinates": [
          -61.4225,
          -8.4163
        ]
      }
    },
    {
      "type": "Feature",
      "properties": {
        "municipio": "APARECIDA DO RIO NEGRO",
        "estado": "TOCANTINS",
        "bioma": "Cerrado",
        "date": "2026-06-04",
        "dias_sem_chuva": 27.0,
        "precipitacao": 0.2,
        "risco_fogo": 0.82,
        "indice": 76.0,
        "classe": "atenção operacional"
      },
      "geometry": {
        "type": "Point",
        "coordinates": [
          -47.99705,
          -9.92519
        ]
      }
    },
    {
      "type": "Feature",
      "properties": {
        "municipio": "NOVO ARIPUANÃ",
        "estado": "AMAZONAS",
        "bioma": "Amazônia",
        "date": "2026-06-04",
        "dias_sem_chuva": 17.0,
        "precipitacao": 0.0,
        "risco_fogo": 0.96,
        "indice": 76.0,
        "classe": "atenção operacional"
      },
      "geometry": {
        "type": "Point",
        "coordinates": [
          -61.4408,
          -8.4347
        ]
      }
    },
    {
      "type": "Feature",
      "properties": {
        "municipio": "PONTE ALTA DO TOCANTINS",
        "estado": "TOCANTINS",
        "bioma": "Cerrado",
        "date": "2026-06-04",
        "dias_sem_chuva": 14.0,
        "precipitacao": 0.0,
        "risco_fogo": 1.0,
        "indice": 75.9,
        "classe": "atenção operacional"
      },
      "geometry": {
        "type": "Point",
        "coordinates": [
          -47.02157,
          -10.81587
        ]
      }
    },
    {
      "type": "Feature",
      "properties": {
        "municipio": "MATÃO",
        "estado": "SÃO PAULO",
        "bioma": "Cerrado",
        "date": "2026-06-04",
        "dias_sem_chuva": 14.0,
        "precipitacao": 0.0,
        "risco_fogo": 1.0,
        "indice": 75.9,
        "classe": "atenção operacional"
      },
      "geometry": {
        "type": "Point",
        "coordinates": [
          -48.60032,
          -21.55331
        ]
      }
    }
  ]
}